episode,service_quality,mitigation_efficiency,attack_leakage,collateral_damage,sla_violation,shield_repair,defender_reward,attacker_reward,attack_intensity,protocol
0,1.0,0.0,1.0,0.0,0,0.0,-1.0,0.5999999642372131,1.0,0
0,1.0,0.0,1.0,0.0,0,0.0,-1.0,0.925000011920929,0.3,1
0,1.0,0.0,1.0,0.0,0,0.0,-1.0,0.875,0.5,3
0,1.0,0.0,1.0,0.0,0,0.0,-1.0,0.9500000476837158,0.2,0
0,1.0,0.0,1.0,0.0,0,0.0,-1.0,0.925000011920929,0.3,1
0,1.0,0.0,1.0,0.0,0,0.0,-1.0,0.550000011920929,1.0,1
0,1.0,0.0,1.0,0.0,0,0.0,-1.0,0.875,0.5,0
0,1.0,0.0,1.0,0.0,0,0.0,-1.0,0.9100000262260437,0.2,0
0,1.0,0.0,1.0,0.0,0,0.0,-1.0,0.9500000476837158,0.2,3
0,1.0,0.0,1.0,0.0,0,0.0,-1.0,0.6800000071525574,0.8,3
0,1.0,0.0,1.0,0.0,0,0.0,-1.0,0.925000011920929,0.3,1
0,1.0,1.0,0.0,0.0,0,0.0,1.0,0.0,0.0,0
0,1.0,0.0,1.0,0.0,0,0.0,-1.0,0.9200000166893005,0.2,3
0,1.0,0.0,1.0,0.0,0,0.0,-1.0,0.7749999761581421,0.5,0
0,1.0,0.0,1.0,0.0,0,0.0,-1.0,0.9099999666213989,0.3,0
0,0.9838293,0.07276811450719833,0.9272318482398987,0.016170694,0,0.0,-0.9078269600868225,0.8522318601608276,0.3,3
0,1.0,1.0,0.0,0.0,0,0.0,0.9991914629936218,0.0,0.0,0
0,1.0,0.0,1.0,0.0,0,0.0,-1.0,0.6399999856948853,0.8,1
0,1.0,0.0,1.0,0.0,0,0.0,-1.0,0.7000000476837158,1.0,2
0,1.0,1.0,0.0,0.0,0,0.0,1.0,0.0,0.0,0
0,1.0,0.0,1.0,0.0,0,0.0,-1.0,0.800000011920929,0.8,1
0,1.0,0.0,1.0,0.0,0,0.0,-1.0,0.5999999642372131,1.0,2
0,1.0,0.0,1.0,0.0,0,0.0,-1.0,0.9500000476837158,0.2,3
0,1.0,0.0,1.0,0.0,0,0.0,-1.0,0.925000011920929,0.3,0
0,1.0,0.0,1.0,0.0,0,0.0,-1.0,0.7599999904632568,0.8,0
0,1.0,0.0,1.0,0.0,0,0.0,-1.0,0.9200000166893005,0.2,1
0,1.0,1.0,0.0,0.0,0,0.0,1.0,0.0,0.0,0
0,1.0,0.0,1.0,0.0,0,0.0,-1.0,0.940000057220459,0.2,0
0,1.0,0.0,1.0,0.0,0,0.0,-1.0,0.875,0.5,3
0,1.0,0.0,1.0,0.0,0,0.0,-1.0,0.940000057220459,0.2,2
0,1.0,1.0,0.0,0.0,0,0.0,1.0,0.0,0.0,0
0,1.0,0.0,1.0,0.0,0,0.0,-1.0,0.800000011920929,0.8,2
0,1.0,0.0,1.0,0.0,0,0.0,-1.0,0.6800000071525574,0.8,1
0,1.0,0.0,1.0,0.0,0,0.0,-1.0,0.75,1.0,2
0,1.0,0.0,1.0,0.0,0,0.0,-1.0,0.9099999666213989,0.3,3
0,1.0,1.0,0.0,0.0,0,0.0,1.0,0.0,0.0,0
0,1.0,0.0,1.0,0.0,0,0.0,-1.0,0.7000000476837158,1.0,0
0,1.0,0.0,1.0,0.0,0,0.0,-1.0,0.9099999666213989,0.3,0
0,1.0,1.0,0.0,0.0,0,0.0,1.0,0.0,0.0,0
0,1.0,0.0,1.0,0.0,0,0.0,-1.0,0.6800000071525574,0.8,3
0,1.0,0.0,1.0,0.0,0,0.0,-1.0,0.8500000238418579,0.5,0
0,1.0,0.0,1.0,0.0,0,0.0,-1.0,0.800000011920929,0.8,1
0,1.0,0.0,1.0,0.0,0,0.0,-1.0,0.5999999642372131,1.0,3
0,1.0,0.0,1.0,0.0,0,0.0,-1.0,0.7599999904632568,0.8,0
0,1.0,0.0,1.0,0.0,0,0.0,-1.0,0.940000057220459,0.2,3
0,1.0,0.0,1.0,0.0,0,0.0,-1.0,0.875,0.5,2
0,1.0,0.0,1.0,0.0,0,0.0,-1.0,0.5999999642372131,1.0,0
0,1.0,0.0,1.0,0.0,0,0.0,-1.0,0.925000011920929,0.3,0
0,1.0,0.0,1.0,0.0,0,0.0,-1.0,0.9099999666213989,0.3,0
0,1.0,0.0,1.0,0.0,0,0.0,-1.0,0.8500000238418579,0.5,0
0,1.0,0.0,1.0,0.0,0,0.0,-1.0,0.925000011920929,0.3,1
0,1.0,0.0,1.0,0.0,0,0.0,-1.0,0.6800000071525574,0.8,1
0,1.0,0.0,1.0,0.0,0,0.0,-1.0,0.925000011920929,0.3,1
0,1.0,1.0,0.0,0.0,0,0.0,1.0,0.0,0.0,0
0,0.9421971,0.260113000869751,0.739886999130249,0.057802893,1,0.0,-5.670523643493652,0.49988698959350586,0.8,0
0,1.0,1.0,0.0,0.0,0,0.0,0.9971098303794861,0.0,0.0,0
0,1.0,0.0,1.0,0.0,0,0.0,-1.0,0.925000011920929,0.3,1
0,1.0,0.0,1.0,0.0,0,0.0,-1.0,0.925000011920929,0.3,1
0,1.0,0.0,1.0,0.0,0,0.0,-1.0,0.7599999904632568,0.8,0
0,1.0,1.0,0.0,0.0,0,0.0,1.0,0.0,0.0,0
0,1.0,0.0,1.0,0.0,0,0.0,-1.0,0.6800000071525574,0.8,2
0,1.0,0.0,1.0,0.0,0,0.0,-1.0,0.7999999523162842,0.5,1
0,1.0,1.0,0.0,0.0,0,0.0,1.0,0.0,0.0,0
0,1.0,0.0,1.0,0.0,0,0.0,-1.0,0.9500000476837158,0.2,1
0,1.0,0.0,1.0,0.0,0,0.0,-1.0,0.7000000476837158,1.0,3
0,1.0,0.0,1.0,0.0,0,0.0,-1.0,0.6800000071525574,0.8,2
0,1.0,0.0,1.0,0.0,0,0.0,-1.0,0.8500000238418579,0.5,1
0,1.0,0.0,1.0,0.0,0,0.0,-1.0,0.9500000476837158,0.2,1
0,1.0,0.0,1.0,0.0,0,0.0,-1.0,0.7599999904632568,0.8,3
0,1.0,0.0,1.0,0.0,0,0.0,-1.0,0.800000011920929,0.8,1
0,1.0,0.0,1.0,0.0,0,0.0,-1.0,0.9099999666213989,0.3,0
0,1.0,0.0,1.0,0.0,0,0.0,-1.0,0.9500000476837158,0.2,1
0,1.0,0.0,1.0,0.0,0,0.0,-1.0,0.550000011920929,1.0,1
0,1.0,1.0,0.0,0.0,0,0.0,1.0,0.0,0.0,0
0,1.0,0.0,1.0,0.0,0,0.0,-1.0,0.875,0.5,1
0,1.0,0.0,1.0,0.0,0,0.0,-1.0,0.9099999666213989,0.3,1
0,1.0,0.0,1.0,0.0,0,0.0,-1.0,0.9200000166893005,0.2,0
0,1.0,1.0,0.0,0.0,0,0.0,1.0,0.0,0.0,0
0,1.0,0.0,1.0,0.0,0,0.0,-1.0,0.7000000476837158,1.0,3
0,1.0,0.0,1.0,0.0,0,0.0,-1.0,0.9500000476837158,0.2,1
0,1.0,0.0,1.0,0.0,0,0.0,-1.0,0.9100000262260437,0.2,1
0,1.0,0.0,1.0,0.0,0,0.0,-1.0,0.925000011920929,0.3,3
0,1.0,0.0,1.0,0.0,0,0.0,-1.0,0.9099999666213989,0.3,2
0,1.0,1.0,0.0,0.0,0,0.0,1.0,0.0,0.0,0
0,1.0,1.0,0.0,0.0,0,0.0,1.0,0.0,0.0,0
0,1.0,0.0,1.0,0.0,0,0.0,-1.0,0.940000057220459,0.2,3
0,1.0,0.0,1.0,0.0,0,0.0,-1.0,0.940000057220459,0.2,1
0,1.0,0.0,1.0,0.0,0,0.0,-1.0,0.925000011920929,0.3,1
0,1.0,0.0,1.0,0.0,0,0.0,-1.0,0.7000000476837158,1.0,1
0,1.0,0.0,1.0,0.0,0,0.0,-1.0,0.8500000238418579,0.5,1
0,1.0,0.0,1.0,0.0,0,0.0,-1.0,0.940000057220459,0.2,3
0,1.0,0.0,1.0,0.0,0,0.0,-1.0,0.7999999523162842,0.5,1
0,1.0,0.0,1.0,0.0,0,0.0,-1.0,0.875,0.5,1
0,1.0,1.0,0.0,0.0,0,0.0,1.0,0.0,0.0,0
0,1.0,0.0,1.0,0.0,0,0.0,-1.0,0.9099999666213989,0.3,2
0,1.0,1.0,0.0,0.0,0,0.0,1.0,0.0,0.0,0
0,1.0,1.0,0.0,0.0,0,0.0,1.0,0.0,0.0,0
0,1.0,0.0,1.0,0.0,0,0.0,-1.0,0.875,0.5,0
0,1.0,0.0,1.0,0.0,0,0.0,-1.0,0.7999999523162842,0.5,1
0,1.0,0.0,1.0,0.0,0,0.0,-1.0,0.75,1.0,0
0,1.0,0.0,1.0,0.0,0,0.0,-1.0,0.5999999642372131,1.0,2
0,1.0,0.0,1.0,0.0,0,0.0,-1.0,0.925000011920929,0.3,1
0,1.0,0.0,1.0,0.0,0,0.0,-1.0,0.9500000476837158,0.2,0
0,1.0,0.0,1.0,0.0,0,0.0,-1.0,0.7749999761581421,0.5,1
0,1.0,0.0,1.0,0.0,0,0.0,-1.0,0.940000057220459,0.2,3
0,1.0,1.0,0.0,0.0,0,0.0,1.0,0.0,0.0,0
0,1.0,0.0,1.0,0.0,0,0.0,-1.0,0.6800000071525574,0.8,2
0,1.0,0.0,1.0,0.0,0,0.0,-1.0,0.9200000166893005,0.2,2
0,1.0,0.0,1.0,0.0,0,0.0,-1.0,0.7599999904632568,0.8,0
0,1.0,0.0,1.0,0.0,0,0.0,-1.0,0.6800000071525574,0.8,2
0,1.0,1.0,0.0,0.0,0,0.0,1.0,0.0,0.0,0
0,1.0,0.0,1.0,0.0,0,0.0,-1.0,0.800000011920929,0.8,3
0,1.0,1.0,0.0,0.0,0,0.0,1.0,0.0,0.0,0
0,1.0,1.0,0.0,0.0,0,0.0,1.0,0.0,0.0,0
0,1.0,0.0,1.0,0.0,0,0.0,-1.0,0.75,1.0,3
0,1.0,0.0,1.0,0.0,0,0.0,-1.0,0.7000000476837158,1.0,1
0,1.0,1.0,0.0,0.0,0,0.0,1.0,0.0,0.0,0
0,1.0,0.0,1.0,0.0,0,0.0,-1.0,0.6800000071525574,0.8,3
0,1.0,1.0,0.0,0.0,0,0.0,1.0,0.0,0.0,0
0,1.0,1.0,0.0,0.0,0,0.0,1.0,0.0,0.0,0
0,1.0,0.0,1.0,0.0,0,0.0,-1.0,0.800000011920929,0.8,3
0,1.0,0.0,1.0,0.0,0,0.0,-1.0,0.925000011920929,0.3,1
0,1.0,0.0,1.0,0.0,0,0.0,-1.0,0.8500000238418579,0.5,2
0,1.0,0.0,1.0,0.0,0,0.0,-1.0,0.9500000476837158,0.2,2
0,1.0,0.0,1.0,0.0,0,0.0,-1.0,0.550000011920929,1.0,0
0,1.0,1.0,0.0,0.0,0,0.0,1.0,0.0,0.0,0
0,1.0,0.0,1.0,0.0,0,0.0,-1.0,0.75,1.0,2
0,1.0,0.0,1.0,0.0,0,0.0,-1.0,0.925000011920929,0.3,2
0,1.0,0.0,1.0,0.0,0,0.0,-1.0,0.875,0.5,2
0,1.0,1.0,0.0,0.0,0,0.0,1.0,0.0,0.0,0
0,1.0,0.0,1.0,0.0,0,0.0,-1.0,0.875,0.5,3
0,1.0,0.0,1.0,0.0,0,0.0,-1.0,0.9500000476837158,0.2,0
0,1.0,0.0,1.0,0.0,0,0.0,-1.0,0.925000011920929,0.3,0
0,1.0,1.0,0.0,0.0,0,0.0,1.0,0.0,0.0,0
0,1.0,1.0,0.0,0.0,0,0.0,1.0,0.0,0.0,0
0,1.0,0.0,1.0,0.0,0,0.0,-1.0,0.6399999856948853,0.8,2
0,1.0,0.0,1.0,0.0,0,0.0,-1.0,0.9200000166893005,0.2,0
0,1.0,0.0,1.0,0.0,0,0.0,-1.0,0.75,1.0,0
0,1.0,1.0,0.0,0.0,0,0.0,1.0,0.0,0.0,0
0,1.0,1.0,0.0,0.0,0,0.0,1.0,0.0,0.0,0
0,1.0,0.0,1.0,0.0,0,0.0,-1.0,0.6399999856948853,0.8,2
0,1.0,0.0,1.0,0.0,0,0.0,-1.0,0.6399999856948853,0.8,2
0,1.0,0.0,1.0,0.0,0,0.0,-1.0,0.875,0.5,0
0,1.0,0.0,1.0,0.0,0,0.0,-1.0,0.800000011920929,0.8,0
0,1.0,0.0,1.0,0.0,0,0.0,-1.0,0.9500000476837158,0.2,2
0,1.0,0.0,1.0,0.0,0,0.0,-1.0,0.940000057220459,0.2,1
0,1.0,0.0,1.0,0.0,0,0.0,-1.0,0.9099999666213989,0.3,1
0,1.0,0.0,1.0,0.0,0,0.0,-1.0,0.9099999666213989,0.3,3
0,1.0,0.0,1.0,0.0,0,0.0,-1.0,0.940000057220459,0.2,2
0,1.0,0.0,1.0,0.0,0,0.0,-1.0,0.940000057220459,0.2,0
0,1.0,1.0,0.0,0.0,0,0.0,1.0,0.0,0.0,0
0,1.0,0.0,1.0,0.0,0,0.0,-1.0,0.940000057220459,0.2,0
0,1.0,0.0,1.0,0.0,0,0.0,-1.0,0.875,0.5,0
0,1.0,1.0,0.0,0.0,0,0.0,1.0,0.0,0.0,0
0,1.0,0.0,1.0,0.0,0,0.0,-1.0,0.940000057220459,0.2,3
0,1.0,0.0,1.0,0.0,0,0.0,-1.0,0.940000057220459,0.2,3
0,1.0,1.0,0.0,0.0,0,0.0,1.0,0.0,0.0,0
0,1.0,0.0,1.0,0.0,0,0.0,-1.0,0.9100000262260437,0.2,2
0,1.0,0.0,1.0,0.0,0,0.0,-1.0,0.9200000166893005,0.2,2
0,1.0,1.0,0.0,0.0,0,0.0,1.0,0.0,0.0,0
0,1.0,0.0,1.0,0.0,0,0.0,-1.0,0.875,0.5,0
0,1.0,1.0,0.0,0.0,0,0.0,1.0,0.0,0.0,0
0,1.0,0.0,1.0,0.0,0,0.0,-1.0,0.800000011920929,0.8,0
0,1.0,0.0,1.0,0.0,0,0.0,-1.0,0.9099999666213989,0.3,3
0,1.0,0.0,1.0,0.0,0,0.0,-1.0,0.9500000476837158,0.2,3
0,1.0,0.0,1.0,0.0,0,0.0,-1.0,0.6800000071525574,0.8,2
0,1.0,0.0,1.0,0.0,0,0.0,-1.0,0.9500000476837158,0.2,1
0,1.0,0.0,1.0,0.0,0,0.0,-1.0,0.875,0.5,3
0,1.0,1.0,0.0,0.0,0,0.0,1.0,0.0,0.0,0
0,1.0,0.0,1.0,0.0,0,0.0,-1.0,0.7000000476837158,1.0,3
0,1.0,0.0,1.0,0.0,0,0.0,-1.0,0.7599999904632568,0.8,1
0,1.0,0.0,1.0,0.0,0,0.0,-1.0,0.6800000071525574,0.8,3
0,1.0,0.0,1.0,0.0,0,0.0,-1.0,0.7599999904632568,0.8,2
0,1.0,0.0,1.0,0.0,0,0.0,-1.0,0.6800000071525574,0.8,0
0,1.0,0.0,1.0,0.0,0,0.0,-1.0,0.875,0.5,1
0,1.0,1.0,0.0,0.0,0,0.0,1.0,0.0,0.0,0
0,1.0,0.0,1.0,0.0,0,0.0,-1.0,0.875,0.5,0
0,1.0,0.0,1.0,0.0,0,0.0,-1.0,0.925000011920929,0.3,2
0,1.0,0.0,1.0,0.0,0,0.0,-1.0,0.550000011920929,1.0,3
0,1.0,0.0,1.0,0.0,0,0.0,-1.0,0.75,1.0,2
0,1.0,0.0,1.0,0.0,0,0.0,-1.0,0.550000011920929,1.0,3
0,1.0,0.0,1.0,0.0,0,0.0,-1.0,0.7000000476837158,1.0,0
0,1.0,0.0,1.0,0.0,0,0.0,-1.0,0.9500000476837158,0.2,2
0,1.0,0.0,1.0,0.0,0,0.0,-1.0,0.75,1.0,0
0,1.0,0.0,1.0,0.0,0,0.0,-1.0,0.800000011920929,0.8,3
0,1.0,0.0,1.0,0.0,0,0.0,-1.0,0.800000011920929,0.8,3
0,1.0,1.0,0.0,0.0,0,0.0,1.0,0.0,0.0,0
0,1.0,1.0,0.0,0.0,0,0.0,1.0,0.0,0.0,0
0,1.0,1.0,0.0,0.0,0,0.0,1.0,0.0,0.0,0
0,1.0,0.0,1.0,0.0,0,0.0,-1.0,0.800000011920929,0.8,2
0,1.0,0.0,1.0,0.0,0,0.0,-1.0,0.7999999523162842,0.5,3
0,1.0,1.0,0.0,0.0,0,0.0,1.0,0.0,0.0,0
0,1.0,1.0,0.0,0.0,0,0.0,1.0,0.0,0.0,0
0,1.0,0.0,1.0,0.0,0,0.0,-1.0,0.9500000476837158,0.2,0
0,1.0,1.0,0.0,0.0,0,0.0,1.0,0.0,0.0,0
0,1.0,0.0,1.0,0.0,0,0.0,-1.0,0.925000011920929,0.3,0
0,1.0,0.0,1.0,0.0,0,0.0,-1.0,0.940000057220459,0.2,1
0,1.0,0.0,1.0,0.0,0,0.0,-1.0,0.7000000476837158,1.0,2
0,1.0,0.0,1.0,0.0,0,0.0,-1.0,0.925000011920929,0.3,2
0,1.0,1.0,0.0,0.0,0,0.0,1.0,0.0,0.0,0
0,1.0,0.0,1.0,0.0,0,0.0,-1.0,0.6800000071525574,0.8,3
0,1.0,0.0,1.0,0.0,0,0.0,-1.0,0.925000011920929,0.3,0
0,1.0,0.0,1.0,0.0,0,0.0,-1.0,0.875,0.5,0
0,1.0,0.0,1.0,0.0,0,0.0,-1.0,0.875,0.5,1
0,1.0,0.0,1.0,0.0,0,0.0,-1.0,0.925000011920929,0.3,1
0,1.0,0.0,1.0,0.0,0,0.0,-1.0,0.9500000476837158,0.2,3
0,1.0,0.0,1.0,0.0,0,0.0,-1.0,0.875,0.5,0
0,1.0,0.0,1.0,0.0,0,0.0,-1.0,0.5999999642372131,1.0,2
0,1.0,0.0,1.0,0.0,0,0.0,-1.0,0.925000011920929,0.3,1
0,1.0,0.0,1.0,0.0,0,0.0,-1.0,0.7599999904632568,0.8,2
0,1.0,0.0,1.0,0.0,0,0.0,-1.0,0.800000011920929,0.8,0
0,1.0,0.0,1.0,0.0,0,0.0,-1.0,0.875,0.5,1
0,1.0,1.0,0.0,0.0,0,0.0,1.0,0.0,0.0,0
0,1.0,0.0,1.0,0.0,0,0.0,-1.0,0.940000057220459,0.2,1
0,1.0,0.0,1.0,0.0,0,0.0,-1.0,0.7999999523162842,0.5,1
0,1.0,1.0,0.0,0.0,0,0.0,1.0,0.0,0.0,0
0,1.0,0.0,1.0,0.0,0,0.0,-1.0,0.7999999523162842,0.5,1
0,1.0,1.0,0.0,0.0,0,0.0,1.0,0.0,0.0,0
0,1.0,1.0,0.0,0.0,0,0.0,1.0,0.0,0.0,0
0,1.0,1.0,0.0,0.0,0,0.0,1.0,0.0,0.0,0
0,1.0,1.0,0.0,0.0,0,0.0,1.0,0.0,0.0,0
0,1.0,0.0,1.0,0.0,0,0.0,-1.0,0.7749999761581421,0.5,0
0,1.0,1.0,0.0,0.0,0,0.0,1.0,0.0,0.0,0
0,1.0,1.0,0.0,0.0,0,0.0,1.0,0.0,0.0,0
0,1.0,0.0,1.0,0.0,0,0.0,-1.0,0.9200000166893005,0.2,0
0,1.0,0.0,1.0,0.0,0,0.0,-1.0,0.6800000071525574,0.8,0
0,1.0,0.0,1.0,0.0,0,0.0,-1.0,0.800000011920929,0.8,3
0,1.0,0.0,1.0,0.0,0,0.0,-1.0,0.6399999856948853,0.8,3
0,0.949474,0.2273671180009842,0.772632896900177,0.050526023,1,0.0,-5.712001323699951,0.6926329135894775,0.2,0
0,1.0,1.0,0.0,0.0,0,0.0,0.9974737167358398,0.0,0.0,0
0,1.0,0.0,1.0,0.0,0,0.0,-1.0,0.925000011920929,0.3,2
0,1.0,0.0,1.0,0.0,0,0.0,-1.0,0.9500000476837158,0.2,2
0,1.0,0.0,1.0,0.0,0,0.0,-1.0,0.9099999666213989,0.3,0
0,1.0,1.0,0.0,0.0,0,0.0,1.0,0.0,0.0,0
0,1.0,1.0,0.0,0.0,0,0.0,1.0,0.0,0.0,0
0,1.0,0.0,1.0,0.0,0,0.0,-1.0,0.550000011920929,1.0,0
0,1.0,0.0,1.0,0.0,0,0.0,-1.0,0.800000011920929,0.8,2
0,1.0,0.0,1.0,0.0,0,0.0,-1.0,0.9200000166893005,0.2,0
0,1.0,0.0,1.0,0.0,0,0.0,-1.0,0.925000011920929,0.3,1
0,1.0,0.0,1.0,0.0,0,0.0,-1.0,0.7000000476837158,1.0,2
0,1.0,1.0,0.0,0.0,0,0.0,1.0,0.0,0.0,0
0,1.0,0.0,1.0,0.0,0,0.0,-1.0,0.7999999523162842,0.5,3
0,1.0,0.0,1.0,0.0,0,0.0,-1.0,0.550000011920929,1.0,1
0,1.0,0.0,1.0,0.0,0,0.0,-1.0,0.7749999761581421,0.5,0
0,1.0,0.0,1.0,0.0,0,0.0,-1.0,0.75,1.0,0
0,1.0,1.0,0.0,0.0,0,0.0,1.0,0.0,0.0,0
0,1.0,0.0,1.0,0.0,0,0.0,-1.0,0.9099999666213989,0.3,1
0,1.0,1.0,0.0,0.0,0,0.0,1.0,0.0,0.0,0
0,1.0,0.0,1.0,0.0,0,0.0,-1.0,0.7599999904632568,0.8,2
0,1.0,1.0,0.0,0.0,0,0.0,1.0,0.0,0.0,0
0,1.0,1.0,0.0,0.0,0,0.0,1.0,0.0,0.0,0
0,1.0,0.0,1.0,0.0,0,0.0,-1.0,0.75,1.0,1
0,1.0,1.0,0.0,0.0,0,0.0,1.0,0.0,0.0,0
0,1.0,1.0,0.0,0.0,0,0.0,1.0,0.0,0.0,0
0,1.0,0.0,1.0,0.0,0,0.0,-1.0,0.800000011920929,0.8,3
0,1.0,0.0,1.0,0.0,0,0.0,-1.0,0.875,0.5,1
0,1.0,0.0,1.0,0.0,0,0.0,-1.0,0.800000011920929,0.8,1
0,1.0,0.0,1.0,0.0,0,0.0,-1.0,0.8500000238418579,0.5,2
0,1.0,0.0,1.0,0.0,0,0.0,-1.0,0.7749999761581421,0.5,0
0,1.0,0.0,1.0,0.0,0,0.0,-1.0,0.9099999666213989,0.3,3
0,1.0,0.0,1.0,0.0,0,0.0,-1.0,0.940000057220459,0.2,1
0,1.0,1.0,0.0,0.0,0,0.0,1.0,0.0,0.0,0
0,1.0,0.0,1.0,0.0,0,0.0,-1.0,0.925000011920929,0.3,1
0,1.0,0.0,1.0,0.0,0,0.0,-1.0,0.75,1.0,1
0,1.0,0.0,1.0,0.0,0,0.0,-1.0,0.7000000476837158,1.0,3
0,1.0,0.0,1.0,0.0,0,0.0,-1.0,0.9500000476837158,0.2,1
0,1.0,0.0,1.0,0.0,0,0.0,-1.0,0.8500000238418579,0.5,0
0,1.0,0.0,1.0,0.0,0,0.0,-1.0,0.875,0.5,0
0,1.0,0.0,1.0,0.0,0,0.0,-1.0,0.940000057220459,0.2,1
0,0.9310306,0.31036248803138733,0.6896375417709351,0.06896944,1,0.0,-5.606874465942383,0.43963751196861267,1.0,2
0,1.0,1.0,0.0,0.0,0,0.0,0.996551513671875,0.0,0.0,0
0,1.0,1.0,0.0,0.0,0,0.0,1.0,0.0,0.0,0
0,1.0,0.0,1.0,0.0,0,0.0,-1.0,0.9500000476837158,0.2,2
0,1.0,0.0,1.0,0.0,0,0.0,-1.0,0.7599999904632568,0.8,0
0,1.0,1.0,0.0,0.0,0,0.0,1.0,0.0,0.0,0
0,1.0,1.0,0.0,0.0,0,0.0,1.0,0.0,0.0,0
0,1.0,1.0,0.0,0.0,0,0.0,1.0,0.0,0.0,0
0,1.0,0.0,1.0,0.0,0,0.0,-1.0,0.9200000166893005,0.2,0
0,1.0,1.0,0.0,0.0,0,0.0,1.0,0.0,0.0,0
0,1.0,1.0,0.0,0.0,0,0.0,1.0,0.0,0.0,0
0,1.0,0.0,1.0,0.0,0,0.0,-1.0,0.7999999523162842,0.5,1
0,1.0,0.0,1.0,0.0,0,0.0,-1.0,0.75,1.0,0
0,1.0,0.0,1.0,0.0,0,0.0,-1.0,0.75,1.0,1
0,1.0,0.0,1.0,0.0,0,0.0,-1.0,0.925000011920929,0.3,1
0,1.0,1.0,0.0,0.0,0,0.0,1.0,0.0,0.0,0
0,1.0,0.0,1.0,0.0,0,0.0,-1.0,0.550000011920929,1.0,1
0,1.0,1.0,0.0,0.0,0,0.0,1.0,0.0,0.0,0
0,1.0,0.0,1.0,0.0,0,0.0,-1.0,0.5999999642372131,1.0,3
0,1.0,0.0,1.0,0.0,0,0.0,-1.0,0.9200000166893005,0.2,3
0,1.0,1.0,0.0,0.0,0,0.0,1.0,0.0,0.0,0
0,1.0,0.0,1.0,0.0,0,0.0,-1.0,0.550000011920929,1.0,1
0,1.0,1.0,0.0,0.0,0,0.0,1.0,0.0,0.0,0
0,1.0,0.0,1.0,0.0,0,0.0,-1.0,0.550000011920929,1.0,3
0,1.0,0.0,1.0,0.0,0,0.0,-1.0,0.925000011920929,0.3,1
0,1.0,0.0,1.0,0.0,0,0.0,-1.0,0.9099999666213989,0.3,0
0,1.0,0.0,1.0,0.0,0,0.0,-1.0,0.9200000166893005,0.2,1
0,1.0,0.0,1.0,0.0,0,0.0,-1.0,0.9500000476837158,0.2,1
0,0.96993876,0.13527549803256989,0.8647245168685913,0.03006122,0,0.0,-0.8286510705947876,0.8047245740890503,0.2,1
0,1.0,0.0,1.0,0.0,0,0.0,-1.0015031099319458,0.7749999761581421,0.5,1
0,1.0,1.0,0.0,0.0,0,0.0,1.0,0.0,0.0,0
0,1.0,0.0,1.0,0.0,0,0.0,-1.0,0.7999999523162842,0.5,1
0,1.0,0.0,1.0,0.0,0,0.0,-1.0,0.5999999642372131,1.0,2
0,1.0,0.0,1.0,0.0,0,0.0,-1.0,0.6399999856948853,0.8,2
0,1.0,0.0,1.0,0.0,0,0.0,-1.0,0.9099999666213989,0.3,3
0,1.0,0.0,1.0,0.0,0,0.0,-1.0,0.9500000476837158,0.2,0
0,1.0,1.0,0.0,0.0,0,0.0,1.0,0.0,0.0,0
0,1.0,0.0,1.0,0.0,0,0.0,-1.0,0.7749999761581421,0.5,1
0,1.0,0.0,1.0,0.0,0,0.0,-1.0,0.75,1.0,2
0,1.0,0.0,1.0,0.0,0,0.0,-1.0,0.8500000238418579,0.5,0
0,1.0,0.0,1.0,0.0,0,0.0,-1.0,0.9500000476837158,0.2,3
0,1.0,1.0,0.0,0.0,0,0.0,1.0,0.0,0.0,0
0,1.0,1.0,0.0,0.0,0,0.0,1.0,0.0,0.0,0
0,1.0,0.0,1.0,0.0,0,0.0,-1.0,0.7999999523162842,0.5,3
0,1.0,0.0,1.0,0.0,0,0.0,-1.0,0.7749999761581421,0.5,3
0,1.0,0.0,1.0,0.0,0,0.0,-1.0,0.9099999666213989,0.3,0
0,1.0,1.0,0.0,0.0,0,0.0,1.0,0.0,0.0,0
0,1.0,0.0,1.0,0.0,0,0.0,-1.0,0.9100000262260437,0.2,1
0,1.0,0.0,1.0,0.0,0,0.0,-1.0,0.925000011920929,0.3,1
0,1.0,0.0,1.0,0.0,0,0.0,-1.0,0.6800000071525574,0.8,2
0,1.0,0.0,1.0,0.0,0,0.0,-1.0,0.9099999666213989,0.3,2
0,1.0,0.0,1.0,0.0,0,0.0,-1.0,0.75,1.0,2
0,1.0,0.0,1.0,0.0,0,0.0,-1.0,0.6399999856948853,0.8,3
0,1.0,0.0,1.0,0.0,0,0.0,-1.0,0.8500000238418579,0.5,0
0,1.0,0.0,1.0,0.0,0,0.0,-1.0,0.7000000476837158,1.0,2
0,1.0,0.0,1.0,0.0,0,0.0,-1.0,0.9500000476837158,0.2,2
0,1.0,0.0,1.0,0.0,0,0.0,-1.0,0.5999999642372131,1.0,0
0,1.0,0.0,1.0,0.0,0,0.0,-1.0,0.875,0.5,3
0,1.0,0.0,1.0,0.0,0,0.0,-1.0,0.940000057220459,0.2,0
0,1.0,0.0,1.0,0.0,0,0.0,-1.0,0.6399999856948853,0.8,1
0,1.0,1.0,0.0,0.0,0,0.0,1.0,0.0,0.0,0
0,1.0,0.0,1.0,0.0,0,0.0,-1.0,0.925000011920929,0.3,1
0,1.0,1.0,0.0,0.0,0,0.0,1.0,0.0,0.0,0
0,1.0,1.0,0.0,0.0,0,0.0,1.0,0.0,0.0,0
0,1.0,1.0,0.0,0.0,0,0.0,1.0,0.0,0.0,0
0,1.0,1.0,0.0,0.0,0,0.0,1.0,0.0,0.0,0
0,1.0,0.0,1.0,0.0,0,0.0,-1.0,0.940000057220459,0.2,3
0,1.0,0.0,1.0,0.0,0,0.0,-1.0,0.9100000262260437,0.2,3
0,1.0,1.0,0.0,0.0,0,0.0,1.0,0.0,0.0,0
0,1.0,0.0,1.0,0.0,0,0.0,-1.0,0.7999999523162842,0.5,0
0,1.0,1.0,0.0,0.0,0,0.0,1.0,0.0,0.0,0
0,1.0,0.0,1.0,0.0,0,0.0,-1.0,0.6399999856948853,0.8,2
0,1.0,0.0,1.0,0.0,0,0.0,-1.0,0.9500000476837158,0.2,2
0,1.0,0.0,1.0,0.0,0,0.0,-1.0,0.75,1.0,2
0,1.0,0.0,1.0,0.0,0,0.0,-1.0,0.9500000476837158,0.2,1
0,1.0,1.0,0.0,0.0,0,0.0,1.0,0.0,0.0,0
0,1.0,0.0,1.0,0.0,0,0.0,-1.0,0.800000011920929,0.8,1
0,1.0,0.0,1.0,0.0,0,0.0,-1.0,0.925000011920929,0.3,1
0,1.0,0.0,1.0,0.0,0,0.0,-1.0,0.800000011920929,0.8,0
0,1.0,0.0,1.0,0.0,0,0.0,-1.0,0.925000011920929,0.3,3
0,1.0,0.0,1.0,0.0,0,0.0,-1.0,0.7999999523162842,0.5,3
0,1.0,0.0,1.0,0.0,0,0.0,-1.0,0.9500000476837158,0.2,1
0,1.0,0.0,1.0,0.0,0,0.0,-1.0,0.8500000238418579,0.5,3
0,1.0,1.0,0.0,0.0,0,0.0,1.0,0.0,0.0,0
0,1.0,0.0,1.0,0.0,0,0.0,-1.0,0.8500000238418579,0.5,3
0,1.0,0.0,1.0,0.0,0,0.0,-1.0,0.75,1.0,1
0,1.0,1.0,0.0,0.0,0,0.0,1.0,0.0,0.0,0
0,1.0,1.0,0.0,0.0,0,0.0,1.0,0.0,0.0,0
0,1.0,1.0,0.0,0.0,0,0.0,1.0,0.0,0.0,0
0,1.0,0.0,1.0,0.0,0,0.0,-1.0,0.925000011920929,0.3,0
0,1.0,1.0,0.0,0.0,0,0.0,1.0,0.0,0.0,0
0,1.0,1.0,0.0,0.0,0,0.0,1.0,0.0,0.0,0
0,1.0,0.0,1.0,0.0,0,0.0,-1.0,0.9500000476837158,0.2,1
0,1.0,0.0,1.0,0.0,0,0.0,-1.0,0.7000000476837158,1.0,0
0,1.0,1.0,0.0,0.0,0,0.0,1.0,0.0,0.0,0
0,1.0,0.0,1.0,0.0,0,0.0,-1.0,0.925000011920929,0.3,3
0,1.0,0.0,1.0,0.0,0,0.0,-1.0,0.9200000166893005,0.2,0
0,1.0,1.0,0.0,0.0,0,0.0,1.0,0.0,0.0,0
0,1.0,0.0,1.0,0.0,0,0.0,-1.0,0.925000011920929,0.3,3
0,1.0,0.0,1.0,0.0,0,0.0,-1.0,0.9099999666213989,0.3,1
0,1.0,0.0,1.0,0.0,0,0.0,-1.0,0.6399999856948853,0.8,1
0,1.0,1.0,0.0,0.0,0,0.0,1.0,0.0,0.0,0
0,1.0,0.0,1.0,0.0,0,0.0,-1.0,0.925000011920929,0.3,1
0,1.0,0.0,1.0,0.0,0,0.0,-1.0,0.925000011920929,0.3,3
0,1.0,0.0,1.0,0.0,0,0.0,-1.0,0.925000011920929,0.3,3
0,1.0,0.0,1.0,0.0,0,0.0,-1.0,0.9200000166893005,0.2,1
0,1.0,0.0,1.0,0.0,0,0.0,-1.0,0.9500000476837158,0.2,2
0,1.0,0.0,1.0,0.0,0,0.0,-1.0,0.8500000238418579,0.5,0
0,1.0,1.0,0.0,0.0,0,0.0,1.0,0.0,0.0,0
0,1.0,0.0,1.0,0.0,0,0.0,-1.0,0.875,0.5,3
0,1.0,1.0,0.0,0.0,0,0.0,1.0,0.0,0.0,0
0,1.0,1.0,0.0,0.0,0,0.0,1.0,0.0,0.0,0
0,1.0,0.0,1.0,0.0,0,0.0,-1.0,0.940000057220459,0.2,3
0,1.0,0.0,1.0,0.0,0,0.0,-1.0,0.75,1.0,1
0,1.0,0.0,1.0,0.0,0,0.0,-1.0,0.5999999642372131,1.0,1
0,1.0,0.0,1.0,0.0,0,0.0,-1.0,0.7999999523162842,0.5,0
0,1.0,0.0,1.0,0.0,0,0.0,-1.0,0.5999999642372131,1.0,3
0,1.0,0.0,1.0,0.0,0,0.0,-1.0,0.9500000476837158,0.2,1
0,1.0,0.0,1.0,0.0,0,0.0,-1.0,0.925000011920929,0.3,0
0,1.0,0.0,1.0,0.0,0,0.0,-1.0,0.9500000476837158,0.2,3
0,1.0,0.0,1.0,0.0,0,0.0,-1.0,0.925000011920929,0.3,3
0,1.0,0.0,1.0,0.0,0,0.0,-1.0,0.9100000262260437,0.2,3
0,1.0,0.0,1.0,0.0,0,0.0,-1.0,0.925000011920929,0.3,2
0,1.0,0.0,1.0,0.0,0,0.0,-1.0,0.925000011920929,0.3,0
0,1.0,0.0,1.0,0.0,0,0.0,-1.0,0.875,0.5,2
0,1.0,0.0,1.0,0.0,0,0.0,-1.0,0.9500000476837158,0.2,0
0,1.0,1.0,0.0,0.0,0,0.0,1.0,0.0,0.0,0
0,1.0,0.0,1.0,0.0,0,0.0,-1.0,0.800000011920929,0.8,0
0,1.0,0.0,1.0,0.0,0,0.0,-1.0,0.75,1.0,2
0,1.0,1.0,0.0,0.0,0,0.0,1.0,0.0,0.0,0
0,1.0,1.0,0.0,0.0,0,0.0,1.0,0.0,0.0,0
0,1.0,0.0,1.0,0.0,0,0.0,-1.0,0.7599999904632568,0.8,0
0,1.0,0.0,1.0,0.0,0,0.0,-1.0,0.550000011920929,1.0,1
0,1.0,0.0,1.0,0.0,0,0.0,-1.0,0.9099999666213989,0.3,3
0,1.0,0.0,1.0,0.0,0,0.0,-1.0,0.9500000476837158,0.2,3
0,1.0,0.0,1.0,0.0,0,0.0,-1.0,0.925000011920929,0.3,1
0,1.0,0.0,1.0,0.0,0,0.0,-1.0,0.9500000476837158,0.2,3
0,1.0,0.0,1.0,0.0,0,0.0,-1.0,0.925000011920929,0.3,3
0,1.0,0.0,1.0,0.0,0,0.0,-1.0,0.7999999523162842,0.5,0
0,1.0,1.0,0.0,0.0,0,0.0,1.0,0.0,0.0,0
0,1.0,0.0,1.0,0.0,0,0.0,-1.0,0.925000011920929,0.3,3
0,1.0,0.0,1.0,0.0,0,0.0,-1.0,0.550000011920929,1.0,3
0,1.0,0.0,1.0,0.0,0,0.0,-1.0,0.9500000476837158,0.2,0
0,1.0,1.0,0.0,0.0,0,0.0,1.0,0.0,0.0,0
0,1.0,1.0,0.0,0.0,0,0.0,1.0,0.0,0.0,0
0,1.0,0.0,1.0,0.0,0,0.0,-1.0,0.875,0.5,0
0,1.0,1.0,0.0,0.0,0,0.0,1.0,0.0,0.0,0
0,1.0,0.0,1.0,0.0,0,0.0,-1.0,0.9500000476837158,0.2,3
0,1.0,0.0,1.0,0.0,0,0.0,-1.0,0.9200000166893005,0.2,1
0,1.0,0.0,1.0,0.0,0,0.0,-1.0,0.875,0.5,0
0,1.0,1.0,0.0,0.0,0,0.0,1.0,0.0,0.0,0
0,1.0,1.0,0.0,0.0,0,0.0,1.0,0.0,0.0,0
0,0.9525134,0.2136896550655365,0.7863103747367859,0.047486592,0,0.0,-0.7293265461921692,0.46631038188934326,0.8,3
0,1.0,0.0,1.0,0.0,0,0.0,-1.002374291419983,0.800000011920929,0.8,1
0,1.0,1.0,0.0,0.0,0,0.0,1.0,0.0,0.0,0
0,1.0,0.0,1.0,0.0,0,0.0,-1.0,0.940000057220459,0.2,3
0,1.0,0.0,1.0,0.0,0,0.0,-1.0,0.9500000476837158,0.2,2
0,1.0,0.0,1.0,0.0,0,0.0,-1.0,0.75,1.0,0
0,1.0,0.0,1.0,0.0,0,0.0,-1.0,0.9500000476837158,0.2,0
0,1.0,0.0,1.0,0.0,0,0.0,-1.0,0.925000011920929,0.3,2
0,1.0,0.0,1.0,0.0,0,0.0,-1.0,0.940000057220459,0.2,1
0,1.0,0.0,1.0,0.0,0,0.0,-1.0,0.7999999523162842,0.5,0
0,1.0,0.0,1.0,0.0,0,0.0,-1.0,0.75,1.0,2
0,1.0,1.0,0.0,0.0,0,0.0,1.0,0.0,0.0,0
0,1.0,0.0,1.0,0.0,0,0.0,-1.0,0.5999999642372131,1.0,3
0,1.0,0.0,1.0,0.0,0,0.0,-1.0,0.9099999666213989,0.3,1
0,1.0,0.0,1.0,0.0,0,0.0,-1.0,0.9200000166893005,0.2,1
0,1.0,0.0,1.0,0.0,0,0.0,-1.0,0.8500000238418579,0.5,0
0,1.0,0.0,1.0,0.0,0,0.0,-1.0,0.9099999666213989,0.3,0
0,1.0,0.0,1.0,0.0,0,0.0,-1.0,0.6399999856948853,0.8,0
0,1.0,1.0,0.0,0.0,0,0.0,1.0,0.0,0.0,0
0,0.9871788,0.05769528076052666,0.9423047304153442,0.012821174,0,0.0,-0.9269193410873413,0.8923047780990601,0.2,3
0,1.0,0.0,1.0,0.0,0,0.0,-1.000641107559204,0.800000011920929,0.8,0
0,1.0,0.0,1.0,0.0,0,0.0,-1.0,0.9500000476837158,0.2,3
0,1.0,0.0,1.0,0.0,0,0.0,-1.0,0.9099999666213989,0.3,3
0,1.0,0.0,1.0,0.0,0,0.0,-1.0,0.5999999642372131,1.0,1
0,1.0,0.0,1.0,0.0,0,0.0,-1.0,0.925000011920929,0.3,0
0,1.0,0.0,1.0,0.0,0,0.0,-1.0,0.925000011920929,0.3,1
0,1.0,1.0,0.0,0.0,0,0.0,1.0,0.0,0.0,0
0,1.0,1.0,0.0,0.0,0,0.0,1.0,0.0,0.0,0
0,1.0,0.0,1.0,0.0,0,0.0,-1.0,0.7999999523162842,0.5,2
0,1.0,0.0,1.0,0.0,0,0.0,-1.0,0.9200000166893005,0.2,1
0,1.0,0.0,1.0,0.0,0,0.0,-1.0,0.9500000476837158,0.2,3
0,1.0,0.0,1.0,0.0,0,0.0,-1.0,0.9200000166893005,0.2,1
0,1.0,0.0,1.0,0.0,0,0.0,-1.0,0.925000011920929,0.3,1
0,1.0,0.0,1.0,0.0,0,0.0,-1.0,0.800000011920929,0.8,1
0,1.0,0.0,1.0,0.0,0,0.0,-1.0,0.925000011920929,0.3,0
0,1.0,1.0,0.0,0.0,0,0.0,1.0,0.0,0.0,0
0,1.0,0.0,1.0,0.0,0,0.0,-1.0,0.9100000262260437,0.2,1
0,1.0,1.0,0.0,0.0,0,0.0,1.0,0.0,0.0,0
0,1.0,0.0,1.0,0.0,0,0.0,-1.0,0.7999999523162842,0.5,3
0,1.0,0.0,1.0,0.0,0,0.0,-1.0,0.7599999904632568,0.8,1
0,1.0,0.0,1.0,0.0,0,0.0,-1.0,0.9500000476837158,0.2,3
0,1.0,0.0,1.0,0.0,0,0.0,-1.0,0.75,1.0,1
0,1.0,1.0,0.0,0.0,0,0.0,1.0,0.0,0.0,0
0,1.0,0.0,1.0,0.0,0,0.0,-1.0,0.9500000476837158,0.2,3
0,1.0,0.0,1.0,0.0,0,0.0,-1.0,0.9500000476837158,0.2,1
0,1.0,1.0,0.0,0.0,0,0.0,1.0,0.0,0.0,0
0,1.0,0.0,1.0,0.0,0,0.0,-1.0,0.9500000476837158,0.2,1
0,1.0,0.0,1.0,0.0,0,0.0,-1.0,0.940000057220459,0.2,2
0,1.0,0.0,1.0,0.0,0,0.0,-1.0,0.800000011920929,0.8,1
0,1.0,0.0,1.0,0.0,0,0.0,-1.0,0.800000011920929,0.8,2
0,1.0,1.0,0.0,0.0,0,0.0,1.0,0.0,0.0,0
0,0.8756773,0.5594521164894104,0.4405478835105896,0.124322705,1,0.0,-5.291360855102539,0.14054787158966064,1.0,2
0,1.0,0.0,1.0,0.0,0,0.0,-1.0062161684036255,0.940000057220459,0.2,2
0,1.0,0.0,1.0,0.0,0,0.0,-1.0,0.6399999856948853,0.8,2
0,1.0,0.0,1.0,0.0,0,0.0,-1.0,0.6399999856948853,0.8,1
0,1.0,1.0,0.0,0.0,0,0.0,1.0,0.0,0.0,0
0,1.0,0.0,1.0,0.0,0,0.0,-1.0,0.9100000262260437,0.2,0
0,1.0,0.0,1.0,0.0,0,0.0,-1.0,0.9100000262260437,0.2,1
0,1.0,1.0,0.0,0.0,0,0.0,1.0,0.0,0.0,0
0,1.0,1.0,0.0,0.0,0,0.0,1.0,0.0,0.0,0
0,1.0,0.0,1.0,0.0,0,0.0,-1.0,0.7599999904632568,0.8,3
0,1.0,1.0,0.0,0.0,0,0.0,1.0,0.0,0.0,0
0,1.0,0.0,1.0,0.0,0,0.0,-1.0,0.8500000238418579,0.5,0
0,1.0,0.0,1.0,0.0,0,0.0,-1.0,0.940000057220459,0.2,1
0,1.0,0.0,1.0,0.0,0,0.0,-1.0,0.550000011920929,1.0,1
0,1.0,0.0,1.0,0.0,0,0.0,-1.0,0.9500000476837158,0.2,0
0,1.0,0.0,1.0,0.0,0,0.0,-1.0,0.800000011920929,0.8,1
0,1.0,0.0,1.0,0.0,0,0.0,-1.0,0.9099999666213989,0.3,2
0,1.0,0.0,1.0,0.0,0,0.0,-1.0,0.925000011920929,0.3,3
0,1.0,1.0,0.0,0.0,0,0.0,1.0,0.0,0.0,0
0,1.0,1.0,0.0,0.0,0,0.0,1.0,0.0,0.0,0
0,1.0,0.0,1.0,0.0,0,0.0,-1.0,0.9099999666213989,0.3,1
0,1.0,0.0,1.0,0.0,0,0.0,-1.0,0.875,0.5,1
0,1.0,1.0,0.0,0.0,0,0.0,1.0,0.0,0.0,0
0,1.0,0.0,1.0,0.0,0,0.0,-1.0,0.7999999523162842,0.5,1
0,1.0,0.0,1.0,0.0,0,0.0,-1.0,0.6800000071525574,0.8,0
0,1.0,1.0,0.0,0.0,0,0.0,1.0,0.0,0.0,0
0,1.0,0.0,1.0,0.0,0,0.0,-1.0,0.875,0.5,3
0,1.0,0.0,1.0,0.0,0,0.0,-1.0,0.925000011920929,0.3,1
1,1.0,0.0,1.0,0.0,0,0.0,-1.0,0.7599999904632568,0.8,3
1,1.0,0.0,1.0,0.0,0,0.0,-1.0,0.75,1.0,1
1,1.0,0.0,1.0,0.0,0,0.0,-1.0,0.925000011920929,0.3,3
1,1.0,0.0,1.0,0.0,0,0.0,-1.0,0.7999999523162842,0.5,3
1,1.0,0.0,1.0,0.0,0,0.0,-1.0,0.75,1.0,1
1,1.0,0.0,1.0,0.0,0,0.0,-1.0,0.7000000476837158,1.0,2
1,1.0,0.0,1.0,0.0,0,0.0,-1.0,0.6800000071525574,0.8,3
1,1.0,0.0,1.0,0.0,0,0.0,-1.0,0.875,0.5,3
1,1.0,1.0,0.0,0.0,0,0.0,1.0,0.0,0.0,0
1,1.0,0.0,1.0,0.0,0,0.0,-1.0,0.9500000476837158,0.2,2
1,1.0,1.0,0.0,0.0,0,0.0,1.0,0.0,0.0,0
1,1.0,0.0,1.0,0.0,0,0.0,-1.0,0.6800000071525574,0.8,1
1,1.0,0.0,1.0,0.0,0,0.0,-1.0,0.800000011920929,0.8,2
1,1.0,0.0,1.0,0.0,0,0.0,-1.0,0.925000011920929,0.3,2
1,1.0,1.0,0.0,0.0,0,0.0,1.0,0.0,0.0,0
1,1.0,0.0,1.0,0.0,0,0.0,-1.0,0.7999999523162842,0.5,3
1,1.0,1.0,0.0,0.0,0,0.0,1.0,0.0,0.0,0
1,1.0,0.0,1.0,0.0,0,0.0,-1.0,0.9500000476837158,0.2,2
1,1.0,0.0,1.0,0.0,0,0.0,-1.0,0.9500000476837158,0.2,2
1,1.0,0.0,1.0,0.0,0,0.0,-1.0,0.9200000166893005,0.2,3
1,1.0,0.0,1.0,0.0,0,0.0,-1.0,0.925000011920929,0.3,2
1,1.0,0.0,1.0,0.0,0,0.0,-1.0,0.6800000071525574,0.8,0
1,1.0,0.0,1.0,0.0,0,0.0,-1.0,0.75,1.0,0
1,1.0,0.0,1.0,0.0,0,0.0,-1.0,0.7599999904632568,0.8,0
1,1.0,1.0,0.0,0.0,0,0.0,1.0,0.0,0.0,0
1,1.0,0.0,1.0,0.0,0,0.0,-1.0,0.9099999666213989,0.3,3
1,1.0,0.0,1.0,0.0,0,0.0,-1.0,0.800000011920929,0.8,3
1,1.0,0.0,1.0,0.0,0,0.0,-1.0,0.6800000071525574,0.8,3
1,1.0,0.0,1.0,0.0,0,0.0,-1.0,0.940000057220459,0.2,1
1,1.0,1.0,0.0,0.0,0,0.0,1.0,0.0,0.0,0
1,1.0,1.0,0.0,0.0,0,0.0,1.0,0.0,0.0,0
1,0.9779413,1.0,0.0,0.022058725,0,0.0,0.9305150508880615,0.0,0.0,0
1,1.0,0.0,1.0,0.0,0,0.0,-1.000551462173462,0.75,1.0,0
1,1.0,1.0,0.0,0.0,0,0.0,1.0,0.0,0.0,0
1,1.0,0.0,1.0,0.0,0,0.0,-1.0,0.7999999523162842,0.5,0
1,1.0,0.0,1.0,0.0,0,0.0,-1.0,0.9200000166893005,0.2,2
1,0.9409343,0.2657955288887024,0.7342044711112976,0.059065677,1,0.0,-5.663325309753418,0.6592044830322266,0.3,0
1,1.0,1.0,0.0,0.0,0,0.0,0.997046709060669,0.0,0.0,0
1,1.0,0.0,1.0,0.0,0,0.0,-1.0,0.9200000166893005,0.2,0
1,1.0,0.0,1.0,0.0,0,0.0,-1.0,0.9099999666213989,0.3,1
1,1.0,0.0,1.0,0.0,0,0.0,-1.0,0.940000057220459,0.2,0
1,1.0,0.0,1.0,0.0,0,0.0,-1.0,0.9099999666213989,0.3,3
1,1.0,0.0,1.0,0.0,0,0.0,-1.0,0.75,1.0,1
1,1.0,0.0,1.0,0.0,0,0.0,-1.0,0.9099999666213989,0.3,2
1,1.0,0.0,1.0,0.0,0,0.0,-1.0,0.6800000071525574,0.8,3
1,1.0,0.0,1.0,0.0,0,0.0,-1.0,0.925000011920929,0.3,0
1,1.0,0.0,1.0,0.0,0,0.0,-1.0,0.9200000166893005,0.2,0
1,1.0,0.0,1.0,0.0,0,0.0,-1.0,0.9099999666213989,0.3,2
1,1.0,1.0,0.0,0.0,0,0.0,1.0,0.0,0.0,0
1,1.0,1.0,0.0,0.0,0,0.0,1.0,0.0,0.0,0
1,1.0,1.0,0.0,0.0,0,0.0,1.0,0.0,0.0,0
1,1.0,0.0,1.0,0.0,0,0.0,-1.0,0.800000011920929,0.8,1
1,1.0,0.0,1.0,0.0,0,0.0,-1.0,0.925000011920929,0.3,3
1,1.0,0.0,1.0,0.0,0,0.0,-1.0,0.8500000238418579,0.5,0
1,1.0,0.0,1.0,0.0,0,0.0,-1.0,0.7749999761581421,0.5,1
1,1.0,0.0,1.0,0.0,0,0.0,-1.0,0.9500000476837158,0.2,1
1,1.0,0.0,1.0,0.0,0,0.0,-1.0,0.5999999642372131,1.0,3
1,1.0,0.0,1.0,0.0,0,0.0,-1.0,0.9500000476837158,0.2,1
1,1.0,0.0,1.0,0.0,0,0.0,-1.0,0.9500000476837158,0.2,1
1,1.0,0.0,1.0,0.0,0,0.0,-1.0,0.9500000476837158,0.2,3
1,1.0,0.0,1.0,0.0,0,0.0,-1.0,0.75,1.0,0
1,1.0,0.0,1.0,0.0,0,0.0,-1.0,0.9099999666213989,0.3,2
1,1.0,0.0,1.0,0.0,0,0.0,-1.0,0.6800000071525574,0.8,0
1,1.0,0.0,1.0,0.0,0,0.0,-1.0,0.7749999761581421,0.5,0
1,1.0,0.0,1.0,0.0,0,0.0,-1.0,0.75,1.0,1
1,1.0,1.0,0.0,0.0,0,0.0,1.0,0.0,0.0,0
1,1.0,0.0,1.0,0.0,0,0.0,-1.0,0.7599999904632568,0.8,1
1,1.0,0.0,1.0,0.0,0,0.0,-1.0,0.550000011920929,1.0,3
1,1.0,0.0,1.0,0.0,0,0.0,-1.0,0.940000057220459,0.2,3
1,1.0,0.0,1.0,0.0,0,0.0,-1.0,0.9500000476837158,0.2,2
1,1.0,1.0,0.0,0.0,0,0.0,1.0,0.0,0.0,0
1,1.0,0.0,1.0,0.0,0,0.0,-1.0,0.800000011920929,0.8,1
1,1.0,0.0,1.0,0.0,0,0.0,-1.0,0.9099999666213989,0.3,3
1,1.0,0.0,1.0,0.0,0,0.0,-1.0,0.550000011920929,1.0,2
1,1.0,1.0,0.0,0.0,0,0.0,1.0,0.0,0.0,0
1,1.0,0.0,1.0,0.0,0,0.0,-1.0,0.5999999642372131,1.0,2
1,1.0,0.0,1.0,0.0,0,0.0,-1.0,0.875,0.5,3
1,1.0,1.0,0.0,0.0,0,0.0,1.0,0.0,0.0,0
1,1.0,0.0,1.0,0.0,0,0.0,-1.0,0.75,1.0,1
1,1.0,1.0,0.0,0.0,0,0.0,1.0,0.0,0.0,0
1,1.0,1.0,0.0,0.0,0,0.0,1.0,0.0,0.0,0
1,1.0,0.0,1.0,0.0,0,0.0,-1.0,0.925000011920929,0.3,0
1,1.0,0.0,1.0,0.0,0,0.0,-1.0,0.9500000476837158,0.2,3
1,1.0,0.0,1.0,0.0,0,0.0,-1.0,0.925000011920929,0.3,2
1,1.0,0.0,1.0,0.0,0,0.0,-1.0,0.7999999523162842,0.5,1
1,1.0,0.0,1.0,0.0,0,0.0,-1.0,0.7999999523162842,0.5,1
1,1.0,0.0,1.0,0.0,0,0.0,-1.0,0.9100000262260437,0.2,2
1,1.0,0.0,1.0,0.0,0,0.0,-1.0,0.800000011920929,0.8,2
1,1.0,1.0,0.0,0.0,0,0.0,1.0,0.0,0.0,0
1,1.0,0.0,1.0,0.0,0,0.0,-1.0,0.9500000476837158,0.2,1
1,1.0,1.0,0.0,0.0,0,0.0,1.0,0.0,0.0,0
1,1.0,1.0,0.0,0.0,0,0.0,1.0,0.0,0.0,0
1,1.0,1.0,0.0,0.0,0,0.0,1.0,0.0,0.0,0
1,1.0,1.0,0.0,0.0,0,0.0,1.0,0.0,0.0,0
1,1.0,0.0,1.0,0.0,0,0.0,-1.0,0.925000011920929,0.3,1
1,1.0,0.0,1.0,0.0,0,0.0,-1.0,0.5999999642372131,1.0,2
1,1.0,1.0,0.0,0.0,0,0.0,1.0,0.0,0.0,0
1,1.0,0.0,1.0,0.0,0,0.0,-1.0,0.8500000238418579,0.5,1
1,1.0,0.0,1.0,0.0,0,0.0,-1.0,0.875,0.5,0
1,1.0,0.0,1.0,0.0,0,0.0,-1.0,0.5999999642372131,1.0,2
1,1.0,0.0,1.0,0.0,0,0.0,-1.0,0.9500000476837158,0.2,1
1,1.0,0.0,1.0,0.0,0,0.0,-1.0,0.800000011920929,0.8,0
1,1.0,0.0,1.0,0.0,0,0.0,-1.0,0.9099999666213989,0.3,3
1,1.0,0.0,1.0,0.0,0,0.0,-1.0,0.75,1.0,0
1,1.0,0.0,1.0,0.0,0,0.0,-1.0,0.9200000166893005,0.2,2
1,1.0,0.0,1.0,0.0,0,0.0,-1.0,0.75,1.0,2
1,1.0,0.0,1.0,0.0,0,0.0,-1.0,0.75,1.0,0
1,1.0,0.0,1.0,0.0,0,0.0,-1.0,0.9099999666213989,0.3,2
1,1.0,0.0,1.0,0.0,0,0.0,-1.0,0.7999999523162842,0.5,0
1,1.0,0.0,1.0,0.0,0,0.0,-1.0,0.75,1.0,0
1,1.0,0.0,1.0,0.0,0,0.0,-1.0,0.925000011920929,0.3,3
1,1.0,0.0,1.0,0.0,0,0.0,-1.0,0.9500000476837158,0.2,2
1,1.0,0.0,1.0,0.0,0,0.0,-1.0,0.9500000476837158,0.2,2
1,1.0,0.0,1.0,0.0,0,0.0,-1.0,0.6800000071525574,0.8,0
1,1.0,1.0,0.0,0.0,0,0.0,1.0,0.0,0.0,0
1,1.0,0.0,1.0,0.0,0,0.0,-1.0,0.925000011920929,0.3,3
1,1.0,1.0,0.0,0.0,0,0.0,1.0,0.0,0.0,0
1,0.96440285,1.0,0.0,0.035597134,0,0.0,0.8878689408302307,0.0,0.0,0
1,1.0,1.0,0.0,0.0,0,0.0,0.9991100430488586,0.0,0.0,0
1,1.0,0.0,1.0,0.0,0,0.0,-1.0,0.5999999642372131,1.0,3
1,1.0,0.0,1.0,0.0,0,0.0,-1.0,0.9500000476837158,0.2,0
1,1.0,0.0,1.0,0.0,0,0.0,-1.0,0.7000000476837158,1.0,1
1,1.0,0.0,1.0,0.0,0,0.0,-1.0,0.6800000071525574,0.8,0
1,1.0,0.0,1.0,0.0,0,0.0,-1.0,0.875,0.5,0
1,1.0,0.0,1.0,0.0,0,0.0,-1.0,0.9099999666213989,0.3,0
1,1.0,0.0,1.0,0.0,0,0.0,-1.0,0.8500000238418579,0.5,0
1,1.0,0.0,1.0,0.0,0,0.0,-1.0,0.8500000238418579,0.5,2
1,1.0,0.0,1.0,0.0,0,0.0,-1.0,0.9500000476837158,0.2,1
1,1.0,0.0,1.0,0.0,0,0.0,-1.0,0.875,0.5,1
1,1.0,0.0,1.0,0.0,0,0.0,-1.0,0.7599999904632568,0.8,0
1,1.0,1.0,0.0,0.0,0,0.0,1.0,0.0,0.0,0
1,1.0,1.0,0.0,0.0,0,0.0,1.0,0.0,0.0,0
1,1.0,1.0,0.0,0.0,0,0.0,1.0,0.0,0.0,0
1,1.0,0.0,1.0,0.0,0,0.0,-1.0,0.75,1.0,3
1,1.0,0.0,1.0,0.0,0,0.0,-1.0,0.875,0.5,3
1,1.0,0.0,1.0,0.0,0,0.0,-1.0,0.7749999761581421,0.5,2
1,1.0,1.0,0.0,0.0,0,0.0,1.0,0.0,0.0,0
1,1.0,0.0,1.0,0.0,0,0.0,-1.0,0.75,1.0,3
1,1.0,1.0,0.0,0.0,0,0.0,1.0,0.0,0.0,0
1,1.0,0.0,1.0,0.0,0,0.0,-1.0,0.6800000071525574,0.8,1
1,1.0,0.0,1.0,0.0,0,0.0,-1.0,0.7999999523162842,0.5,1
1,1.0,0.0,1.0,0.0,0,0.0,-1.0,0.7599999904632568,0.8,1
1,1.0,1.0,0.0,0.0,0,0.0,1.0,0.0,0.0,0
1,1.0,1.0,0.0,0.0,0,0.0,1.0,0.0,0.0,0
1,1.0,1.0,0.0,0.0,0,0.0,1.0,0.0,0.0,0
1,1.0,0.0,1.0,0.0,0,0.0,-1.0,0.875,0.5,3
1,1.0,0.0,1.0,0.0,0,0.0,-1.0,0.800000011920929,0.8,0
1,1.0,0.0,1.0,0.0,0,0.0,-1.0,0.9200000166893005,0.2,2
1,1.0,0.0,1.0,0.0,0,0.0,-1.0,0.9099999666213989,0.3,3
1,1.0,1.0,0.0,0.0,0,0.0,1.0,0.0,0.0,0
1,1.0,0.0,1.0,0.0,0,0.0,-1.0,0.925000011920929,0.3,0
1,1.0,0.0,1.0,0.0,0,0.0,-1.0,0.940000057220459,0.2,2
1,1.0,0.0,1.0,0.0,0,0.0,-1.0,0.9500000476837158,0.2,2
1,1.0,1.0,0.0,0.0,0,0.0,1.0,0.0,0.0,0
1,1.0,0.0,1.0,0.0,0,0.0,-1.0,0.6800000071525574,0.8,2
1,1.0,1.0,0.0,0.0,0,0.0,1.0,0.0,0.0,0
1,1.0,0.0,1.0,0.0,0,0.0,-1.0,0.9100000262260437,0.2,2
1,1.0,1.0,0.0,0.0,0,0.0,1.0,0.0,0.0,0
1,1.0,1.0,0.0,0.0,0,0.0,1.0,0.0,0.0,0
1,1.0,0.0,1.0,0.0,0,0.0,-1.0,0.925000011920929,0.3,2
1,1.0,0.0,1.0,0.0,0,0.0,-1.0,0.7749999761581421,0.5,0
1,1.0,0.0,1.0,0.0,0,0.0,-1.0,0.800000011920929,0.8,1
1,1.0,0.0,1.0,0.0,0,0.0,-1.0,0.9099999666213989,0.3,3
1,1.0,1.0,0.0,0.0,0,0.0,1.0,0.0,0.0,0
1,0.9398346,0.2707444131374359,0.7292555570602417,0.06016543,1,0.0,-5.657057285308838,0.5042555332183838,0.5,2
1,1.0,0.0,1.0,0.0,0,0.0,-1.003008246421814,0.9500000476837158,0.2,0
1,1.0,0.0,1.0,0.0,0,0.0,-1.0,0.925000011920929,0.3,3
1,1.0,0.0,1.0,0.0,0,0.0,-1.0,0.75,1.0,3
1,1.0,1.0,0.0,0.0,0,0.0,1.0,0.0,0.0,0
1,1.0,0.0,1.0,0.0,0,0.0,-1.0,0.6800000071525574,0.8,1
1,1.0,1.0,0.0,0.0,0,0.0,1.0,0.0,0.0,0
1,1.0,0.0,1.0,0.0,0,0.0,-1.0,0.6800000071525574,0.8,3
1,1.0,0.0,1.0,0.0,0,0.0,-1.0,0.7599999904632568,0.8,1
1,1.0,0.0,1.0,0.0,0,0.0,-1.0,0.9099999666213989,0.3,0
1,1.0,0.0,1.0,0.0,0,0.0,-1.0,0.550000011920929,1.0,3
1,1.0,1.0,0.0,0.0,0,0.0,1.0,0.0,0.0,0
1,1.0,0.0,1.0,0.0,0,0.0,-1.0,0.9500000476837158,0.2,3
1,1.0,0.0,1.0,0.0,0,0.0,-1.0,0.9500000476837158,0.2,2
1,1.0,1.0,0.0,0.0,0,0.0,1.0,0.0,0.0,0
1,1.0,0.0,1.0,0.0,0,0.0,-1.0,0.9099999666213989,0.3,1
1,1.0,1.0,0.0,0.0,0,0.0,1.0,0.0,0.0,0
1,1.0,0.0,1.0,0.0,0,0.0,-1.0,0.940000057220459,0.2,1
1,1.0,0.0,1.0,0.0,0,0.0,-1.0,0.875,0.5,3
1,1.0,0.0,1.0,0.0,0,0.0,-1.0,0.800000011920929,0.8,0
1,1.0,1.0,0.0,0.0,0,0.0,1.0,0.0,0.0,0
1,1.0,0.0,1.0,0.0,0,0.0,-1.0,0.9500000476837158,0.2,1
1,1.0,0.0,1.0,0.0,0,0.0,-1.0,0.8500000238418579,0.5,0
1,1.0,1.0,0.0,0.0,0,0.0,1.0,0.0,0.0,0
1,1.0,0.0,1.0,0.0,0,0.0,-1.0,0.9500000476837158,0.2,0
1,1.0,0.0,1.0,0.0,0,0.0,-1.0,0.6800000071525574,0.8,0
1,1.0,1.0,0.0,0.0,0,0.0,1.0,0.0,0.0,0
1,1.0,1.0,0.0,0.0,0,0.0,1.0,0.0,0.0,0
1,1.0,1.0,0.0,0.0,0,0.0,1.0,0.0,0.0,0
1,1.0,0.0,1.0,0.0,0,0.0,-1.0,0.7599999904632568,0.8,3
1,1.0,0.0,1.0,0.0,0,0.0,-1.0,0.7599999904632568,0.8,3
1,1.0,0.0,1.0,0.0,0,0.0,-1.0,0.6800000071525574,0.8,2
1,1.0,0.0,1.0,0.0,0,0.0,-1.0,0.6800000071525574,0.8,1
1,1.0,1.0,0.0,0.0,0,0.0,1.0,0.0,0.0,0
1,1.0,0.0,1.0,0.0,0,0.0,-1.0,0.75,1.0,0
1,1.0,0.0,1.0,0.0,0,0.0,-1.0,0.800000011920929,0.8,2
1,1.0,0.0,1.0,0.0,0,0.0,-1.0,0.925000011920929,0.3,3
1,1.0,0.0,1.0,0.0,0,0.0,-1.0,0.875,0.5,0
1,1.0,0.0,1.0,0.0,0,0.0,-1.0,0.6399999856948853,0.8,0
1,1.0,0.0,1.0,0.0,0,0.0,-1.0,0.7000000476837158,1.0,2
1,1.0,0.0,1.0,0.0,0,0.0,-1.0,0.9099999666213989,0.3,0
1,1.0,1.0,0.0,0.0,0,0.0,1.0,0.0,0.0,0
1,1.0,0.0,1.0,0.0,0,0.0,-1.0,0.940000057220459,0.2,0
1,1.0,0.0,1.0,0.0,0,0.0,-1.0,0.9500000476837158,0.2,3
1,1.0,0.0,1.0,0.0,0,0.0,-1.0,0.6800000071525574,0.8,3
1,1.0,0.0,1.0,0.0,0,0.0,-1.0,0.6399999856948853,0.8,3
1,1.0,1.0,0.0,0.0,0,0.0,1.0,0.0,0.0,0
1,1.0,0.0,1.0,0.0,0,0.0,-1.0,0.6399999856948853,0.8,2
1,1.0,0.0,1.0,0.0,0,0.0,-1.0,0.9500000476837158,0.2,0
1,1.0,1.0,0.0,0.0,0,0.0,1.0,0.0,0.0,0
1,1.0,0.0,1.0,0.0,0,0.0,-1.0,0.925000011920929,0.3,3
1,1.0,1.0,0.0,0.0,0,0.0,1.0,0.0,0.0,0
1,1.0,0.0,1.0,0.0,0,0.0,-1.0,0.940000057220459,0.2,2
1,1.0,1.0,0.0,0.0,0,0.0,1.0,0.0,0.0,0
1,1.0,0.0,1.0,0.0,0,0.0,-1.0,0.800000011920929,0.8,0
1,1.0,0.0,1.0,0.0,0,0.0,-1.0,0.5999999642372131,1.0,1
1,1.0,0.0,1.0,0.0,0,0.0,-1.0,0.875,0.5,0
1,1.0,0.0,1.0,0.0,0,0.0,-1.0,0.9099999666213989,0.3,2
1,1.0,1.0,0.0,0.0,0,0.0,1.0,0.0,0.0,0
1,1.0,0.0,1.0,0.0,0,0.0,-1.0,0.75,1.0,3
1,1.0,0.0,1.0,0.0,0,0.0,-1.0,0.925000011920929,0.3,0
1,1.0,0.0,1.0,0.0,0,0.0,-1.0,0.7599999904632568,0.8,3
1,1.0,0.0,1.0,0.0,0,0.0,-1.0,0.925000011920929,0.3,3
1,1.0,0.0,1.0,0.0,0,0.0,-1.0,0.9099999666213989,0.3,0
1,1.0,0.0,1.0,0.0,0,0.0,-1.0,0.9099999666213989,0.3,0
1,1.0,0.0,1.0,0.0,0,0.0,-1.0,0.925000011920929,0.3,1
1,1.0,1.0,0.0,0.0,0,0.0,1.0,0.0,0.0,0
1,1.0,1.0,0.0,0.0,0,0.0,1.0,0.0,0.0,0
1,1.0,0.0,1.0,0.0,0,0.0,-1.0,0.940000057220459,0.2,1
1,1.0,1.0,0.0,0.0,0,0.0,1.0,0.0,0.0,0
1,1.0,1.0,0.0,0.0,0,0.0,1.0,0.0,0.0,0
1,1.0,0.0,1.0,0.0,0,0.0,-1.0,0.7000000476837158,1.0,1
1,1.0,0.0,1.0,0.0,0,0.0,-1.0,0.550000011920929,1.0,0
1,1.0,1.0,0.0,0.0,0,0.0,1.0,0.0,0.0,0
1,1.0,1.0,0.0,0.0,0,0.0,1.0,0.0,0.0,0
1,1.0,1.0,0.0,0.0,0,0.0,1.0,0.0,0.0,0
1,1.0,0.0,1.0,0.0,0,0.0,-1.0,0.875,0.5,0
1,1.0,0.0,1.0,0.0,0,0.0,-1.0,0.9500000476837158,0.2,3
1,1.0,0.0,1.0,0.0,0,0.0,-1.0,0.7749999761581421,0.5,3
1,1.0,0.0,1.0,0.0,0,0.0,-1.0,0.7999999523162842,0.5,2
1,1.0,0.0,1.0,0.0,0,0.0,-1.0,0.940000057220459,0.2,2
1,1.0,0.0,1.0,0.0,0,0.0,-1.0,0.800000011920929,0.8,3
1,1.0,1.0,0.0,0.0,0,0.0,1.0,0.0,0.0,0
1,1.0,0.0,1.0,0.0,0,0.0,-1.0,0.925000011920929,0.3,0
1,1.0,0.0,1.0,0.0,0,0.0,-1.0,0.940000057220459,0.2,0
1,1.0,0.0,1.0,0.0,0,0.0,-1.0,0.940000057220459,0.2,0
1,1.0,0.0,1.0,0.0,0,0.0,-1.0,0.925000011920929,0.3,0
1,1.0,0.0,1.0,0.0,0,0.0,-1.0,0.75,1.0,1
1,1.0,1.0,0.0,0.0,0,0.0,1.0,0.0,0.0,0
1,1.0,1.0,0.0,0.0,0,0.0,1.0,0.0,0.0,0
1,1.0,0.0,1.0,0.0,0,0.0,-1.0,0.925000011920929,0.3,2
1,1.0,1.0,0.0,0.0,0,0.0,1.0,0.0,0.0,0
1,1.0,0.0,1.0,0.0,0,0.0,-1.0,0.925000011920929,0.3,3
1,1.0,1.0,0.0,0.0,0,0.0,1.0,0.0,0.0,0
1,1.0,1.0,0.0,0.0,0,0.0,1.0,0.0,0.0,0
1,1.0,0.0,1.0,0.0,0,0.0,-1.0,0.9200000166893005,0.2,2
1,1.0,0.0,1.0,0.0,0,0.0,-1.0,0.925000011920929,0.3,3
1,1.0,0.0,1.0,0.0,0,0.0,-1.0,0.800000011920929,0.8,2
1,1.0,0.0,1.0,0.0,0,0.0,-1.0,0.9500000476837158,0.2,2
1,1.0,0.0,1.0,0.0,0,0.0,-1.0,0.6800000071525574,0.8,0
1,1.0,1.0,0.0,0.0,0,0.0,1.0,0.0,0.0,0
1,1.0,0.0,1.0,0.0,0,0.0,-1.0,0.925000011920929,0.3,1
1,1.0,0.0,1.0,0.0,0,0.0,-1.0,0.6399999856948853,0.8,2
1,1.0,0.0,1.0,0.0,0,0.0,-1.0,0.875,0.5,2
1,1.0,0.0,1.0,0.0,0,0.0,-1.0,0.800000011920929,0.8,2
1,1.0,0.0,1.0,0.0,0,0.0,-1.0,0.6800000071525574,0.8,0
1,1.0,0.0,1.0,0.0,0,0.0,-1.0,0.6800000071525574,0.8,3
1,1.0,0.0,1.0,0.0,0,0.0,-1.0,0.940000057220459,0.2,0
1,1.0,0.0,1.0,0.0,0,0.0,-1.0,0.7599999904632568,0.8,3
1,1.0,0.0,1.0,0.0,0,0.0,-1.0,0.925000011920929,0.3,3
1,1.0,1.0,0.0,0.0,0,0.0,1.0,0.0,0.0,0
1,1.0,0.0,1.0,0.0,0,0.0,-1.0,0.7000000476837158,1.0,0
1,1.0,0.0,1.0,0.0,0,0.0,-1.0,0.940000057220459,0.2,0
1,1.0,0.0,1.0,0.0,0,0.0,-1.0,0.875,0.5,0
1,1.0,1.0,0.0,0.0,0,0.0,1.0,0.0,0.0,0
1,1.0,0.0,1.0,0.0,0,0.0,-1.0,0.940000057220459,0.2,0
1,1.0,1.0,0.0,0.0,0,0.0,1.0,0.0,0.0,0
1,1.0,0.0,1.0,0.0,0,0.0,-1.0,0.6800000071525574,0.8,0
1,1.0,0.0,1.0,0.0,0,0.0,-1.0,0.75,1.0,1
1,1.0,0.0,1.0,0.0,0,0.0,-1.0,0.925000011920929,0.3,3
1,1.0,0.0,1.0,0.0,0,0.0,-1.0,0.9500000476837158,0.2,0
1,1.0,0.0,1.0,0.0,0,0.0,-1.0,0.9500000476837158,0.2,3
1,1.0,0.0,1.0,0.0,0,0.0,-1.0,0.9200000166893005,0.2,2
1,1.0,1.0,0.0,0.0,0,0.0,1.0,0.0,0.0,0
1,1.0,0.0,1.0,0.0,0,0.0,-1.0,0.9500000476837158,0.2,3
1,1.0,0.0,1.0,0.0,0,0.0,-1.0,0.9500000476837158,0.2,1
1,1.0,1.0,0.0,0.0,0,0.0,1.0,0.0,0.0,0
1,1.0,0.0,1.0,0.0,0,0.0,-1.0,0.925000011920929,0.3,1
1,1.0,1.0,0.0,0.0,0,0.0,1.0,0.0,0.0,0
1,1.0,1.0,0.0,0.0,0,0.0,1.0,0.0,0.0,0
1,1.0,1.0,0.0,0.0,0,0.0,1.0,0.0,0.0,0
1,1.0,0.0,1.0,0.0,0,0.0,-1.0,0.9500000476837158,0.2,0
1,1.0,0.0,1.0,0.0,0,0.0,-1.0,0.75,1.0,2
1,1.0,0.0,1.0,0.0,0,0.0,-1.0,0.9099999666213989,0.3,3
1,1.0,0.0,1.0,0.0,0,0.0,-1.0,0.7000000476837158,1.0,3
1,1.0,0.0,1.0,0.0,0,0.0,-1.0,0.925000011920929,0.3,2
1,1.0,0.0,1.0,0.0,0,0.0,-1.0,0.6800000071525574,0.8,1
1,1.0,0.0,1.0,0.0,0,0.0,-1.0,0.940000057220459,0.2,2
1,1.0,0.0,1.0,0.0,0,0.0,-1.0,0.940000057220459,0.2,3
1,1.0,0.0,1.0,0.0,0,0.0,-1.0,0.9500000476837158,0.2,2
1,1.0,0.0,1.0,0.0,0,0.0,-1.0,0.75,1.0,1
1,1.0,0.0,1.0,0.0,0,0.0,-1.0,0.940000057220459,0.2,3
1,1.0,0.0,1.0,0.0,0,0.0,-1.0,0.5999999642372131,1.0,0
1,1.0,0.0,1.0,0.0,0,0.0,-1.0,0.75,1.0,2
1,1.0,0.0,1.0,0.0,0,0.0,-1.0,0.800000011920929,0.8,2
1,0.9097767,0.4060049057006836,0.5939950942993164,0.09022331,1,0.0,-5.485727310180664,0.39399510622024536,0.8,3
1,1.0,0.0,1.0,0.0,0,0.0,-1.0045111179351807,0.9200000166893005,0.2,2
1,1.0,1.0,0.0,0.0,0,0.0,1.0,0.0,0.0,0
1,1.0,1.0,0.0,0.0,0,0.0,1.0,0.0,0.0,0
1,1.0,0.0,1.0,0.0,0,0.0,-1.0,0.7599999904632568,0.8,2
1,1.0,1.0,0.0,0.0,0,0.0,1.0,0.0,0.0,0
1,1.0,0.0,1.0,0.0,0,0.0,-1.0,0.6800000071525574,0.8,1
1,1.0,0.0,1.0,0.0,0,0.0,-1.0,0.9500000476837158,0.2,2
1,1.0,1.0,0.0,0.0,0,0.0,1.0,0.0,0.0,0
1,1.0,1.0,0.0,0.0,0,0.0,1.0,0.0,0.0,0
1,1.0,0.0,1.0,0.0,0,0.0,-1.0,0.75,1.0,1
1,1.0,0.0,1.0,0.0,0,0.0,-1.0,0.925000011920929,0.3,0
1,1.0,0.0,1.0,0.0,0,0.0,-1.0,0.800000011920929,0.8,3
1,1.0,0.0,1.0,0.0,0,0.0,-1.0,0.9500000476837158,0.2,2
1,1.0,0.0,1.0,0.0,0,0.0,-1.0,0.9500000476837158,0.2,2
1,0.9629091,1.0,0.0,0.037090924,0,0.0,0.8831636309623718,0.0,0.0,0
1,1.0,0.0,1.0,0.0,0,0.0,-1.0009273290634155,0.7599999904632568,0.8,2
1,1.0,0.0,1.0,0.0,0,0.0,-1.0,0.9099999666213989,0.3,2
1,1.0,1.0,0.0,0.0,0,0.0,1.0,0.0,0.0,0
1,1.0,1.0,0.0,0.0,0,0.0,1.0,0.0,0.0,0
1,1.0,0.0,1.0,0.0,0,0.0,-1.0,0.9500000476837158,0.2,3
1,1.0,1.0,0.0,0.0,0,0.0,1.0,0.0,0.0,0
1,1.0,1.0,0.0,0.0,0,0.0,1.0,0.0,0.0,0
1,1.0,0.0,1.0,0.0,0,0.0,-1.0,0.800000011920929,0.8,2
1,1.0,0.0,1.0,0.0,0,0.0,-1.0,0.800000011920929,0.8,2
1,1.0,0.0,1.0,0.0,0,0.0,-1.0,0.9099999666213989,0.3,2
1,1.0,1.0,0.0,0.0,0,0.0,1.0,0.0,0.0,0
1,1.0,0.0,1.0,0.0,0,0.0,-1.0,0.9500000476837158,0.2,3
1,1.0,0.0,1.0,0.0,0,0.0,-1.0,0.875,0.5,3
1,1.0,0.0,1.0,0.0,0,0.0,-1.0,0.75,1.0,1
1,1.0,0.0,1.0,0.0,0,0.0,-1.0,0.7999999523162842,0.5,1
1,1.0,0.0,1.0,0.0,0,0.0,-1.0,0.9100000262260437,0.2,0
1,1.0,1.0,0.0,0.0,0,0.0,1.0,0.0,0.0,0
1,1.0,1.0,0.0,0.0,0,0.0,1.0,0.0,0.0,0
1,1.0,0.0,1.0,0.0,0,0.0,-1.0,0.8500000238418579,0.5,1
1,1.0,0.0,1.0,0.0,0,0.0,-1.0,0.9200000166893005,0.2,2
1,1.0,0.0,1.0,0.0,0,0.0,-1.0,0.9500000476837158,0.2,0
1,1.0,0.0,1.0,0.0,0,0.0,-1.0,0.9200000166893005,0.2,1
1,1.0,0.0,1.0,0.0,0,0.0,-1.0,0.875,0.5,2
1,1.0,0.0,1.0,0.0,0,0.0,-1.0,0.7000000476837158,1.0,3
1,1.0,0.0,1.0,0.0,0,0.0,-1.0,0.7599999904632568,0.8,2
1,1.0,0.0,1.0,0.0,0,0.0,-1.0,0.875,0.5,3
1,1.0,1.0,0.0,0.0,0,0.0,1.0,0.0,0.0,0
1,1.0,1.0,0.0,0.0,0,0.0,1.0,0.0,0.0,0
1,1.0,1.0,0.0,0.0,0,0.0,1.0,0.0,0.0,0
1,1.0,0.0,1.0,0.0,0,0.0,-1.0,0.8500000238418579,0.5,3
1,1.0,1.0,0.0,0.0,0,0.0,1.0,0.0,0.0,0
1,1.0,0.0,1.0,0.0,0,0.0,-1.0,0.9200000166893005,0.2,0
1,1.0,1.0,0.0,0.0,0,0.0,1.0,0.0,0.0,0
1,1.0,0.0,1.0,0.0,0,0.0,-1.0,0.9099999666213989,0.3,0
1,1.0,1.0,0.0,0.0,0,0.0,1.0,0.0,0.0,0
1,1.0,0.0,1.0,0.0,0,0.0,-1.0,0.8500000238418579,0.5,3
1,1.0,0.0,1.0,0.0,0,0.0,-1.0,0.6399999856948853,0.8,3
1,1.0,0.0,1.0,0.0,0,0.0,-1.0,0.7000000476837158,1.0,0
1,1.0,0.0,1.0,0.0,0,0.0,-1.0,0.9099999666213989,0.3,1
1,1.0,0.0,1.0,0.0,0,0.0,-1.0,0.875,0.5,2
1,1.0,0.0,1.0,0.0,0,0.0,-1.0,0.75,1.0,1
1,1.0,0.0,1.0,0.0,0,0.0,-1.0,0.7999999523162842,0.5,3
1,1.0,0.0,1.0,0.0,0,0.0,-1.0,0.9099999666213989,0.3,2
1,1.0,0.0,1.0,0.0,0,0.0,-1.0,0.800000011920929,0.8,0
1,1.0,0.0,1.0,0.0,0,0.0,-1.0,0.550000011920929,1.0,1
1,1.0,0.0,1.0,0.0,0,0.0,-1.0,0.9099999666213989,0.3,0
1,1.0,0.0,1.0,0.0,0,0.0,-1.0,0.925000011920929,0.3,1
1,1.0,1.0,0.0,0.0,0,0.0,1.0,0.0,0.0,0
1,1.0,1.0,0.0,0.0,0,0.0,1.0,0.0,0.0,0
1,1.0,1.0,0.0,0.0,0,0.0,1.0,0.0,0.0,0
1,1.0,0.0,1.0,0.0,0,0.0,-1.0,0.9200000166893005,0.2,3
1,1.0,0.0,1.0,0.0,0,0.0,-1.0,0.9500000476837158,0.2,2
1,1.0,0.0,1.0,0.0,0,0.0,-1.0,0.940000057220459,0.2,2
1,1.0,0.0,1.0,0.0,0,0.0,-1.0,0.6800000071525574,0.8,3
1,1.0,0.0,1.0,0.0,0,0.0,-1.0,0.800000011920929,0.8,2
1,1.0,1.0,0.0,0.0,0,0.0,1.0,0.0,0.0,0
1,1.0,0.0,1.0,0.0,0,0.0,-1.0,0.8500000238418579,0.5,2
1,1.0,0.0,1.0,0.0,0,0.0,-1.0,0.550000011920929,1.0,3
1,1.0,0.0,1.0,0.0,0,0.0,-1.0,0.800000011920929,0.8,1
1,1.0,0.0,1.0,0.0,0,0.0,-1.0,0.5999999642372131,1.0,1
1,1.0,1.0,0.0,0.0,0,0.0,1.0,0.0,0.0,0
1,1.0,1.0,0.0,0.0,0,0.0,1.0,0.0,0.0,0
1,1.0,0.0,1.0,0.0,0,0.0,-1.0,0.9100000262260437,0.2,0
1,1.0,0.0,1.0,0.0,0,0.0,-1.0,0.940000057220459,0.2,2
1,1.0,0.0,1.0,0.0,0,0.0,-1.0,0.925000011920929,0.3,0
1,1.0,0.0,1.0,0.0,0,0.0,-1.0,0.925000011920929,0.3,3
1,1.0,0.0,1.0,0.0,0,0.0,-1.0,0.7999999523162842,0.5,2
1,1.0,1.0,0.0,0.0,0,0.0,1.0,0.0,0.0,0
1,1.0,1.0,0.0,0.0,0,0.0,1.0,0.0,0.0,0
1,1.0,0.0,1.0,0.0,0,0.0,-1.0,0.925000011920929,0.3,3
1,1.0,0.0,1.0,0.0,0,0.0,-1.0,0.925000011920929,0.3,2
1,1.0,0.0,1.0,0.0,0,0.0,-1.0,0.7749999761581421,0.5,3
1,1.0,1.0,0.0,0.0,0,0.0,1.0,0.0,0.0,0
1,1.0,0.0,1.0,0.0,0,0.0,-1.0,0.925000011920929,0.3,1
1,1.0,1.0,0.0,0.0,0,0.0,1.0,0.0,0.0,0
1,1.0,0.0,1.0,0.0,0,0.0,-1.0,0.925000011920929,0.3,1
1,1.0,0.0,1.0,0.0,0,0.0,-1.0,0.6399999856948853,0.8,0
1,1.0,0.0,1.0,0.0,0,0.0,-1.0,0.75,1.0,0
1,1.0,0.0,1.0,0.0,0,0.0,-1.0,0.940000057220459,0.2,1
1,1.0,0.0,1.0,0.0,0,0.0,-1.0,0.9500000476837158,0.2,0
1,1.0,0.0,1.0,0.0,0,0.0,-1.0,0.800000011920929,0.8,0
1,1.0,0.0,1.0,0.0,0,0.0,-1.0,0.7749999761581421,0.5,3
1,1.0,0.0,1.0,0.0,0,0.0,-1.0,0.7599999904632568,0.8,0
1,1.0,1.0,0.0,0.0,0,0.0,1.0,0.0,0.0,0
1,1.0,0.0,1.0,0.0,0,0.0,-1.0,0.6399999856948853,0.8,0
1,1.0,1.0,0.0,0.0,0,0.0,1.0,0.0,0.0,0
1,1.0,0.0,1.0,0.0,0,0.0,-1.0,0.925000011920929,0.3,2
1,1.0,0.0,1.0,0.0,0,0.0,-1.0,0.9500000476837158,0.2,0
1,1.0,0.0,1.0,0.0,0,0.0,-1.0,0.925000011920929,0.3,1
1,1.0,0.0,1.0,0.0,0,0.0,-1.0,0.925000011920929,0.3,2
1,1.0,0.0,1.0,0.0,0,0.0,-1.0,0.9500000476837158,0.2,0
1,1.0,0.0,1.0,0.0,0,0.0,-1.0,0.925000011920929,0.3,3
1,1.0,0.0,1.0,0.0,0,0.0,-1.0,0.925000011920929,0.3,0
1,1.0,1.0,0.0,0.0,0,0.0,1.0,0.0,0.0,0
1,1.0,0.0,1.0,0.0,0,0.0,-1.0,0.5999999642372131,1.0,1
1,1.0,0.0,1.0,0.0,0,0.0,-1.0,0.6800000071525574,0.8,3
1,1.0,1.0,0.0,0.0,0,0.0,1.0,0.0,0.0,0
1,1.0,0.0,1.0,0.0,0,0.0,-1.0,0.5999999642372131,1.0,0
1,1.0,0.0,1.0,0.0,0,0.0,-1.0,0.875,0.5,3
1,1.0,0.0,1.0,0.0,0,0.0,-1.0,0.8500000238418579,0.5,3
1,1.0,1.0,0.0,0.0,0,0.0,1.0,0.0,0.0,0
1,1.0,0.0,1.0,0.0,0,0.0,-1.0,0.925000011920929,0.3,1
1,1.0,0.0,1.0,0.0,0,0.0,-1.0,0.9200000166893005,0.2,2
1,1.0,0.0,1.0,0.0,0,0.0,-1.0,0.925000011920929,0.3,3
1,1.0,0.0,1.0,0.0,0,0.0,-1.0,0.9500000476837158,0.2,0
1,1.0,1.0,0.0,0.0,0,0.0,1.0,0.0,0.0,0
1,1.0,0.0,1.0,0.0,0,0.0,-1.0,0.9099999666213989,0.3,3
1,1.0,1.0,0.0,0.0,0,0.0,1.0,0.0,0.0,0
1,1.0,1.0,0.0,0.0,0,0.0,1.0,0.0,0.0,0
1,1.0,1.0,0.0,0.0,0,0.0,1.0,0.0,0.0,0
1,1.0,0.0,1.0,0.0,0,0.0,-1.0,0.5999999642372131,1.0,1
1,1.0,0.0,1.0,0.0,0,0.0,-1.0,0.940000057220459,0.2,3
1,1.0,0.0,1.0,0.0,0,0.0,-1.0,0.7999999523162842,0.5,2
1,1.0,0.0,1.0,0.0,0,0.0,-1.0,0.925000011920929,0.3,0
1,1.0,1.0,0.0,0.0,0,0.0,1.0,0.0,0.0,0
1,1.0,0.0,1.0,0.0,0,0.0,-1.0,0.75,1.0,0
1,1.0,0.0,1.0,0.0,0,0.0,-1.0,0.925000011920929,0.3,1
1,1.0,1.0,0.0,0.0,0,0.0,1.0,0.0,0.0,0
1,1.0,0.0,1.0,0.0,0,0.0,-1.0,0.9200000166893005,0.2,3
1,1.0,0.0,1.0,0.0,0,0.0,-1.0,0.9500000476837158,0.2,1
1,1.0,0.0,1.0,0.0,0,0.0,-1.0,0.5999999642372131,1.0,1
1,1.0,0.0,1.0,0.0,0,0.0,-1.0,0.875,0.5,2
1,1.0,0.0,1.0,0.0,0,0.0,-1.0,0.9099999666213989,0.3,2
1,1.0,0.0,1.0,0.0,0,0.0,-1.0,0.925000011920929,0.3,0
1,1.0,0.0,1.0,0.0,0,0.0,-1.0,0.7000000476837158,1.0,2
1,1.0,0.0,1.0,0.0,0,0.0,-1.0,0.9500000476837158,0.2,1
1,1.0,0.0,1.0,0.0,0,0.0,-1.0,0.7999999523162842,0.5,3
1,1.0,0.0,1.0,0.0,0,0.0,-1.0,0.75,1.0,3
1,1.0,0.0,1.0,0.0,0,0.0,-1.0,0.875,0.5,1
1,1.0,1.0,0.0,0.0,0,0.0,1.0,0.0,0.0,0
1,1.0,1.0,0.0,0.0,0,0.0,1.0,0.0,0.0,0
1,1.0,1.0,0.0,0.0,0,0.0,1.0,0.0,0.0,0
1,1.0,0.0,1.0,0.0,0,0.0,-1.0,0.6800000071525574,0.8,2
1,1.0,1.0,0.0,0.0,0,0.0,1.0,0.0,0.0,0
1,1.0,1.0,0.0,0.0,0,0.0,1.0,0.0,0.0,0
1,1.0,0.0,1.0,0.0,0,0.0,-1.0,0.6399999856948853,0.8,0
1,1.0,1.0,0.0,0.0,0,0.0,1.0,0.0,0.0,0
1,1.0,0.0,1.0,0.0,0,0.0,-1.0,0.940000057220459,0.2,2
1,1.0,1.0,0.0,0.0,0,0.0,1.0,0.0,0.0,0
1,1.0,0.0,1.0,0.0,0,0.0,-1.0,0.6800000071525574,0.8,1
1,1.0,0.0,1.0,0.0,0,0.0,-1.0,0.925000011920929,0.3,2
1,1.0,0.0,1.0,0.0,0,0.0,-1.0,0.6399999856948853,0.8,1
1,1.0,0.0,1.0,0.0,0,0.0,-1.0,0.6800000071525574,0.8,1
1,1.0,0.0,1.0,0.0,0,0.0,-1.0,0.875,0.5,1
1,1.0,0.0,1.0,0.0,0,0.0,-1.0,0.875,0.5,1
1,1.0,0.0,1.0,0.0,0,0.0,-1.0,0.925000011920929,0.3,1
1,1.0,1.0,0.0,0.0,0,0.0,1.0,0.0,0.0,0
1,1.0,1.0,0.0,0.0,0,0.0,1.0,0.0,0.0,0
1,1.0,1.0,0.0,0.0,0,0.0,1.0,0.0,0.0,0
1,1.0,0.0,1.0,0.0,0,0.0,-1.0,0.7000000476837158,1.0,3
1,1.0,0.0,1.0,0.0,0,0.0,-1.0,0.9200000166893005,0.2,1
1,1.0,0.0,1.0,0.0,0,0.0,-1.0,0.9099999666213989,0.3,0
1,1.0,0.0,1.0,0.0,0,0.0,-1.0,0.7599999904632568,0.8,3
1,1.0,0.0,1.0,0.0,0,0.0,-1.0,0.9500000476837158,0.2,0
1,1.0,0.0,1.0,0.0,0,0.0,-1.0,0.75,1.0,1
1,1.0,0.0,1.0,0.0,0,0.0,-1.0,0.875,0.5,3
1,1.0,0.0,1.0,0.0,0,0.0,-1.0,0.6800000071525574,0.8,1
1,1.0,0.0,1.0,0.0,0,0.0,-1.0,0.925000011920929,0.3,3
1,1.0,0.0,1.0,0.0,0,0.0,-1.0,0.875,0.5,1
1,1.0,0.0,1.0,0.0,0,0.0,-1.0,0.7599999904632568,0.8,2
1,1.0,0.0,1.0,0.0,0,0.0,-1.0,0.7599999904632568,0.8,0
1,1.0,1.0,0.0,0.0,0,0.0,1.0,0.0,0.0,0
1,1.0,0.0,1.0,0.0,0,0.0,-1.0,0.75,1.0,2
1,1.0,0.0,1.0,0.0,0,0.0,-1.0,0.75,1.0,2
1,1.0,0.0,1.0,0.0,0,0.0,-1.0,0.800000011920929,0.8,1
1,1.0,0.0,1.0,0.0,0,0.0,-1.0,0.925000011920929,0.3,1
1,1.0,0.0,1.0,0.0,0,0.0,-1.0,0.7599999904632568,0.8,0
1,1.0,1.0,0.0,0.0,0,0.0,1.0,0.0,0.0,0
1,1.0,1.0,0.0,0.0,0,0.0,1.0,0.0,0.0,0
1,1.0,1.0,0.0,0.0,0,0.0,1.0,0.0,0.0,0
1,1.0,0.0,1.0,0.0,0,0.0,-1.0,0.875,0.5,2
1,1.0,1.0,0.0,0.0,0,0.0,1.0,0.0,0.0,0
1,1.0,1.0,0.0,0.0,0,0.0,1.0,0.0,0.0,0
1,1.0,0.0,1.0,0.0,0,0.0,-1.0,0.550000011920929,1.0,2
1,1.0,1.0,0.0,0.0,0,0.0,1.0,0.0,0.0,0
2,1.0,0.0,1.0,0.0,0,0.0,-1.0,0.6800000071525574,0.8,0
2,1.0,0.0,1.0,0.0,0,0.0,-1.0,0.9200000166893005,0.2,1
2,1.0,0.0,1.0,0.0,0,0.0,-1.0,0.9500000476837158,0.2,1
2,1.0,0.0,1.0,0.0,0,0.0,-1.0,0.925000011920929,0.3,3
2,1.0,0.0,1.0,0.0,0,0.0,-1.0,0.6800000071525574,0.8,3
2,1.0,0.0,1.0,0.0,0,0.0,-1.0,0.9100000262260437,0.2,3
2,1.0,0.0,1.0,0.0,0,0.0,-1.0,0.925000011920929,0.3,1
2,1.0,0.0,1.0,0.0,0,0.0,-1.0,0.9500000476837158,0.2,1
2,1.0,0.0,1.0,0.0,0,0.0,-1.0,0.7749999761581421,0.5,1
2,1.0,1.0,0.0,0.0,0,0.0,1.0,0.0,0.0,0
2,1.0,0.0,1.0,0.0,0,0.0,-1.0,0.800000011920929,0.8,0
2,1.0,0.0,1.0,0.0,0,0.0,-1.0,0.940000057220459,0.2,1
2,1.0,1.0,0.0,0.0,0,0.0,1.0,0.0,0.0,0
2,1.0,1.0,0.0,0.0,0,0.0,1.0,0.0,0.0,0
2,1.0,1.0,0.0,0.0,0,0.0,1.0,0.0,0.0,0
2,0.99712646,0.0129310367628932,0.9870689511299133,0.002873564,0,0.0,-0.9836207032203674,0.9120689630508423,0.3,0
2,1.0,0.0,1.0,0.0,0,0.0,-1.0001436471939087,0.940000057220459,0.2,0
2,1.0,1.0,0.0,0.0,0,0.0,1.0,0.0,0.0,0
2,1.0,0.0,1.0,0.0,0,0.0,-1.0,0.875,0.5,0
2,1.0,0.0,1.0,0.0,0,0.0,-1.0,0.7749999761581421,0.5,1
2,1.0,1.0,0.0,0.0,0,0.0,1.0,0.0,0.0,0
2,1.0,1.0,0.0,0.0,0,0.0,1.0,0.0,0.0,0
2,1.0,0.0,1.0,0.0,0,0.0,-1.0,0.940000057220459,0.2,3
2,1.0,0.0,1.0,0.0,0,0.0,-1.0,0.5999999642372131,1.0,2
2,1.0,1.0,0.0,0.0,0,0.0,1.0,0.0,0.0,0
2,1.0,0.0,1.0,0.0,0,0.0,-1.0,0.875,0.5,0
2,1.0,0.0,1.0,0.0,0,0.0,-1.0,0.7000000476837158,1.0,3
2,1.0,1.0,0.0,0.0,0,0.0,1.0,0.0,0.0,0
2,1.0,0.0,1.0,0.0,0,0.0,-1.0,0.7999999523162842,0.5,1
2,1.0,0.0,1.0,0.0,0,0.0,-1.0,0.8500000238418579,0.5,2
2,1.0,1.0,0.0,0.0,0,0.0,1.0,0.0,0.0,0
2,1.0,1.0,0.0,0.0,0,0.0,1.0,0.0,0.0,0
2,1.0,1.0,0.0,0.0,0,0.0,1.0,0.0,0.0,0
2,1.0,0.0,1.0,0.0,0,0.0,-1.0,0.7749999761581421,0.5,3
2,1.0,0.0,1.0,0.0,0,0.0,-1.0,0.925000011920929,0.3,2
2,1.0,0.0,1.0,0.0,0,0.0,-1.0,0.7999999523162842,0.5,2
2,1.0,0.0,1.0,0.0,0,0.0,-1.0,0.925000011920929,0.3,2
2,1.0,1.0,0.0,0.0,0,0.0,1.0,0.0,0.0,0
2,1.0,0.0,1.0,0.0,0,0.0,-1.0,0.9099999666213989,0.3,1
2,1.0,1.0,0.0,0.0,0,0.0,1.0,0.0,0.0,0
2,1.0,0.0,1.0,0.0,0,0.0,-1.0,0.9200000166893005,0.2,0
2,1.0,0.0,1.0,0.0,0,0.0,-1.0,0.8500000238418579,0.5,3
2,1.0,0.0,1.0,0.0,0,0.0,-1.0,0.8500000238418579,0.5,0
2,1.0,0.0,1.0,0.0,0,0.0,-1.0,0.925000011920929,0.3,2
2,1.0,0.0,1.0,0.0,0,0.0,-1.0,0.9099999666213989,0.3,1
2,1.0,0.0,1.0,0.0,0,0.0,-1.0,0.5999999642372131,1.0,1
2,1.0,0.0,1.0,0.0,0,0.0,-1.0,0.6399999856948853,0.8,3
2,1.0,0.0,1.0,0.0,0,0.0,-1.0,0.925000011920929,0.3,2
2,1.0,1.0,0.0,0.0,0,0.0,1.0,0.0,0.0,0
2,1.0,0.0,1.0,0.0,0,0.0,-1.0,0.75,1.0,0
2,1.0,0.0,1.0,0.0,0,0.0,-1.0,0.800000011920929,0.8,1
2,1.0,1.0,0.0,0.0,0,0.0,1.0,0.0,0.0,0
2,1.0,1.0,0.0,0.0,0,0.0,1.0,0.0,0.0,0
2,1.0,0.0,1.0,0.0,0,0.0,-1.0,0.800000011920929,0.8,0
2,1.0,0.0,1.0,0.0,0,0.0,-1.0,0.7599999904632568,0.8,1
2,1.0,0.0,1.0,0.0,0,0.0,-1.0,0.875,0.5,2
2,1.0,0.0,1.0,0.0,0,0.0,-1.0,0.9500000476837158,0.2,2
2,1.0,1.0,0.0,0.0,0,0.0,1.0,0.0,0.0,0
2,1.0,1.0,0.0,0.0,0,0.0,1.0,0.0,0.0,0
2,1.0,0.0,1.0,0.0,0,0.0,-1.0,0.7999999523162842,0.5,0
2,1.0,0.0,1.0,0.0,0,0.0,-1.0,0.925000011920929,0.3,1
2,1.0,0.0,1.0,0.0,0,0.0,-1.0,0.9500000476837158,0.2,2
2,1.0,0.0,1.0,0.0,0,0.0,-1.0,0.9100000262260437,0.2,2
2,1.0,0.0,1.0,0.0,0,0.0,-1.0,0.7599999904632568,0.8,0
2,1.0,0.0,1.0,0.0,0,0.0,-1.0,0.5999999642372131,1.0,2
2,1.0,1.0,0.0,0.0,0,0.0,1.0,0.0,0.0,0
2,1.0,1.0,0.0,0.0,0,0.0,1.0,0.0,0.0,0
2,1.0,0.0,1.0,0.0,0,0.0,-1.0,0.6800000071525574,0.8,0
2,1.0,0.0,1.0,0.0,0,0.0,-1.0,0.6399999856948853,0.8,2
2,1.0,0.0,1.0,0.0,0,0.0,-1.0,0.940000057220459,0.2,1
2,1.0,1.0,0.0,0.0,0,0.0,1.0,0.0,0.0,0
2,1.0,0.0,1.0,0.0,0,0.0,-1.0,0.800000011920929,0.8,0
2,1.0,0.0,1.0,0.0,0,0.0,-1.0,0.800000011920929,0.8,3
2,1.0,1.0,0.0,0.0,0,0.0,1.0,0.0,0.0,0
2,1.0,1.0,0.0,0.0,0,0.0,1.0,0.0,0.0,0
2,1.0,0.0,1.0,0.0,0,0.0,-1.0,0.9500000476837158,0.2,1
2,1.0,1.0,0.0,0.0,0,0.0,1.0,0.0,0.0,0
2,1.0,0.0,1.0,0.0,0,0.0,-1.0,0.940000057220459,0.2,0
2,1.0,1.0,0.0,0.0,0,0.0,1.0,0.0,0.0,0
2,1.0,0.0,1.0,0.0,0,0.0,-1.0,0.9200000166893005,0.2,2
2,1.0,0.0,1.0,0.0,0,0.0,-1.0,0.6399999856948853,0.8,1
2,1.0,0.0,1.0,0.0,0,0.0,-1.0,0.940000057220459,0.2,0
2,1.0,0.0,1.0,0.0,0,0.0,-1.0,0.8500000238418579,0.5,0
2,1.0,1.0,0.0,0.0,0,0.0,1.0,0.0,0.0,0
2,1.0,1.0,0.0,0.0,0,0.0,1.0,0.0,0.0,0
2,1.0,0.0,1.0,0.0,0,0.0,-1.0,0.5999999642372131,1.0,0
2,1.0,0.0,1.0,0.0,0,0.0,-1.0,0.75,1.0,3
2,1.0,0.0,1.0,0.0,0,0.0,-1.0,0.75,1.0,3
2,1.0,0.0,1.0,0.0,0,0.0,-1.0,0.9500000476837158,0.2,1
2,1.0,0.0,1.0,0.0,0,0.0,-1.0,0.9100000262260437,0.2,2
2,1.0,0.0,1.0,0.0,0,0.0,-1.0,0.7999999523162842,0.5,1
2,1.0,0.0,1.0,0.0,0,0.0,-1.0,0.925000011920929,0.3,0
2,1.0,0.0,1.0,0.0,0,0.0,-1.0,0.7999999523162842,0.5,1
2,1.0,1.0,0.0,0.0,0,0.0,1.0,0.0,0.0,0
2,1.0,0.0,1.0,0.0,0,0.0,-1.0,0.925000011920929,0.3,2
2,1.0,0.0,1.0,0.0,0,0.0,-1.0,0.9200000166893005,0.2,1
2,1.0,0.0,1.0,0.0,0,0.0,-1.0,0.9500000476837158,0.2,3
2,1.0,0.0,1.0,0.0,0,0.0,-1.0,0.9500000476837158,0.2,1
2,1.0,1.0,0.0,0.0,0,0.0,1.0,0.0,0.0,0
2,1.0,0.0,1.0,0.0,0,0.0,-1.0,0.550000011920929,1.0,3
2,1.0,0.0,1.0,0.0,0,0.0,-1.0,0.875,0.5,2
2,1.0,0.0,1.0,0.0,0,0.0,-1.0,0.925000011920929,0.3,2
2,1.0,0.0,1.0,0.0,0,0.0,-1.0,0.800000011920929,0.8,3
2,0.936682,0.284930944442749,0.715069055557251,0.06331799,1,0.0,-5.639087677001953,0.3150690197944641,1.0,2
2,1.0,0.0,1.0,0.0,0,0.0,-1.0031658411026,0.875,0.5,2
2,1.0,0.0,1.0,0.0,0,0.0,-1.0,0.925000011920929,0.3,2
2,1.0,0.0,1.0,0.0,0,0.0,-1.0,0.800000011920929,0.8,0
2,1.0,0.0,1.0,0.0,0,0.0,-1.0,0.925000011920929,0.3,0
2,1.0,0.0,1.0,0.0,0,0.0,-1.0,0.925000011920929,0.3,0
2,1.0,0.0,1.0,0.0,0,0.0,-1.0,0.9200000166893005,0.2,2
2,1.0,0.0,1.0,0.0,0,0.0,-1.0,0.7999999523162842,0.5,0
2,1.0,0.0,1.0,0.0,0,0.0,-1.0,0.7599999904632568,0.8,1
2,1.0,0.0,1.0,0.0,0,0.0,-1.0,0.75,1.0,2
2,1.0,0.0,1.0,0.0,0,0.0,-1.0,0.925000011920929,0.3,1
2,1.0,0.0,1.0,0.0,0,0.0,-1.0,0.75,1.0,2
2,1.0,0.0,1.0,0.0,0,0.0,-1.0,0.9500000476837158,0.2,3
2,1.0,0.0,1.0,0.0,0,0.0,-1.0,0.6399999856948853,0.8,2
2,1.0,0.0,1.0,0.0,0,0.0,-1.0,0.875,0.5,3
2,1.0,0.0,1.0,0.0,0,0.0,-1.0,0.9099999666213989,0.3,0
2,1.0,0.0,1.0,0.0,0,0.0,-1.0,0.6800000071525574,0.8,0
2,1.0,0.0,1.0,0.0,0,0.0,-1.0,0.9099999666213989,0.3,1
2,1.0,0.0,1.0,0.0,0,0.0,-1.0,0.9500000476837158,0.2,2
2,1.0,1.0,0.0,0.0,0,0.0,1.0,0.0,0.0,0
2,1.0,1.0,0.0,0.0,0,0.0,1.0,0.0,0.0,0
2,1.0,0.0,1.0,0.0,0,0.0,-1.0,0.800000011920929,0.8,3
2,1.0,0.0,1.0,0.0,0,0.0,-1.0,0.940000057220459,0.2,3
2,1.0,0.0,1.0,0.0,0,0.0,-1.0,0.925000011920929,0.3,2
2,1.0,0.0,1.0,0.0,0,0.0,-1.0,0.800000011920929,0.8,0
2,1.0,0.0,1.0,0.0,0,0.0,-1.0,0.7000000476837158,1.0,1
2,1.0,0.0,1.0,0.0,0,0.0,-1.0,0.940000057220459,0.2,1
2,1.0,1.0,0.0,0.0,0,0.0,1.0,0.0,0.0,0
2,0.9297736,0.31601861119270325,0.6839813590049744,0.070226364,1,0.0,-5.599709987640381,0.6089813709259033,0.3,1
2,1.0,0.0,1.0,0.0,0,0.0,-1.0035113096237183,0.925000011920929,0.3,0
2,1.0,1.0,0.0,0.0,0,0.0,1.0,0.0,0.0,0
2,1.0,1.0,0.0,0.0,0,0.0,1.0,0.0,0.0,0
2,1.0,0.0,1.0,0.0,0,0.0,-1.0,0.6800000071525574,0.8,2
2,1.0,0.0,1.0,0.0,0,0.0,-1.0,0.75,1.0,0
2,1.0,0.0,1.0,0.0,0,0.0,-1.0,0.75,1.0,2
2,1.0,0.0,1.0,0.0,0,0.0,-1.0,0.6800000071525574,0.8,3
2,1.0,0.0,1.0,0.0,0,0.0,-1.0,0.9200000166893005,0.2,0
2,1.0,0.0,1.0,0.0,0,0.0,-1.0,0.875,0.5,2
2,1.0,0.0,1.0,0.0,0,0.0,-1.0,0.7599999904632568,0.8,3
2,1.0,0.0,1.0,0.0,0,0.0,-1.0,0.550000011920929,1.0,1
2,1.0,0.0,1.0,0.0,0,0.0,-1.0,0.940000057220459,0.2,0
2,1.0,1.0,0.0,0.0,0,0.0,1.0,0.0,0.0,0
2,1.0,1.0,0.0,0.0,0,0.0,1.0,0.0,0.0,0
2,1.0,0.0,1.0,0.0,0,0.0,-1.0,0.6800000071525574,0.8,1
2,1.0,0.0,1.0,0.0,0,0.0,-1.0,0.875,0.5,0
2,1.0,0.0,1.0,0.0,0,0.0,-1.0,0.9500000476837158,0.2,1
2,1.0,1.0,0.0,0.0,0,0.0,1.0,0.0,0.0,0
2,1.0,0.0,1.0,0.0,0,0.0,-1.0,0.875,0.5,3
2,1.0,0.0,1.0,0.0,0,0.0,-1.0,0.550000011920929,1.0,0
2,1.0,0.0,1.0,0.0,0,0.0,-1.0,0.7749999761581421,0.5,0
2,1.0,1.0,0.0,0.0,0,0.0,1.0,0.0,0.0,0
2,1.0,1.0,0.0,0.0,0,0.0,1.0,0.0,0.0,0
2,1.0,0.0,1.0,0.0,0,0.0,-1.0,0.75,1.0,1
2,1.0,1.0,0.0,0.0,0,0.0,1.0,0.0,0.0,0
2,1.0,0.0,1.0,0.0,0,0.0,-1.0,0.9099999666213989,0.3,2
2,1.0,1.0,0.0,0.0,0,0.0,1.0,0.0,0.0,0
2,1.0,0.0,1.0,0.0,0,0.0,-1.0,0.800000011920929,0.8,0
2,1.0,0.0,1.0,0.0,0,0.0,-1.0,0.9200000166893005,0.2,3
2,1.0,0.0,1.0,0.0,0,0.0,-1.0,0.9200000166893005,0.2,3
2,1.0,0.0,1.0,0.0,0,0.0,-1.0,0.5999999642372131,1.0,0
2,1.0,0.0,1.0,0.0,0,0.0,-1.0,0.7000000476837158,1.0,1
2,1.0,0.0,1.0,0.0,0,0.0,-1.0,0.925000011920929,0.3,2
2,1.0,0.0,1.0,0.0,0,0.0,-1.0,0.875,0.5,1
2,1.0,0.0,1.0,0.0,0,0.0,-1.0,0.8500000238418579,0.5,2
2,1.0,0.0,1.0,0.0,0,0.0,-1.0,0.9099999666213989,0.3,3
2,1.0,0.0,1.0,0.0,0,0.0,-1.0,0.940000057220459,0.2,0
2,1.0,1.0,0.0,0.0,0,0.0,1.0,0.0,0.0,0
2,1.0,0.0,1.0,0.0,0,0.0,-1.0,0.800000011920929,0.8,3
2,1.0,1.0,0.0,0.0,0,0.0,1.0,0.0,0.0,0
2,1.0,1.0,0.0,0.0,0,0.0,1.0,0.0,0.0,0
2,1.0,0.0,1.0,0.0,0,0.0,-1.0,0.7000000476837158,1.0,2
2,1.0,0.0,1.0,0.0,0,0.0,-1.0,0.7999999523162842,0.5,2
2,1.0,1.0,0.0,0.0,0,0.0,1.0,0.0,0.0,0
2,1.0,0.0,1.0,0.0,0,0.0,-1.0,0.9099999666213989,0.3,3
2,1.0,0.0,1.0,0.0,0,0.0,-1.0,0.75,1.0,2
2,1.0,0.0,1.0,0.0,0,0.0,-1.0,0.7999999523162842,0.5,3
2,1.0,1.0,0.0,0.0,0,0.0,1.0,0.0,0.0,0
2,0.94955564,0.22699974477291107,0.7730002403259277,0.05044439,1,0.0,-5.712466716766357,0.6480002403259277,0.5,3
2,1.0,1.0,0.0,0.0,0,0.0,0.9974777698516846,0.0,0.0,0
2,1.0,1.0,0.0,0.0,0,0.0,1.0,0.0,0.0,0
2,1.0,0.0,1.0,0.0,0,0.0,-1.0,0.875,0.5,1
2,1.0,0.0,1.0,0.0,0,0.0,-1.0,0.6399999856948853,0.8,0
2,1.0,0.0,1.0,0.0,0,0.0,-1.0,0.9200000166893005,0.2,0
2,1.0,0.0,1.0,0.0,0,0.0,-1.0,0.940000057220459,0.2,2
2,1.0,0.0,1.0,0.0,0,0.0,-1.0,0.800000011920929,0.8,0
2,1.0,0.0,1.0,0.0,0,0.0,-1.0,0.9099999666213989,0.3,3
2,1.0,1.0,0.0,0.0,0,0.0,1.0,0.0,0.0,0
2,1.0,0.0,1.0,0.0,0,0.0,-1.0,0.925000011920929,0.3,0
2,1.0,0.0,1.0,0.0,0,0.0,-1.0,0.925000011920929,0.3,2
2,1.0,1.0,0.0,0.0,0,0.0,1.0,0.0,0.0,0
2,1.0,0.0,1.0,0.0,0,0.0,-1.0,0.8500000238418579,0.5,3
2,1.0,1.0,0.0,0.0,0,0.0,1.0,0.0,0.0,0
2,1.0,1.0,0.0,0.0,0,0.0,1.0,0.0,0.0,0
2,1.0,0.0,1.0,0.0,0,0.0,-1.0,0.9500000476837158,0.2,1
2,1.0,0.0,1.0,0.0,0,0.0,-1.0,0.7000000476837158,1.0,3
2,1.0,1.0,0.0,0.0,0,0.0,1.0,0.0,0.0,0
2,1.0,0.0,1.0,0.0,0,0.0,-1.0,0.6800000071525574,0.8,0
2,1.0,0.0,1.0,0.0,0,0.0,-1.0,0.6399999856948853,0.8,0
2,1.0,0.0,1.0,0.0,0,0.0,-1.0,0.8500000238418579,0.5,2
2,1.0,0.0,1.0,0.0,0,0.0,-1.0,0.75,1.0,1
2,1.0,0.0,1.0,0.0,0,0.0,-1.0,0.940000057220459,0.2,2
2,1.0,0.0,1.0,0.0,0,0.0,-1.0,0.75,1.0,0
2,1.0,0.0,1.0,0.0,0,0.0,-1.0,0.7749999761581421,0.5,1
2,1.0,1.0,0.0,0.0,0,0.0,1.0,0.0,0.0,0
2,1.0,0.0,1.0,0.0,0,0.0,-1.0,0.9200000166893005,0.2,1
2,1.0,0.0,1.0,0.0,0,0.0,-1.0,0.75,1.0,0
2,1.0,1.0,0.0,0.0,0,0.0,1.0,0.0,0.0,0
2,1.0,0.0,1.0,0.0,0,0.0,-1.0,0.925000011920929,0.3,0
2,1.0,0.0,1.0,0.0,0,0.0,-1.0,0.875,0.5,1
2,1.0,0.0,1.0,0.0,0,0.0,-1.0,0.6399999856948853,0.8,3
2,1.0,0.0,1.0,0.0,0,0.0,-1.0,0.925000011920929,0.3,0
2,1.0,0.0,1.0,0.0,0,0.0,-1.0,0.925000011920929,0.3,2
2,1.0,0.0,1.0,0.0,0,0.0,-1.0,0.75,1.0,2
2,1.0,0.0,1.0,0.0,0,0.0,-1.0,0.9100000262260437,0.2,1
2,1.0,0.0,1.0,0.0,0,0.0,-1.0,0.550000011920929,1.0,2
2,1.0,1.0,0.0,0.0,0,0.0,1.0,0.0,0.0,0
2,1.0,1.0,0.0,0.0,0,0.0,1.0,0.0,0.0,0
2,1.0,0.0,1.0,0.0,0,0.0,-1.0,0.925000011920929,0.3,0
2,1.0,1.0,0.0,0.0,0,0.0,1.0,0.0,0.0,0
2,1.0,0.0,1.0,0.0,0,0.0,-1.0,0.9200000166893005,0.2,3
2,1.0,0.0,1.0,0.0,0,0.0,-1.0,0.5999999642372131,1.0,0
2,1.0,0.0,1.0,0.0,0,0.0,-1.0,0.9099999666213989,0.3,3
2,1.0,0.0,1.0,0.0,0,0.0,-1.0,0.875,0.5,0
2,1.0,0.0,1.0,0.0,0,0.0,-1.0,0.875,0.5,0
2,1.0,0.0,1.0,0.0,0,0.0,-1.0,0.925000011920929,0.3,1
2,1.0,1.0,0.0,0.0,0,0.0,1.0,0.0,0.0,0
2,1.0,1.0,0.0,0.0,0,0.0,1.0,0.0,0.0,0
2,1.0,0.0,1.0,0.0,0,0.0,-1.0,0.9200000166893005,0.2,3
2,1.0,1.0,0.0,0.0,0,0.0,1.0,0.0,0.0,0
2,1.0,0.0,1.0,0.0,0,0.0,-1.0,0.6800000071525574,0.8,1
2,1.0,0.0,1.0,0.0,0,0.0,-1.0,0.8500000238418579,0.5,0
2,1.0,0.0,1.0,0.0,0,0.0,-1.0,0.7999999523162842,0.5,1
2,1.0,0.0,1.0,0.0,0,0.0,-1.0,0.5999999642372131,1.0,0
2,1.0,0.0,1.0,0.0,0,0.0,-1.0,0.75,1.0,1
2,1.0,1.0,0.0,0.0,0,0.0,1.0,0.0,0.0,0
2,1.0,0.0,1.0,0.0,0,0.0,-1.0,0.800000011920929,0.8,0
2,1.0,1.0,0.0,0.0,0,0.0,1.0,0.0,0.0,0
2,1.0,0.0,1.0,0.0,0,0.0,-1.0,0.940000057220459,0.2,3
2,1.0,0.0,1.0,0.0,0,0.0,-1.0,0.9500000476837158,0.2,0
2,1.0,0.0,1.0,0.0,0,0.0,-1.0,0.7999999523162842,0.5,3
2,1.0,0.0,1.0,0.0,0,0.0,-1.0,0.940000057220459,0.2,2
2,1.0,1.0,0.0,0.0,0,0.0,1.0,0.0,0.0,0
2,1.0,0.0,1.0,0.0,0,0.0,-1.0,0.875,0.5,2
2,1.0,0.0,1.0,0.0,0,0.0,-1.0,0.7599999904632568,0.8,0
2,1.0,0.0,1.0,0.0,0,0.0,-1.0,0.6800000071525574,0.8,3
2,1.0,1.0,0.0,0.0,0,0.0,1.0,0.0,0.0,0
2,1.0,0.0,1.0,0.0,0,0.0,-1.0,0.9099999666213989,0.3,3
2,1.0,0.0,1.0,0.0,0,0.0,-1.0,0.9100000262260437,0.2,1
2,1.0,1.0,0.0,0.0,0,0.0,1.0,0.0,0.0,0
2,1.0,0.0,1.0,0.0,0,0.0,-1.0,0.940000057220459,0.2,0
2,1.0,0.0,1.0,0.0,0,0.0,-1.0,0.6800000071525574,0.8,0
2,1.0,0.0,1.0,0.0,0,0.0,-1.0,0.875,0.5,3
2,1.0,0.0,1.0,0.0,0,0.0,-1.0,0.940000057220459,0.2,2
2,1.0,0.0,1.0,0.0,0,0.0,-1.0,0.925000011920929,0.3,3
2,1.0,0.0,1.0,0.0,0,0.0,-1.0,0.5999999642372131,1.0,3
2,1.0,0.0,1.0,0.0,0,0.0,-1.0,0.800000011920929,0.8,1
2,1.0,0.0,1.0,0.0,0,0.0,-1.0,0.7749999761581421,0.5,2
2,1.0,0.0,1.0,0.0,0,0.0,-1.0,0.9099999666213989,0.3,1
2,1.0,0.0,1.0,0.0,0,0.0,-1.0,0.925000011920929,0.3,1
2,1.0,0.0,1.0,0.0,0,0.0,-1.0,0.9099999666213989,0.3,2
2,1.0,0.0,1.0,0.0,0,0.0,-1.0,0.7749999761581421,0.5,0
2,1.0,0.0,1.0,0.0,0,0.0,-1.0,0.6399999856948853,0.8,1
2,1.0,0.0,1.0,0.0,0,0.0,-1.0,0.6800000071525574,0.8,2
2,1.0,0.0,1.0,0.0,0,0.0,-1.0,0.940000057220459,0.2,1
2,1.0,0.0,1.0,0.0,0,0.0,-1.0,0.9099999666213989,0.3,1
2,1.0,0.0,1.0,0.0,0,0.0,-1.0,0.940000057220459,0.2,1
2,1.0,0.0,1.0,0.0,0,0.0,-1.0,0.5999999642372131,1.0,1
2,1.0,0.0,1.0,0.0,0,0.0,-1.0,0.940000057220459,0.2,1
2,1.0,0.0,1.0,0.0,0,0.0,-1.0,0.925000011920929,0.3,1
2,1.0,0.0,1.0,0.0,0,0.0,-1.0,0.925000011920929,0.3,0
2,1.0,0.0,1.0,0.0,0,0.0,-1.0,0.7749999761581421,0.5,2
2,1.0,0.0,1.0,0.0,0,0.0,-1.0,0.75,1.0,2
2,1.0,0.0,1.0,0.0,0,0.0,-1.0,0.6399999856948853,0.8,3
2,1.0,0.0,1.0,0.0,0,0.0,-1.0,0.7599999904632568,0.8,0
2,1.0,1.0,0.0,0.0,0,0.0,1.0,0.0,0.0,0
2,1.0,0.0,1.0,0.0,0,0.0,-1.0,0.925000011920929,0.3,3
2,1.0,1.0,0.0,0.0,0,0.0,1.0,0.0,0.0,0
2,0.93729174,0.28218716382980347,0.7178128361701965,0.06270826,1,0.0,-5.642562389373779,0.3978128433227539,0.8,2
2,1.0,0.0,1.0,0.0,0,0.0,-1.0031354427337646,0.940000057220459,0.2,0
2,1.0,1.0,0.0,0.0,0,0.0,1.0,0.0,0.0,0
2,1.0,0.0,1.0,0.0,0,0.0,-1.0,0.940000057220459,0.2,1
2,1.0,1.0,0.0,0.0,0,0.0,1.0,0.0,0.0,0
2,1.0,1.0,0.0,0.0,0,0.0,1.0,0.0,0.0,0
2,1.0,0.0,1.0,0.0,0,0.0,-1.0,0.9500000476837158,0.2,3
2,1.0,0.0,1.0,0.0,0,0.0,-1.0,0.940000057220459,0.2,1
2,1.0,0.0,1.0,0.0,0,0.0,-1.0,0.875,0.5,1
2,1.0,1.0,0.0,0.0,0,0.0,1.0,0.0,0.0,0
2,1.0,0.0,1.0,0.0,0,0.0,-1.0,0.925000011920929,0.3,3
2,1.0,0.0,1.0,0.0,0,0.0,-1.0,0.925000011920929,0.3,1
2,1.0,0.0,1.0,0.0,0,0.0,-1.0,0.875,0.5,0
2,1.0,0.0,1.0,0.0,0,0.0,-1.0,0.9100000262260437,0.2,1
2,1.0,1.0,0.0,0.0,0,0.0,1.0,0.0,0.0,0
2,1.0,0.0,1.0,0.0,0,0.0,-1.0,0.7749999761581421,0.5,3
2,1.0,0.0,1.0,0.0,0,0.0,-1.0,0.9099999666213989,0.3,1
2,1.0,1.0,0.0,0.0,0,0.0,1.0,0.0,0.0,0
2,1.0,1.0,0.0,0.0,0,0.0,1.0,0.0,0.0,0
2,1.0,0.0,1.0,0.0,0,0.0,-1.0,0.925000011920929,0.3,0
2,1.0,0.0,1.0,0.0,0,0.0,-1.0,0.7599999904632568,0.8,0
2,1.0,0.0,1.0,0.0,0,0.0,-1.0,0.7599999904632568,0.8,1
2,1.0,0.0,1.0,0.0,0,0.0,-1.0,0.925000011920929,0.3,2
2,1.0,0.0,1.0,0.0,0,0.0,-1.0,0.9100000262260437,0.2,3
2,1.0,0.0,1.0,0.0,0,0.0,-1.0,0.940000057220459,0.2,2
2,1.0,0.0,1.0,0.0,0,0.0,-1.0,0.7599999904632568,0.8,2
2,1.0,0.0,1.0,0.0,0,0.0,-1.0,0.925000011920929,0.3,2
2,1.0,0.0,1.0,0.0,0,0.0,-1.0,0.925000011920929,0.3,3
2,1.0,0.0,1.0,0.0,0,0.0,-1.0,0.940000057220459,0.2,2
2,1.0,0.0,1.0,0.0,0,0.0,-1.0,0.800000011920929,0.8,0
2,1.0,0.0,1.0,0.0,0,0.0,-1.0,0.9200000166893005,0.2,3
2,1.0,1.0,0.0,0.0,0,0.0,1.0,0.0,0.0,0
2,1.0,0.0,1.0,0.0,0,0.0,-1.0,0.7000000476837158,1.0,2
2,1.0,1.0,0.0,0.0,0,0.0,1.0,0.0,0.0,0
2,1.0,1.0,0.0,0.0,0,0.0,1.0,0.0,0.0,0
2,1.0,0.0,1.0,0.0,0,0.0,-1.0,0.925000011920929,0.3,3
2,1.0,0.0,1.0,0.0,0,0.0,-1.0,0.9200000166893005,0.2,0
2,1.0,0.0,1.0,0.0,0,0.0,-1.0,0.875,0.5,2
2,1.0,0.0,1.0,0.0,0,0.0,-1.0,0.75,1.0,1
2,1.0,0.0,1.0,0.0,0,0.0,-1.0,0.5999999642372131,1.0,1
2,1.0,0.0,1.0,0.0,0,0.0,-1.0,0.875,0.5,1
2,1.0,0.0,1.0,0.0,0,0.0,-1.0,0.925000011920929,0.3,2
2,1.0,0.0,1.0,0.0,0,0.0,-1.0,0.9100000262260437,0.2,2
2,1.0,0.0,1.0,0.0,0,0.0,-1.0,0.6800000071525574,0.8,3
2,1.0,1.0,0.0,0.0,0,0.0,1.0,0.0,0.0,0
2,1.0,0.0,1.0,0.0,0,0.0,-1.0,0.7999999523162842,0.5,2
2,1.0,0.0,1.0,0.0,0,0.0,-1.0,0.7000000476837158,1.0,0
2,1.0,1.0,0.0,0.0,0,0.0,1.0,0.0,0.0,0
2,1.0,0.0,1.0,0.0,0,0.0,-1.0,0.7999999523162842,0.5,1
2,1.0,0.0,1.0,0.0,0,0.0,-1.0,0.7599999904632568,0.8,3
2,1.0,0.0,1.0,0.0,0,0.0,-1.0,0.9500000476837158,0.2,2
2,1.0,1.0,0.0,0.0,0,0.0,1.0,0.0,0.0,0
2,1.0,0.0,1.0,0.0,0,0.0,-1.0,0.9500000476837158,0.2,0
2,1.0,1.0,0.0,0.0,0,0.0,1.0,0.0,0.0,0
2,1.0,1.0,0.0,0.0,0,0.0,1.0,0.0,0.0,0
2,1.0,0.0,1.0,0.0,0,0.0,-1.0,0.9500000476837158,0.2,3
2,1.0,0.0,1.0,0.0,0,0.0,-1.0,0.925000011920929,0.3,1
2,1.0,1.0,0.0,0.0,0,0.0,1.0,0.0,0.0,0
2,1.0,0.0,1.0,0.0,0,0.0,-1.0,0.7000000476837158,1.0,2
2,1.0,1.0,0.0,0.0,0,0.0,1.0,0.0,0.0,0
2,1.0,0.0,1.0,0.0,0,0.0,-1.0,0.9100000262260437,0.2,2
2,1.0,0.0,1.0,0.0,0,0.0,-1.0,0.925000011920929,0.3,0
2,1.0,0.0,1.0,0.0,0,0.0,-1.0,0.9500000476837158,0.2,0
2,1.0,0.0,1.0,0.0,0,0.0,-1.0,0.7000000476837158,1.0,2
2,1.0,0.0,1.0,0.0,0,0.0,-1.0,0.75,1.0,0
2,1.0,0.0,1.0,0.0,0,0.0,-1.0,0.5999999642372131,1.0,2
2,1.0,0.0,1.0,0.0,0,0.0,-1.0,0.6800000071525574,0.8,2
2,1.0,0.0,1.0,0.0,0,0.0,-1.0,0.800000011920929,0.8,1
2,1.0,0.0,1.0,0.0,0,0.0,-1.0,0.7599999904632568,0.8,1
2,1.0,0.0,1.0,0.0,0,0.0,-1.0,0.9500000476837158,0.2,1
2,1.0,0.0,1.0,0.0,0,0.0,-1.0,0.875,0.5,3
2,1.0,0.0,1.0,0.0,0,0.0,-1.0,0.7999999523162842,0.5,2
2,1.0,0.0,1.0,0.0,0,0.0,-1.0,0.9500000476837158,0.2,2
2,1.0,0.0,1.0,0.0,0,0.0,-1.0,0.940000057220459,0.2,3
2,1.0,0.0,1.0,0.0,0,0.0,-1.0,0.875,0.5,1
2,1.0,1.0,0.0,0.0,0,0.0,1.0,0.0,0.0,0
2,1.0,0.0,1.0,0.0,0,0.0,-1.0,0.7000000476837158,1.0,2
2,1.0,1.0,0.0,0.0,0,0.0,1.0,0.0,0.0,0
2,1.0,0.0,1.0,0.0,0,0.0,-1.0,0.925000011920929,0.3,3
2,1.0,1.0,0.0,0.0,0,0.0,1.0,0.0,0.0,0
2,1.0,0.0,1.0,0.0,0,0.0,-1.0,0.75,1.0,1
2,1.0,0.0,1.0,0.0,0,0.0,-1.0,0.9500000476837158,0.2,3
2,1.0,1.0,0.0,0.0,0,0.0,1.0,0.0,0.0,0
2,1.0,0.0,1.0,0.0,0,0.0,-1.0,0.9500000476837158,0.2,0
2,1.0,0.0,1.0,0.0,0,0.0,-1.0,0.6800000071525574,0.8,2
2,1.0,1.0,0.0,0.0,0,0.0,1.0,0.0,0.0,0
2,1.0,1.0,0.0,0.0,0,0.0,1.0,0.0,0.0,0
2,1.0,0.0,1.0,0.0,0,0.0,-1.0,0.940000057220459,0.2,3
2,1.0,1.0,0.0,0.0,0,0.0,1.0,0.0,0.0,0
2,1.0,0.0,1.0,0.0,0,0.0,-1.0,0.940000057220459,0.2,2
2,1.0,0.0,1.0,0.0,0,0.0,-1.0,0.7599999904632568,0.8,0
2,1.0,0.0,1.0,0.0,0,0.0,-1.0,0.7999999523162842,0.5,3
2,1.0,0.0,1.0,0.0,0,0.0,-1.0,0.8500000238418579,0.5,0
2,1.0,0.0,1.0,0.0,0,0.0,-1.0,0.5999999642372131,1.0,3
2,1.0,0.0,1.0,0.0,0,0.0,-1.0,0.6399999856948853,0.8,0
2,1.0,0.0,1.0,0.0,0,0.0,-1.0,0.6399999856948853,0.8,1
2,1.0,1.0,0.0,0.0,0,0.0,1.0,0.0,0.0,0
2,1.0,1.0,0.0,0.0,0,0.0,1.0,0.0,0.0,0
2,1.0,1.0,0.0,0.0,0,0.0,1.0,0.0,0.0,0
2,1.0,1.0,0.0,0.0,0,0.0,1.0,0.0,0.0,0
2,1.0,0.0,1.0,0.0,0,0.0,-1.0,0.9099999666213989,0.3,1
2,1.0,0.0,1.0,0.0,0,0.0,-1.0,0.875,0.5,1
2,1.0,1.0,0.0,0.0,0,0.0,1.0,0.0,0.0,0
2,1.0,0.0,1.0,0.0,0,0.0,-1.0,0.940000057220459,0.2,0
2,1.0,0.0,1.0,0.0,0,0.0,-1.0,0.940000057220459,0.2,1
2,1.0,0.0,1.0,0.0,0,0.0,-1.0,0.7999999523162842,0.5,0
2,1.0,0.0,1.0,0.0,0,0.0,-1.0,0.6399999856948853,0.8,3
2,1.0,0.0,1.0,0.0,0,0.0,-1.0,0.5999999642372131,1.0,2
2,1.0,0.0,1.0,0.0,0,0.0,-1.0,0.9500000476837158,0.2,1
2,1.0,0.0,1.0,0.0,0,0.0,-1.0,0.800000011920929,0.8,0
2,1.0,0.0,1.0,0.0,0,0.0,-1.0,0.75,1.0,0
2,1.0,0.0,1.0,0.0,0,0.0,-1.0,0.5999999642372131,1.0,2
2,1.0,0.0,1.0,0.0,0,0.0,-1.0,0.9099999666213989,0.3,3
2,1.0,0.0,1.0,0.0,0,0.0,-1.0,0.9500000476837158,0.2,1
2,1.0,0.0,1.0,0.0,0,0.0,-1.0,0.925000011920929,0.3,0
2,1.0,0.0,1.0,0.0,0,0.0,-1.0,0.800000011920929,0.8,1
2,1.0,1.0,0.0,0.0,0,0.0,1.0,0.0,0.0,0
2,1.0,0.0,1.0,0.0,0,0.0,-1.0,0.7599999904632568,0.8,3
2,1.0,0.0,1.0,0.0,0,0.0,-1.0,0.940000057220459,0.2,1
2,1.0,1.0,0.0,0.0,0,0.0,1.0,0.0,0.0,0
2,1.0,0.0,1.0,0.0,0,0.0,-1.0,0.8500000238418579,0.5,1
2,1.0,0.0,1.0,0.0,0,0.0,-1.0,0.800000011920929,0.8,1
2,1.0,0.0,1.0,0.0,0,0.0,-1.0,0.800000011920929,0.8,1
2,1.0,0.0,1.0,0.0,0,0.0,-1.0,0.6800000071525574,0.8,1
2,1.0,0.0,1.0,0.0,0,0.0,-1.0,0.940000057220459,0.2,1
2,1.0,1.0,0.0,0.0,0,0.0,1.0,0.0,0.0,0
2,1.0,0.0,1.0,0.0,0,0.0,-1.0,0.6800000071525574,0.8,2
2,1.0,0.0,1.0,0.0,0,0.0,-1.0,0.9200000166893005,0.2,0
2,1.0,0.0,1.0,0.0,0,0.0,-1.0,0.9500000476837158,0.2,2
2,1.0,0.0,1.0,0.0,0,0.0,-1.0,0.940000057220459,0.2,0
2,1.0,1.0,0.0,0.0,0,0.0,1.0,0.0,0.0,0
2,1.0,1.0,0.0,0.0,0,0.0,1.0,0.0,0.0,0
2,1.0,0.0,1.0,0.0,0,0.0,-1.0,0.940000057220459,0.2,0
2,1.0,0.0,1.0,0.0,0,0.0,-1.0,0.75,1.0,0
2,1.0,1.0,0.0,0.0,0,0.0,1.0,0.0,0.0,0
2,1.0,0.0,1.0,0.0,0,0.0,-1.0,0.925000011920929,0.3,0
2,1.0,1.0,0.0,0.0,0,0.0,1.0,0.0,0.0,0
2,1.0,1.0,0.0,0.0,0,0.0,1.0,0.0,0.0,0
2,1.0,0.0,1.0,0.0,0,0.0,-1.0,0.8500000238418579,0.5,0
2,1.0,1.0,0.0,0.0,0,0.0,1.0,0.0,0.0,0
2,1.0,0.0,1.0,0.0,0,0.0,-1.0,0.925000011920929,0.3,1
2,1.0,0.0,1.0,0.0,0,0.0,-1.0,0.925000011920929,0.3,1
2,1.0,0.0,1.0,0.0,0,0.0,-1.0,0.9500000476837158,0.2,2
2,1.0,0.0,1.0,0.0,0,0.0,-1.0,0.875,0.5,3
2,1.0,0.0,1.0,0.0,0,0.0,-1.0,0.9500000476837158,0.2,3
2,1.0,1.0,0.0,0.0,0,0.0,1.0,0.0,0.0,0
2,1.0,1.0,0.0,0.0,0,0.0,1.0,0.0,0.0,0
2,1.0,0.0,1.0,0.0,0,0.0,-1.0,0.9100000262260437,0.2,1
2,1.0,0.0,1.0,0.0,0,0.0,-1.0,0.9500000476837158,0.2,2
2,1.0,0.0,1.0,0.0,0,0.0,-1.0,0.7000000476837158,1.0,0
2,1.0,0.0,1.0,0.0,0,0.0,-1.0,0.9500000476837158,0.2,0
2,1.0,0.0,1.0,0.0,0,0.0,-1.0,0.6399999856948853,0.8,3
2,1.0,1.0,0.0,0.0,0,0.0,1.0,0.0,0.0,0
2,1.0,0.0,1.0,0.0,0,0.0,-1.0,0.940000057220459,0.2,0
2,1.0,0.0,1.0,0.0,0,0.0,-1.0,0.925000011920929,0.3,1
2,1.0,0.0,1.0,0.0,0,0.0,-1.0,0.925000011920929,0.3,2
2,1.0,0.0,1.0,0.0,0,0.0,-1.0,0.8500000238418579,0.5,1
2,1.0,1.0,0.0,0.0,0,0.0,1.0,0.0,0.0,0
2,1.0,1.0,0.0,0.0,0,0.0,1.0,0.0,0.0,0
2,1.0,0.0,1.0,0.0,0,0.0,-1.0,0.9500000476837158,0.2,2
2,1.0,0.0,1.0,0.0,0,0.0,-1.0,0.9200000166893005,0.2,0
2,1.0,1.0,0.0,0.0,0,0.0,1.0,0.0,0.0,0
2,0.99728423,0.012220894917845726,0.9877791404724121,0.0027157546,0,0.0,-0.9845203161239624,0.9277791976928711,0.2,0
2,1.0,0.0,1.0,0.0,0,0.0,-1.0001357793807983,0.8500000238418579,0.5,1
2,1.0,0.0,1.0,0.0,0,0.0,-1.0,0.9500000476837158,0.2,0
2,1.0,1.0,0.0,0.0,0,0.0,1.0,0.0,0.0,0
2,1.0,1.0,0.0,0.0,0,0.0,1.0,0.0,0.0,0
2,1.0,0.0,1.0,0.0,0,0.0,-1.0,0.7599999904632568,0.8,2
2,1.0,0.0,1.0,0.0,0,0.0,-1.0,0.940000057220459,0.2,3
2,1.0,1.0,0.0,0.0,0,0.0,1.0,0.0,0.0,0
2,1.0,0.0,1.0,0.0,0,0.0,-1.0,0.9099999666213989,0.3,0
2,1.0,0.0,1.0,0.0,0,0.0,-1.0,0.7749999761581421,0.5,1
2,1.0,0.0,1.0,0.0,0,0.0,-1.0,0.875,0.5,1
2,1.0,0.0,1.0,0.0,0,0.0,-1.0,0.875,0.5,3
2,1.0,1.0,0.0,0.0,0,0.0,1.0,0.0,0.0,0
2,1.0,1.0,0.0,0.0,0,0.0,1.0,0.0,0.0,0
2,1.0,1.0,0.0,0.0,0,0.0,1.0,0.0,0.0,0
2,1.0,1.0,0.0,0.0,0,0.0,1.0,0.0,0.0,0
2,1.0,0.0,1.0,0.0,0,0.0,-1.0,0.6800000071525574,0.8,1
2,1.0,0.0,1.0,0.0,0,0.0,-1.0,0.9500000476837158,0.2,2
2,1.0,0.0,1.0,0.0,0,0.0,-1.0,0.6800000071525574,0.8,2
2,1.0,0.0,1.0,0.0,0,0.0,-1.0,0.9500000476837158,0.2,3
2,1.0,0.0,1.0,0.0,0,0.0,-1.0,0.875,0.5,0
2,1.0,1.0,0.0,0.0,0,0.0,1.0,0.0,0.0,0
2,1.0,0.0,1.0,0.0,0,0.0,-1.0,0.75,1.0,1
2,1.0,0.0,1.0,0.0,0,0.0,-1.0,0.925000011920929,0.3,1
2,1.0,0.0,1.0,0.0,0,0.0,-1.0,0.925000011920929,0.3,2
2,1.0,0.0,1.0,0.0,0,0.0,-1.0,0.75,1.0,2
2,1.0,0.0,1.0,0.0,0,0.0,-1.0,0.9500000476837158,0.2,2
2,1.0,0.0,1.0,0.0,0,0.0,-1.0,0.9100000262260437,0.2,0
2,1.0,1.0,0.0,0.0,0,0.0,1.0,0.0,0.0,0
2,1.0,0.0,1.0,0.0,0,0.0,-1.0,0.7999999523162842,0.5,0
2,1.0,0.0,1.0,0.0,0,0.0,-1.0,0.9200000166893005,0.2,0
2,1.0,0.0,1.0,0.0,0,0.0,-1.0,0.7999999523162842,0.5,2
2,1.0,1.0,0.0,0.0,0,0.0,1.0,0.0,0.0,0
2,1.0,1.0,0.0,0.0,0,0.0,1.0,0.0,0.0,0
2,1.0,0.0,1.0,0.0,0,0.0,-1.0,0.940000057220459,0.2,1
2,1.0,0.0,1.0,0.0,0,0.0,-1.0,0.9500000476837158,0.2,0
2,1.0,1.0,0.0,0.0,0,0.0,1.0,0.0,0.0,0
2,1.0,0.0,1.0,0.0,0,0.0,-1.0,0.925000011920929,0.3,1
2,1.0,0.0,1.0,0.0,0,0.0,-1.0,0.800000011920929,0.8,3
2,1.0,0.0,1.0,0.0,0,0.0,-1.0,0.9500000476837158,0.2,1
2,1.0,1.0,0.0,0.0,0,0.0,1.0,0.0,0.0,0
2,1.0,0.0,1.0,0.0,0,0.0,-1.0,0.800000011920929,0.8,1
2,1.0,1.0,0.0,0.0,0,0.0,1.0,0.0,0.0,0
2,1.0,0.0,1.0,0.0,0,0.0,-1.0,0.9099999666213989,0.3,3
2,1.0,1.0,0.0,0.0,0,0.0,1.0,0.0,0.0,0
2,1.0,0.0,1.0,0.0,0,0.0,-1.0,0.925000011920929,0.3,3
2,1.0,1.0,0.0,0.0,0,0.0,1.0,0.0,0.0,0
2,1.0,0.0,1.0,0.0,0,0.0,-1.0,0.9100000262260437,0.2,3
2,1.0,0.0,1.0,0.0,0,0.0,-1.0,0.940000057220459,0.2,0
2,1.0,1.0,0.0,0.0,0,0.0,1.0,0.0,0.0,0
2,1.0,0.0,1.0,0.0,0,0.0,-1.0,0.5999999642372131,1.0,0
2,1.0,1.0,0.0,0.0,0,0.0,1.0,0.0,0.0,0
2,1.0,0.0,1.0,0.0,0,0.0,-1.0,0.9500000476837158,0.2,1
2,1.0,1.0,0.0,0.0,0,0.0,1.0,0.0,0.0,0
2,1.0,0.0,1.0,0.0,0,0.0,-1.0,0.7999999523162842,0.5,1
2,1.0,1.0,0.0,0.0,0,0.0,1.0,0.0,0.0,0
2,1.0,1.0,0.0,0.0,0,0.0,1.0,0.0,0.0,0
2,1.0,0.0,1.0,0.0,0,0.0,-1.0,0.925000011920929,0.3,3
3,1.0,0.0,1.0,0.0,0,0.0,-1.0,0.940000057220459,0.2,3
3,1.0,0.0,1.0,0.0,0,0.0,-1.0,0.8500000238418579,0.5,0
3,1.0,0.0,1.0,0.0,0,0.0,-1.0,0.800000011920929,0.8,0
3,1.0,0.0,1.0,0.0,0,0.0,-1.0,0.75,1.0,0
3,1.0,0.0,1.0,0.0,0,0.0,-1.0,0.7749999761581421,0.5,3
3,1.0,0.0,1.0,0.0,0,0.0,-1.0,0.6800000071525574,0.8,0
3,1.0,1.0,0.0,0.0,0,0.0,1.0,0.0,0.0,0
3,1.0,0.0,1.0,0.0,0,0.0,-1.0,0.940000057220459,0.2,2
3,1.0,0.0,1.0,0.0,0,0.0,-1.0,0.7749999761581421,0.5,1
3,1.0,1.0,0.0,0.0,0,0.0,1.0,0.0,0.0,0
3,1.0,1.0,0.0,0.0,0,0.0,1.0,0.0,0.0,0
3,1.0,1.0,0.0,0.0,0,0.0,1.0,0.0,0.0,0
3,1.0,1.0,0.0,0.0,0,0.0,1.0,0.0,0.0,0
3,1.0,0.0,1.0,0.0,0,0.0,-1.0,0.9200000166893005,0.2,3
3,1.0,0.0,1.0,0.0,0,0.0,-1.0,0.9200000166893005,0.2,0
3,1.0,0.0,1.0,0.0,0,0.0,-1.0,0.9100000262260437,0.2,0
3,1.0,0.0,1.0,0.0,0,0.0,-1.0,0.925000011920929,0.3,0
3,1.0,0.0,1.0,0.0,0,0.0,-1.0,0.5999999642372131,1.0,0
3,1.0,0.0,1.0,0.0,0,0.0,-1.0,0.925000011920929,0.3,1
3,1.0,1.0,0.0,0.0,0,0.0,1.0,0.0,0.0,0
3,1.0,0.0,1.0,0.0,0,0.0,-1.0,0.7000000476837158,1.0,0
3,1.0,0.0,1.0,0.0,0,0.0,-1.0,0.9099999666213989,0.3,0
3,1.0,0.0,1.0,0.0,0,0.0,-1.0,0.9500000476837158,0.2,2
3,1.0,0.0,1.0,0.0,0,0.0,-1.0,0.9099999666213989,0.3,0
3,1.0,0.0,1.0,0.0,0,0.0,-1.0,0.6800000071525574,0.8,3
3,1.0,0.0,1.0,0.0,0,0.0,-1.0,0.9200000166893005,0.2,0
3,1.0,0.0,1.0,0.0,0,0.0,-1.0,0.9200000166893005,0.2,3
3,1.0,0.0,1.0,0.0,0,0.0,-1.0,0.800000011920929,0.8,0
3,1.0,0.0,1.0,0.0,0,0.0,-1.0,0.875,0.5,3
3,1.0,0.0,1.0,0.0,0,0.0,-1.0,0.7599999904632568,0.8,0
3,1.0,1.0,0.0,0.0,0,0.0,1.0,0.0,0.0,0
3,1.0,0.0,1.0,0.0,0,0.0,-1.0,0.9099999666213989,0.3,0
3,1.0,0.0,1.0,0.0,0,0.0,-1.0,0.6800000071525574,0.8,0
3,1.0,0.0,1.0,0.0,0,0.0,-1.0,0.925000011920929,0.3,0
3,1.0,0.0,1.0,0.0,0,0.0,-1.0,0.875,0.5,3
3,0.9456256,0.2446848303079605,0.7553151845932007,0.054374408,1,0.0,-5.690066337585449,0.6803151965141296,0.3,0
3,1.0,0.0,1.0,0.0,0,0.0,-1.0027186870574951,0.9200000166893005,0.2,2
3,1.0,1.0,0.0,0.0,0,0.0,1.0,0.0,0.0,0
3,1.0,0.0,1.0,0.0,0,0.0,-1.0,0.940000057220459,0.2,0
3,1.0,0.0,1.0,0.0,0,0.0,-1.0,0.5999999642372131,1.0,0
3,1.0,0.0,1.0,0.0,0,0.0,-1.0,0.75,1.0,2
3,1.0,1.0,0.0,0.0,0,0.0,1.0,0.0,0.0,0
3,1.0,0.0,1.0,0.0,0,0.0,-1.0,0.875,0.5,2
3,1.0,0.0,1.0,0.0,0,0.0,-1.0,0.75,1.0,1
3,1.0,0.0,1.0,0.0,0,0.0,-1.0,0.7999999523162842,0.5,0
3,1.0,0.0,1.0,0.0,0,0.0,-1.0,0.7599999904632568,0.8,1
3,1.0,0.0,1.0,0.0,0,0.0,-1.0,0.9500000476837158,0.2,0
3,1.0,0.0,1.0,0.0,0,0.0,-1.0,0.925000011920929,0.3,0
3,1.0,0.0,1.0,0.0,0,0.0,-1.0,0.7000000476837158,1.0,0
3,1.0,0.0,1.0,0.0,0,0.0,-1.0,0.6800000071525574,0.8,0
3,1.0,0.0,1.0,0.0,0,0.0,-1.0,0.9500000476837158,0.2,2
3,1.0,0.0,1.0,0.0,0,0.0,-1.0,0.6800000071525574,0.8,2
3,1.0,1.0,0.0,0.0,0,0.0,1.0,0.0,0.0,0
3,1.0,1.0,0.0,0.0,0,0.0,1.0,0.0,0.0,0
3,1.0,0.0,1.0,0.0,0,0.0,-1.0,0.940000057220459,0.2,1
3,1.0,1.0,0.0,0.0,0,0.0,1.0,0.0,0.0,0
3,0.9645511,0.1595199853181839,0.8404800295829773,0.035448886,0,0.0,-0.7979413866996765,0.7904800772666931,0.2,3
3,1.0,1.0,0.0,0.0,0,0.0,0.9982275366783142,0.0,0.0,0
3,1.0,0.0,1.0,0.0,0,0.0,-1.0,0.9200000166893005,0.2,1
3,0.868159,1.0,0.0,0.13184099,1,0.0,-4.415298938751221,0.0,0.0,0
3,1.0,1.0,0.0,0.0,0,0.0,0.9967039823532104,0.0,0.0,0
3,1.0,1.0,0.0,0.0,0,0.0,1.0,0.0,0.0,0
3,1.0,0.0,1.0,0.0,0,0.0,-1.0,0.9099999666213989,0.3,3
3,1.0,0.0,1.0,0.0,0,0.0,-1.0,0.925000011920929,0.3,1
3,1.0,1.0,0.0,0.0,0,0.0,1.0,0.0,0.0,0
3,1.0,0.0,1.0,0.0,0,0.0,-1.0,0.9100000262260437,0.2,3
3,1.0,0.0,1.0,0.0,0,0.0,-1.0,0.800000011920929,0.8,2
3,1.0,1.0,0.0,0.0,0,0.0,1.0,0.0,0.0,0
3,1.0,1.0,0.0,0.0,0,0.0,1.0,0.0,0.0,0
3,1.0,0.0,1.0,0.0,0,0.0,-1.0,0.9099999666213989,0.3,0
3,1.0,0.0,1.0,0.0,0,0.0,-1.0,0.6800000071525574,0.8,2
3,1.0,0.0,1.0,0.0,0,0.0,-1.0,0.9500000476837158,0.2,1
3,1.0,1.0,0.0,0.0,0,0.0,1.0,0.0,0.0,0
3,1.0,1.0,0.0,0.0,0,0.0,1.0,0.0,0.0,0
3,1.0,1.0,0.0,0.0,0,0.0,1.0,0.0,0.0,0
3,1.0,0.0,1.0,0.0,0,0.0,-1.0,0.9500000476837158,0.2,2
3,1.0,0.0,1.0,0.0,0,0.0,-1.0,0.9099999666213989,0.3,3
3,1.0,1.0,0.0,0.0,0,0.0,1.0,0.0,0.0,0
3,1.0,0.0,1.0,0.0,0,0.0,-1.0,0.7000000476837158,1.0,1
3,1.0,0.0,1.0,0.0,0,0.0,-1.0,0.6399999856948853,0.8,3
3,1.0,0.0,1.0,0.0,0,0.0,-1.0,0.9500000476837158,0.2,1
3,1.0,0.0,1.0,0.0,0,0.0,-1.0,0.9500000476837158,0.2,0
3,1.0,0.0,1.0,0.0,0,0.0,-1.0,0.75,1.0,2
3,1.0,0.0,1.0,0.0,0,0.0,-1.0,0.8500000238418579,0.5,1
3,1.0,0.0,1.0,0.0,0,0.0,-1.0,0.7749999761581421,0.5,2
3,1.0,0.0,1.0,0.0,0,0.0,-1.0,0.9500000476837158,0.2,1
3,1.0,0.0,1.0,0.0,0,0.0,-1.0,0.875,0.5,3
3,1.0,0.0,1.0,0.0,0,0.0,-1.0,0.9500000476837158,0.2,0
3,1.0,1.0,0.0,0.0,0,0.0,1.0,0.0,0.0,0
3,1.0,0.0,1.0,0.0,0,0.0,-1.0,0.6800000071525574,0.8,1
3,1.0,1.0,0.0,0.0,0,0.0,1.0,0.0,0.0,0
3,1.0,1.0,0.0,0.0,0,0.0,1.0,0.0,0.0,0
3,1.0,0.0,1.0,0.0,0,0.0,-1.0,0.875,0.5,1
3,1.0,1.0,0.0,0.0,0,0.0,1.0,0.0,0.0,0
3,1.0,1.0,0.0,0.0,0,0.0,1.0,0.0,0.0,0
3,1.0,0.0,1.0,0.0,0,0.0,-1.0,0.9200000166893005,0.2,2
3,1.0,0.0,1.0,0.0,0,0.0,-1.0,0.940000057220459,0.2,0
3,1.0,1.0,0.0,0.0,0,0.0,1.0,0.0,0.0,0
3,1.0,0.0,1.0,0.0,0,0.0,-1.0,0.925000011920929,0.3,2
3,1.0,0.0,1.0,0.0,0,0.0,-1.0,0.925000011920929,0.3,2
3,1.0,0.0,1.0,0.0,0,0.0,-1.0,0.9500000476837158,0.2,0
3,1.0,0.0,1.0,0.0,0,0.0,-1.0,0.9500000476837158,0.2,2
3,1.0,0.0,1.0,0.0,0,0.0,-1.0,0.75,1.0,1
3,1.0,0.0,1.0,0.0,0,0.0,-1.0,0.75,1.0,0
3,1.0,0.0,1.0,0.0,0,0.0,-1.0,0.9500000476837158,0.2,1
3,1.0,0.0,1.0,0.0,0,0.0,-1.0,0.9100000262260437,0.2,0
3,1.0,0.0,1.0,0.0,0,0.0,-1.0,0.9099999666213989,0.3,2
3,1.0,0.0,1.0,0.0,0,0.0,-1.0,0.6399999856948853,0.8,2
3,1.0,0.0,1.0,0.0,0,0.0,-1.0,0.925000011920929,0.3,2
3,1.0,0.0,1.0,0.0,0,0.0,-1.0,0.9099999666213989,0.3,3
3,1.0,0.0,1.0,0.0,0,0.0,-1.0,0.9500000476837158,0.2,0
3,1.0,0.0,1.0,0.0,0,0.0,-1.0,0.9500000476837158,0.2,2
3,1.0,1.0,0.0,0.0,0,0.0,1.0,0.0,0.0,0
3,1.0,0.0,1.0,0.0,0,0.0,-1.0,0.9500000476837158,0.2,3
3,1.0,1.0,0.0,0.0,0,0.0,1.0,0.0,0.0,0
3,1.0,0.0,1.0,0.0,0,0.0,-1.0,0.75,1.0,2
3,1.0,0.0,1.0,0.0,0,0.0,-1.0,0.550000011920929,1.0,2
3,1.0,0.0,1.0,0.0,0,0.0,-1.0,0.550000011920929,1.0,2
3,1.0,1.0,0.0,0.0,0,0.0,1.0,0.0,0.0,0
3,1.0,0.0,1.0,0.0,0,0.0,-1.0,0.6800000071525574,0.8,0
3,1.0,0.0,1.0,0.0,0,0.0,-1.0,0.7749999761581421,0.5,1
3,1.0,0.0,1.0,0.0,0,0.0,-1.0,0.8500000238418579,0.5,2
3,1.0,0.0,1.0,0.0,0,0.0,-1.0,0.9500000476837158,0.2,1
3,1.0,0.0,1.0,0.0,0,0.0,-1.0,0.875,0.5,2
3,1.0,1.0,0.0,0.0,0,0.0,1.0,0.0,0.0,0
3,1.0,0.0,1.0,0.0,0,0.0,-1.0,0.9500000476837158,0.2,2
3,1.0,0.0,1.0,0.0,0,0.0,-1.0,0.875,0.5,1
3,1.0,0.0,1.0,0.0,0,0.0,-1.0,0.800000011920929,0.8,0
3,1.0,0.0,1.0,0.0,0,0.0,-1.0,0.9099999666213989,0.3,0
3,1.0,0.0,1.0,0.0,0,0.0,-1.0,0.875,0.5,2
3,1.0,1.0,0.0,0.0,0,0.0,1.0,0.0,0.0,0
3,1.0,0.0,1.0,0.0,0,0.0,-1.0,0.875,0.5,0
3,1.0,1.0,0.0,0.0,0,0.0,1.0,0.0,0.0,0
3,1.0,1.0,0.0,0.0,0,0.0,1.0,0.0,0.0,0
3,1.0,1.0,0.0,0.0,0,0.0,1.0,0.0,0.0,0
3,1.0,1.0,0.0,0.0,0,0.0,1.0,0.0,0.0,0
3,1.0,0.0,1.0,0.0,0,0.0,-1.0,0.9100000262260437,0.2,2
3,1.0,1.0,0.0,0.0,0,0.0,1.0,0.0,0.0,0
3,1.0,1.0,0.0,0.0,0,0.0,1.0,0.0,0.0,0
3,1.0,0.0,1.0,0.0,0,0.0,-1.0,0.5999999642372131,1.0,1
3,1.0,1.0,0.0,0.0,0,0.0,1.0,0.0,0.0,0
3,1.0,0.0,1.0,0.0,0,0.0,-1.0,0.5999999642372131,1.0,3
3,1.0,1.0,0.0,0.0,0,0.0,1.0,0.0,0.0,0
3,1.0,0.0,1.0,0.0,0,0.0,-1.0,0.925000011920929,0.3,2
3,1.0,0.0,1.0,0.0,0,0.0,-1.0,0.940000057220459,0.2,2
3,1.0,0.0,1.0,0.0,0,0.0,-1.0,0.875,0.5,0
3,1.0,0.0,1.0,0.0,0,0.0,-1.0,0.550000011920929,1.0,0
3,1.0,1.0,0.0,0.0,0,0.0,1.0,0.0,0.0,0
3,1.0,0.0,1.0,0.0,0,0.0,-1.0,0.875,0.5,2
3,1.0,0.0,1.0,0.0,0,0.0,-1.0,0.75,1.0,2
3,1.0,0.0,1.0,0.0,0,0.0,-1.0,0.9099999666213989,0.3,3
3,1.0,0.0,1.0,0.0,0,0.0,-1.0,0.800000011920929,0.8,1
3,1.0,0.0,1.0,0.0,0,0.0,-1.0,0.9099999666213989,0.3,1
3,1.0,0.0,1.0,0.0,0,0.0,-1.0,0.9099999666213989,0.3,2
3,1.0,0.0,1.0,0.0,0,0.0,-1.0,0.9500000476837158,0.2,2
3,1.0,1.0,0.0,0.0,0,0.0,1.0,0.0,0.0,0
3,1.0,0.0,1.0,0.0,0,0.0,-1.0,0.75,1.0,0
3,1.0,0.0,1.0,0.0,0,0.0,-1.0,0.9099999666213989,0.3,3
3,1.0,0.0,1.0,0.0,0,0.0,-1.0,0.9100000262260437,0.2,3
3,1.0,1.0,0.0,0.0,0,0.0,1.0,0.0,0.0,0
3,1.0,0.0,1.0,0.0,0,0.0,-1.0,0.800000011920929,0.8,0
3,1.0,0.0,1.0,0.0,0,0.0,-1.0,0.800000011920929,0.8,0
3,1.0,1.0,0.0,0.0,0,0.0,1.0,0.0,0.0,0
3,1.0,0.0,1.0,0.0,0,0.0,-1.0,0.75,1.0,1
3,1.0,0.0,1.0,0.0,0,0.0,-1.0,0.8500000238418579,0.5,0
3,1.0,0.0,1.0,0.0,0,0.0,-1.0,0.925000011920929,0.3,3
3,1.0,0.0,1.0,0.0,0,0.0,-1.0,0.8500000238418579,0.5,1
3,1.0,1.0,0.0,0.0,0,0.0,1.0,0.0,0.0,0
3,1.0,0.0,1.0,0.0,0,0.0,-1.0,0.9500000476837158,0.2,2
3,1.0,1.0,0.0,0.0,0,0.0,1.0,0.0,0.0,0
3,1.0,0.0,1.0,0.0,0,0.0,-1.0,0.9500000476837158,0.2,3
3,1.0,1.0,0.0,0.0,0,0.0,1.0,0.0,0.0,0
3,1.0,0.0,1.0,0.0,0,0.0,-1.0,0.9099999666213989,0.3,3
3,1.0,0.0,1.0,0.0,0,0.0,-1.0,0.5999999642372131,1.0,3
3,1.0,0.0,1.0,0.0,0,0.0,-1.0,0.940000057220459,0.2,2
3,1.0,0.0,1.0,0.0,0,0.0,-1.0,0.550000011920929,1.0,1
3,1.0,0.0,1.0,0.0,0,0.0,-1.0,0.6800000071525574,0.8,2
3,1.0,1.0,0.0,0.0,0,0.0,1.0,0.0,0.0,0
3,1.0,1.0,0.0,0.0,0,0.0,1.0,0.0,0.0,0
3,1.0,1.0,0.0,0.0,0,0.0,1.0,0.0,0.0,0
3,1.0,0.0,1.0,0.0,0,0.0,-1.0,0.7000000476837158,1.0,1
3,1.0,1.0,0.0,0.0,0,0.0,1.0,0.0,0.0,0
3,1.0,0.0,1.0,0.0,0,0.0,-1.0,0.75,1.0,1
3,1.0,1.0,0.0,0.0,0,0.0,1.0,0.0,0.0,0
3,1.0,0.0,1.0,0.0,0,0.0,-1.0,0.940000057220459,0.2,1
3,1.0,0.0,1.0,0.0,0,0.0,-1.0,0.940000057220459,0.2,0
3,1.0,0.0,1.0,0.0,0,0.0,-1.0,0.9500000476837158,0.2,3
3,1.0,1.0,0.0,0.0,0,0.0,1.0,0.0,0.0,0
3,1.0,1.0,0.0,0.0,0,0.0,1.0,0.0,0.0,0
3,1.0,0.0,1.0,0.0,0,0.0,-1.0,0.940000057220459,0.2,3
3,1.0,0.0,1.0,0.0,0,0.0,-1.0,0.925000011920929,0.3,0
3,1.0,1.0,0.0,0.0,0,0.0,1.0,0.0,0.0,0
3,1.0,1.0,0.0,0.0,0,0.0,1.0,0.0,0.0,0
3,1.0,0.0,1.0,0.0,0,0.0,-1.0,0.875,0.5,0
3,1.0,1.0,0.0,0.0,0,0.0,1.0,0.0,0.0,0
3,1.0,1.0,0.0,0.0,0,0.0,1.0,0.0,0.0,0
3,1.0,1.0,0.0,0.0,0,0.0,1.0,0.0,0.0,0
3,1.0,0.0,1.0,0.0,0,0.0,-1.0,0.9500000476837158,0.2,1
3,1.0,0.0,1.0,0.0,0,0.0,-1.0,0.9099999666213989,0.3,0
3,1.0,1.0,0.0,0.0,0,0.0,1.0,0.0,0.0,0
3,1.0,0.0,1.0,0.0,0,0.0,-1.0,0.925000011920929,0.3,3
3,1.0,0.0,1.0,0.0,0,0.0,-1.0,0.9099999666213989,0.3,0
3,1.0,0.0,1.0,0.0,0,0.0,-1.0,0.75,1.0,0
3,1.0,0.0,1.0,0.0,0,0.0,-1.0,0.7999999523162842,0.5,0
3,1.0,0.0,1.0,0.0,0,0.0,-1.0,0.9100000262260437,0.2,1
3,1.0,0.0,1.0,0.0,0,0.0,-1.0,0.9099999666213989,0.3,0
3,1.0,0.0,1.0,0.0,0,0.0,-1.0,0.925000011920929,0.3,3
3,1.0,1.0,0.0,0.0,0,0.0,1.0,0.0,0.0,0
3,1.0,1.0,0.0,0.0,0,0.0,1.0,0.0,0.0,0
3,1.0,0.0,1.0,0.0,0,0.0,-1.0,0.800000011920929,0.8,3
3,1.0,1.0,0.0,0.0,0,0.0,1.0,0.0,0.0,0
3,1.0,0.0,1.0,0.0,0,0.0,-1.0,0.75,1.0,0
3,1.0,0.0,1.0,0.0,0,0.0,-1.0,0.6800000071525574,0.8,0
3,1.0,1.0,0.0,0.0,0,0.0,1.0,0.0,0.0,0
3,1.0,1.0,0.0,0.0,0,0.0,1.0,0.0,0.0,0
3,1.0,1.0,0.0,0.0,0,0.0,1.0,0.0,0.0,0
3,1.0,0.0,1.0,0.0,0,0.0,-1.0,0.875,0.5,2
3,1.0,1.0,0.0,0.0,0,0.0,1.0,0.0,0.0,0
3,1.0,0.0,1.0,0.0,0,0.0,-1.0,0.9500000476837158,0.2,3
3,1.0,0.0,1.0,0.0,0,0.0,-1.0,0.875,0.5,0
3,1.0,0.0,1.0,0.0,0,0.0,-1.0,0.940000057220459,0.2,2
3,1.0,0.0,1.0,0.0,0,0.0,-1.0,0.5999999642372131,1.0,3
3,1.0,0.0,1.0,0.0,0,0.0,-1.0,0.9500000476837158,0.2,2
3,1.0,0.0,1.0,0.0,0,0.0,-1.0,0.925000011920929,0.3,0
3,1.0,0.0,1.0,0.0,0,0.0,-1.0,0.550000011920929,1.0,1
3,1.0,0.0,1.0,0.0,0,0.0,-1.0,0.800000011920929,0.8,0
3,1.0,0.0,1.0,0.0,0,0.0,-1.0,0.6399999856948853,0.8,0
3,1.0,1.0,0.0,0.0,0,0.0,1.0,0.0,0.0,0
3,1.0,1.0,0.0,0.0,0,0.0,1.0,0.0,0.0,0
3,1.0,0.0,1.0,0.0,0,0.0,-1.0,0.7000000476837158,1.0,0
3,1.0,0.0,1.0,0.0,0,0.0,-1.0,0.5999999642372131,1.0,1
3,1.0,0.0,1.0,0.0,0,0.0,-1.0,0.7999999523162842,0.5,3
3,1.0,0.0,1.0,0.0,0,0.0,-1.0,0.7999999523162842,0.5,0
3,1.0,1.0,0.0,0.0,0,0.0,1.0,0.0,0.0,0
3,1.0,1.0,0.0,0.0,0,0.0,1.0,0.0,0.0,0
3,1.0,1.0,0.0,0.0,0,0.0,1.0,0.0,0.0,0
3,0.9310213,1.0,0.0,0.06897874,1,0.0,-4.217282772064209,0.0,0.0,0
3,1.0,0.0,1.0,0.0,0,0.0,-1.0017244815826416,0.925000011920929,0.3,1
3,1.0,0.0,1.0,0.0,0,0.0,-1.0,0.925000011920929,0.3,0
3,1.0,0.0,1.0,0.0,0,0.0,-1.0,0.75,1.0,0
3,1.0,1.0,0.0,0.0,0,0.0,1.0,0.0,0.0,0
3,1.0,0.0,1.0,0.0,0,0.0,-1.0,0.7749999761581421,0.5,1
3,1.0,0.0,1.0,0.0,0,0.0,-1.0,0.9500000476837158,0.2,1
3,1.0,0.0,1.0,0.0,0,0.0,-1.0,0.7749999761581421,0.5,1
3,1.0,0.0,1.0,0.0,0,0.0,-1.0,0.6800000071525574,0.8,0
3,1.0,0.0,1.0,0.0,0,0.0,-1.0,0.9200000166893005,0.2,0
3,1.0,0.0,1.0,0.0,0,0.0,-1.0,0.9200000166893005,0.2,2
3,1.0,1.0,0.0,0.0,0,0.0,1.0,0.0,0.0,0
3,1.0,0.0,1.0,0.0,0,0.0,-1.0,0.9500000476837158,0.2,1
3,1.0,1.0,0.0,0.0,0,0.0,1.0,0.0,0.0,0
3,1.0,0.0,1.0,0.0,0,0.0,-1.0,0.940000057220459,0.2,3
3,1.0,0.0,1.0,0.0,0,0.0,-1.0,0.550000011920929,1.0,3
3,1.0,0.0,1.0,0.0,0,0.0,-1.0,0.9500000476837158,0.2,3
3,1.0,0.0,1.0,0.0,0,0.0,-1.0,0.925000011920929,0.3,2
3,1.0,0.0,1.0,0.0,0,0.0,-1.0,0.6800000071525574,0.8,3
3,1.0,1.0,0.0,0.0,0,0.0,1.0,0.0,0.0,0
3,1.0,0.0,1.0,0.0,0,0.0,-1.0,0.8500000238418579,0.5,1
3,1.0,0.0,1.0,0.0,0,0.0,-1.0,0.7000000476837158,1.0,2
3,1.0,1.0,0.0,0.0,0,0.0,1.0,0.0,0.0,0
3,1.0,0.0,1.0,0.0,0,0.0,-1.0,0.9500000476837158,0.2,3
3,1.0,0.0,1.0,0.0,0,0.0,-1.0,0.7999999523162842,0.5,0
3,1.0,0.0,1.0,0.0,0,0.0,-1.0,0.6399999856948853,0.8,2
3,1.0,0.0,1.0,0.0,0,0.0,-1.0,0.75,1.0,0
3,1.0,0.0,1.0,0.0,0,0.0,-1.0,0.925000011920929,0.3,1
3,1.0,0.0,1.0,0.0,0,0.0,-1.0,0.925000011920929,0.3,1
3,1.0,0.0,1.0,0.0,0,0.0,-1.0,0.7000000476837158,1.0,1
3,1.0,0.0,1.0,0.0,0,0.0,-1.0,0.9100000262260437,0.2,1
3,1.0,0.0,1.0,0.0,0,0.0,-1.0,0.5999999642372131,1.0,3
3,1.0,0.0,1.0,0.0,0,0.0,-1.0,0.75,1.0,3
3,1.0,1.0,0.0,0.0,0,0.0,1.0,0.0,0.0,0
3,1.0,1.0,0.0,0.0,0,0.0,1.0,0.0,0.0,0
3,1.0,1.0,0.0,0.0,0,0.0,1.0,0.0,0.0,0
3,1.0,0.0,1.0,0.0,0,0.0,-1.0,0.75,1.0,3
3,1.0,1.0,0.0,0.0,0,0.0,1.0,0.0,0.0,0
3,1.0,1.0,0.0,0.0,0,0.0,1.0,0.0,0.0,0
3,1.0,1.0,0.0,0.0,0,0.0,1.0,0.0,0.0,0
3,1.0,0.0,1.0,0.0,0,0.0,-1.0,0.7999999523162842,0.5,3
3,1.0,1.0,0.0,0.0,0,0.0,1.0,0.0,0.0,0
3,1.0,1.0,0.0,0.0,0,0.0,1.0,0.0,0.0,0
3,1.0,0.0,1.0,0.0,0,0.0,-1.0,0.940000057220459,0.2,2
3,1.0,0.0,1.0,0.0,0,0.0,-1.0,0.800000011920929,0.8,1
3,1.0,0.0,1.0,0.0,0,0.0,-1.0,0.9500000476837158,0.2,2
3,1.0,1.0,0.0,0.0,0,0.0,1.0,0.0,0.0,0
3,1.0,1.0,0.0,0.0,0,0.0,1.0,0.0,0.0,0
3,1.0,0.0,1.0,0.0,0,0.0,-1.0,0.7999999523162842,0.5,3
3,1.0,0.0,1.0,0.0,0,0.0,-1.0,0.7999999523162842,0.5,0
3,1.0,0.0,1.0,0.0,0,0.0,-1.0,0.9099999666213989,0.3,0
3,1.0,1.0,0.0,0.0,0,0.0,1.0,0.0,0.0,0
3,1.0,0.0,1.0,0.0,0,0.0,-1.0,0.9200000166893005,0.2,0
3,1.0,0.0,1.0,0.0,0,0.0,-1.0,0.9500000476837158,0.2,0
3,1.0,0.0,1.0,0.0,0,0.0,-1.0,0.875,0.5,1
3,1.0,1.0,0.0,0.0,0,0.0,1.0,0.0,0.0,0
3,1.0,0.0,1.0,0.0,0,0.0,-1.0,0.75,1.0,1
3,1.0,0.0,1.0,0.0,0,0.0,-1.0,0.940000057220459,0.2,1
3,1.0,0.0,1.0,0.0,0,0.0,-1.0,0.75,1.0,2
3,1.0,1.0,0.0,0.0,0,0.0,1.0,0.0,0.0,0
3,1.0,1.0,0.0,0.0,0,0.0,1.0,0.0,0.0,0
3,1.0,0.0,1.0,0.0,0,0.0,-1.0,0.9200000166893005,0.2,1
3,1.0,1.0,0.0,0.0,0,0.0,1.0,0.0,0.0,0
3,1.0,0.0,1.0,0.0,0,0.0,-1.0,0.6800000071525574,0.8,2
3,1.0,0.0,1.0,0.0,0,0.0,-1.0,0.9099999666213989,0.3,2
3,1.0,0.0,1.0,0.0,0,0.0,-1.0,0.9100000262260437,0.2,1
3,1.0,0.0,1.0,0.0,0,0.0,-1.0,0.75,1.0,0
3,1.0,0.0,1.0,0.0,0,0.0,-1.0,0.800000011920929,0.8,2
3,1.0,0.0,1.0,0.0,0,0.0,-1.0,0.6800000071525574,0.8,0
3,1.0,1.0,0.0,0.0,0,0.0,1.0,0.0,0.0,0
3,1.0,1.0,0.0,0.0,0,0.0,1.0,0.0,0.0,0
3,1.0,1.0,0.0,0.0,0,0.0,1.0,0.0,0.0,0
3,1.0,0.0,1.0,0.0,0,0.0,-1.0,0.940000057220459,0.2,1
3,1.0,0.0,1.0,0.0,0,0.0,-1.0,0.800000011920929,0.8,2
3,1.0,0.0,1.0,0.0,0,0.0,-1.0,0.5999999642372131,1.0,3
3,1.0,1.0,0.0,0.0,0,0.0,1.0,0.0,0.0,0
3,1.0,0.0,1.0,0.0,0,0.0,-1.0,0.9200000166893005,0.2,1
3,1.0,0.0,1.0,0.0,0,0.0,-1.0,0.6399999856948853,0.8,3
3,1.0,0.0,1.0,0.0,0,0.0,-1.0,0.800000011920929,0.8,1
3,1.0,0.0,1.0,0.0,0,0.0,-1.0,0.9099999666213989,0.3,2
3,1.0,1.0,0.0,0.0,0,0.0,1.0,0.0,0.0,0
3,1.0,0.0,1.0,0.0,0,0.0,-1.0,0.925000011920929,0.3,0
3,1.0,1.0,0.0,0.0,0,0.0,1.0,0.0,0.0,0
3,1.0,0.0,1.0,0.0,0,0.0,-1.0,0.925000011920929,0.3,2
3,1.0,1.0,0.0,0.0,0,0.0,1.0,0.0,0.0,0
3,1.0,0.0,1.0,0.0,0,0.0,-1.0,0.925000011920929,0.3,2
3,1.0,0.0,1.0,0.0,0,0.0,-1.0,0.7999999523162842,0.5,0
3,1.0,0.0,1.0,0.0,0,0.0,-1.0,0.9099999666213989,0.3,2
3,1.0,0.0,1.0,0.0,0,0.0,-1.0,0.7599999904632568,0.8,3
3,1.0,0.0,1.0,0.0,0,0.0,-1.0,0.940000057220459,0.2,0
3,1.0,0.0,1.0,0.0,0,0.0,-1.0,0.925000011920929,0.3,3
3,1.0,0.0,1.0,0.0,0,0.0,-1.0,0.940000057220459,0.2,1
3,1.0,0.0,1.0,0.0,0,0.0,-1.0,0.75,1.0,3
3,1.0,0.0,1.0,0.0,0,0.0,-1.0,0.75,1.0,2
3,1.0,0.0,1.0,0.0,0,0.0,-1.0,0.925000011920929,0.3,2
3,1.0,0.0,1.0,0.0,0,0.0,-1.0,0.7999999523162842,0.5,0
3,1.0,0.0,1.0,0.0,0,0.0,-1.0,0.9099999666213989,0.3,1
3,1.0,1.0,0.0,0.0,0,0.0,1.0,0.0,0.0,0
3,1.0,1.0,0.0,0.0,0,0.0,1.0,0.0,0.0,0
3,0.9914312,0.038559649139642715,0.96144038438797,0.008568811,0,0.0,-0.9511578679084778,0.8864403963088989,0.3,3
3,1.0,1.0,0.0,0.0,0,0.0,0.9995715618133545,0.0,0.0,0
3,1.0,0.0,1.0,0.0,0,0.0,-1.0,0.9500000476837158,0.2,3
3,1.0,0.0,1.0,0.0,0,0.0,-1.0,0.9100000262260437,0.2,2
3,1.0,1.0,0.0,0.0,0,0.0,1.0,0.0,0.0,0
3,1.0,0.0,1.0,0.0,0,0.0,-1.0,0.550000011920929,1.0,2
3,1.0,0.0,1.0,0.0,0,0.0,-1.0,0.9500000476837158,0.2,0
3,1.0,0.0,1.0,0.0,0,0.0,-1.0,0.800000011920929,0.8,2
3,1.0,0.0,1.0,0.0,0,0.0,-1.0,0.75,1.0,0
3,1.0,0.0,1.0,0.0,0,0.0,-1.0,0.5999999642372131,1.0,2
3,1.0,0.0,1.0,0.0,0,0.0,-1.0,0.7999999523162842,0.5,2
3,1.0,0.0,1.0,0.0,0,0.0,-1.0,0.7749999761581421,0.5,3
3,1.0,0.0,1.0,0.0,0,0.0,-1.0,0.9500000476837158,0.2,2
3,1.0,0.0,1.0,0.0,0,0.0,-1.0,0.75,1.0,2
3,1.0,0.0,1.0,0.0,0,0.0,-1.0,0.875,0.5,0
3,1.0,0.0,1.0,0.0,0,0.0,-1.0,0.9099999666213989,0.3,3
3,1.0,0.0,1.0,0.0,0,0.0,-1.0,0.7599999904632568,0.8,3
3,1.0,0.0,1.0,0.0,0,0.0,-1.0,0.9500000476837158,0.2,3
3,1.0,0.0,1.0,0.0,0,0.0,-1.0,0.75,1.0,0
3,1.0,0.0,1.0,0.0,0,0.0,-1.0,0.875,0.5,0
3,1.0,1.0,0.0,0.0,0,0.0,1.0,0.0,0.0,0
3,1.0,1.0,0.0,0.0,0,0.0,1.0,0.0,0.0,0
3,1.0,0.0,1.0,0.0,0,0.0,-1.0,0.800000011920929,0.8,0
3,1.0,0.0,1.0,0.0,0,0.0,-1.0,0.940000057220459,0.2,1
3,1.0,0.0,1.0,0.0,0,0.0,-1.0,0.9099999666213989,0.3,3
3,1.0,1.0,0.0,0.0,0,0.0,1.0,0.0,0.0,0
3,1.0,1.0,0.0,0.0,0,0.0,1.0,0.0,0.0,0
3,0.9530645,0.21120968461036682,0.7887902855873108,0.046935488,0,0.0,-0.7324677109718323,0.42879027128219604,0.8,1
3,1.0,0.0,1.0,0.0,0,0.0,-1.0023467540740967,0.800000011920929,0.8,2
3,1.0,0.0,1.0,0.0,0,0.0,-1.0,0.9099999666213989,0.3,0
3,1.0,0.0,1.0,0.0,0,0.0,-1.0,0.6399999856948853,0.8,3
3,1.0,0.0,1.0,0.0,0,0.0,-1.0,0.7999999523162842,0.5,2
3,1.0,1.0,0.0,0.0,0,0.0,1.0,0.0,0.0,0
3,1.0,0.0,1.0,0.0,0,0.0,-1.0,0.800000011920929,0.8,0
3,1.0,0.0,1.0,0.0,0,0.0,-1.0,0.9099999666213989,0.3,3
3,1.0,0.0,1.0,0.0,0,0.0,-1.0,0.9099999666213989,0.3,3
3,1.0,1.0,0.0,0.0,0,0.0,1.0,0.0,0.0,0
3,0.9463494,1.0,0.0,0.053650618,1,0.0,-4.168999671936035,0.0,0.0,0
3,1.0,0.0,1.0,0.0,0,0.0,-1.0013412237167358,0.7749999761581421,0.5,2
3,1.0,0.0,1.0,0.0,0,0.0,-1.0,0.925000011920929,0.3,3
3,1.0,1.0,0.0,0.0,0,0.0,1.0,0.0,0.0,0
3,1.0,0.0,1.0,0.0,0,0.0,-1.0,0.875,0.5,2
3,1.0,0.0,1.0,0.0,0,0.0,-1.0,0.5999999642372131,1.0,2
3,1.0,1.0,0.0,0.0,0,0.0,1.0,0.0,0.0,0
3,1.0,0.0,1.0,0.0,0,0.0,-1.0,0.75,1.0,3
3,1.0,0.0,1.0,0.0,0,0.0,-1.0,0.75,1.0,1
3,1.0,0.0,1.0,0.0,0,0.0,-1.0,0.7599999904632568,0.8,3
3,1.0,0.0,1.0,0.0,0,0.0,-1.0,0.875,0.5,0
3,1.0,0.0,1.0,0.0,0,0.0,-1.0,0.5999999642372131,1.0,0
3,1.0,0.0,1.0,0.0,0,0.0,-1.0,0.9500000476837158,0.2,2
3,1.0,0.0,1.0,0.0,0,0.0,-1.0,0.8500000238418579,0.5,3
3,1.0,0.0,1.0,0.0,0,0.0,-1.0,0.925000011920929,0.3,0
3,1.0,1.0,0.0,0.0,0,0.0,1.0,0.0,0.0,0
3,1.0,0.0,1.0,0.0,0,0.0,-1.0,0.9099999666213989,0.3,1
3,1.0,0.0,1.0,0.0,0,0.0,-1.0,0.9200000166893005,0.2,2
3,1.0,0.0,1.0,0.0,0,0.0,-1.0,0.7000000476837158,1.0,1
3,1.0,0.0,1.0,0.0,0,0.0,-1.0,0.875,0.5,2
3,1.0,0.0,1.0,0.0,0,0.0,-1.0,0.940000057220459,0.2,3
3,1.0,1.0,0.0,0.0,0,0.0,1.0,0.0,0.0,0
3,1.0,0.0,1.0,0.0,0,0.0,-1.0,0.9500000476837158,0.2,2
3,1.0,1.0,0.0,0.0,0,0.0,1.0,0.0,0.0,0
3,1.0,1.0,0.0,0.0,0,0.0,1.0,0.0,0.0,0
3,1.0,0.0,1.0,0.0,0,0.0,-1.0,0.9500000476837158,0.2,3
3,1.0,0.0,1.0,0.0,0,0.0,-1.0,0.5999999642372131,1.0,2
3,1.0,0.0,1.0,0.0,0,0.0,-1.0,0.9099999666213989,0.3,3
3,1.0,0.0,1.0,0.0,0,0.0,-1.0,0.9500000476837158,0.2,0
3,1.0,0.0,1.0,0.0,0,0.0,-1.0,0.925000011920929,0.3,2
3,1.0,0.0,1.0,0.0,0,0.0,-1.0,0.7599999904632568,0.8,2
3,1.0,0.0,1.0,0.0,0,0.0,-1.0,0.9100000262260437,0.2,1
3,1.0,0.0,1.0,0.0,0,0.0,-1.0,0.7000000476837158,1.0,0
3,1.0,1.0,0.0,0.0,0,0.0,1.0,0.0,0.0,0
3,1.0,1.0,0.0,0.0,0,0.0,1.0,0.0,0.0,0
3,1.0,0.0,1.0,0.0,0,0.0,-1.0,0.800000011920929,0.8,0
3,1.0,0.0,1.0,0.0,0,0.0,-1.0,0.8500000238418579,0.5,1
3,1.0,0.0,1.0,0.0,0,0.0,-1.0,0.800000011920929,0.8,1
3,1.0,1.0,0.0,0.0,0,0.0,1.0,0.0,0.0,0
3,1.0,1.0,0.0,0.0,0,0.0,1.0,0.0,0.0,0
3,1.0,1.0,0.0,0.0,0,0.0,1.0,0.0,0.0,0
3,1.0,1.0,0.0,0.0,0,0.0,1.0,0.0,0.0,0
3,1.0,1.0,0.0,0.0,0,0.0,1.0,0.0,0.0,0
3,1.0,0.0,1.0,0.0,0,0.0,-1.0,0.75,1.0,0
3,1.0,0.0,1.0,0.0,0,0.0,-1.0,0.75,1.0,0
3,1.0,0.0,1.0,0.0,0,0.0,-1.0,0.6800000071525574,0.8,1
3,1.0,0.0,1.0,0.0,0,0.0,-1.0,0.75,1.0,3
3,1.0,1.0,0.0,0.0,0,0.0,1.0,0.0,0.0,0
3,1.0,0.0,1.0,0.0,0,0.0,-1.0,0.9100000262260437,0.2,2
3,1.0,0.0,1.0,0.0,0,0.0,-1.0,0.800000011920929,0.8,0
3,1.0,0.0,1.0,0.0,0,0.0,-1.0,0.925000011920929,0.3,0
3,1.0,1.0,0.0,0.0,0,0.0,1.0,0.0,0.0,0
3,1.0,0.0,1.0,0.0,0,0.0,-1.0,0.9500000476837158,0.2,0
3,1.0,0.0,1.0,0.0,0,0.0,-1.0,0.9500000476837158,0.2,0
3,1.0,0.0,1.0,0.0,0,0.0,-1.0,0.9500000476837158,0.2,3
3,1.0,0.0,1.0,0.0,0,0.0,-1.0,0.800000011920929,0.8,1
3,1.0,0.0,1.0,0.0,0,0.0,-1.0,0.5999999642372131,1.0,0
3,1.0,0.0,1.0,0.0,0,0.0,-1.0,0.550000011920929,1.0,0
3,1.0,0.0,1.0,0.0,0,0.0,-1.0,0.6800000071525574,0.8,2
3,1.0,0.0,1.0,0.0,0,0.0,-1.0,0.9099999666213989,0.3,1
3,1.0,1.0,0.0,0.0,0,0.0,1.0,0.0,0.0,0
3,1.0,1.0,0.0,0.0,0,0.0,1.0,0.0,0.0,0
3,1.0,1.0,0.0,0.0,0,0.0,1.0,0.0,0.0,0
3,1.0,0.0,1.0,0.0,0,0.0,-1.0,0.7999999523162842,0.5,1
3,1.0,0.0,1.0,0.0,0,0.0,-1.0,0.9099999666213989,0.3,3
3,1.0,1.0,0.0,0.0,0,0.0,1.0,0.0,0.0,0
3,1.0,1.0,0.0,0.0,0,0.0,1.0,0.0,0.0,0
3,1.0,1.0,0.0,0.0,0,0.0,1.0,0.0,0.0,0
3,1.0,0.0,1.0,0.0,0,0.0,-1.0,0.6800000071525574,0.8,3
3,1.0,0.0,1.0,0.0,0,0.0,-1.0,0.75,1.0,2
3,1.0,0.0,1.0,0.0,0,0.0,-1.0,0.6800000071525574,0.8,1
3,1.0,1.0,0.0,0.0,0,0.0,1.0,0.0,0.0,0
3,1.0,0.0,1.0,0.0,0,0.0,-1.0,0.925000011920929,0.3,2
3,1.0,1.0,0.0,0.0,0,0.0,1.0,0.0,0.0,0
3,1.0,0.0,1.0,0.0,0,0.0,-1.0,0.6800000071525574,0.8,2
3,1.0,0.0,1.0,0.0,0,0.0,-1.0,0.550000011920929,1.0,0
3,1.0,0.0,1.0,0.0,0,0.0,-1.0,0.875,0.5,0
3,1.0,0.0,1.0,0.0,0,0.0,-1.0,0.800000011920929,0.8,1
3,1.0,0.0,1.0,0.0,0,0.0,-1.0,0.9500000476837158,0.2,3
3,1.0,1.0,0.0,0.0,0,0.0,1.0,0.0,0.0,0
3,1.0,0.0,1.0,0.0,0,0.0,-1.0,0.925000011920929,0.3,0
3,1.0,1.0,0.0,0.0,0,0.0,1.0,0.0,0.0,0
3,1.0,0.0,1.0,0.0,0,0.0,-1.0,0.75,1.0,1
3,1.0,0.0,1.0,0.0,0,0.0,-1.0,0.7999999523162842,0.5,2
3,1.0,1.0,0.0,0.0,0,0.0,1.0,0.0,0.0,0
3,1.0,1.0,0.0,0.0,0,0.0,1.0,0.0,0.0,0
3,1.0,0.0,1.0,0.0,0,0.0,-1.0,0.7999999523162842,0.5,3
3,1.0,0.0,1.0,0.0,0,0.0,-1.0,0.9500000476837158,0.2,1
3,1.0,0.0,1.0,0.0,0,0.0,-1.0,0.875,0.5,1
3,1.0,0.0,1.0,0.0,0,0.0,-1.0,0.9500000476837158,0.2,0
3,1.0,0.0,1.0,0.0,0,0.0,-1.0,0.925000011920929,0.3,2
3,1.0,0.0,1.0,0.0,0,0.0,-1.0,0.75,1.0,1
3,1.0,0.0,1.0,0.0,0,0.0,-1.0,0.925000011920929,0.3,2
3,1.0,0.0,1.0,0.0,0,0.0,-1.0,0.9200000166893005,0.2,2
3,1.0,1.0,0.0,0.0,0,0.0,1.0,0.0,0.0,0
3,1.0,0.0,1.0,0.0,0,0.0,-1.0,0.7000000476837158,1.0,3
3,1.0,0.0,1.0,0.0,0,0.0,-1.0,0.940000057220459,0.2,1
3,1.0,1.0,0.0,0.0,0,0.0,1.0,0.0,0.0,0
3,1.0,0.0,1.0,0.0,0,0.0,-1.0,0.9500000476837158,0.2,1
3,1.0,0.0,1.0,0.0,0,0.0,-1.0,0.925000011920929,0.3,0
3,1.0,0.0,1.0,0.0,0,0.0,-1.0,0.550000011920929,1.0,1
3,1.0,1.0,0.0,0.0,0,0.0,1.0,0.0,0.0,0
3,1.0,1.0,0.0,0.0,0,0.0,1.0,0.0,0.0,0
3,1.0,0.0,1.0,0.0,0,0.0,-1.0,0.800000011920929,0.8,1
3,1.0,1.0,0.0,0.0,0,0.0,1.0,0.0,0.0,0
3,1.0,0.0,1.0,0.0,0,0.0,-1.0,0.940000057220459,0.2,0
3,1.0,0.0,1.0,0.0,0,0.0,-1.0,0.75,1.0,0
3,1.0,0.0,1.0,0.0,0,0.0,-1.0,0.7749999761581421,0.5,3
3,1.0,0.0,1.0,0.0,0,0.0,-1.0,0.925000011920929,0.3,3
3,1.0,0.0,1.0,0.0,0,0.0,-1.0,0.925000011920929,0.3,1
3,1.0,0.0,1.0,0.0,0,0.0,-1.0,0.925000011920929,0.3,0
3,1.0,0.0,1.0,0.0,0,0.0,-1.0,0.550000011920929,1.0,3
3,1.0,0.0,1.0,0.0,0,0.0,-1.0,0.7999999523162842,0.5,1
3,1.0,0.0,1.0,0.0,0,0.0,-1.0,0.875,0.5,1
3,1.0,0.0,1.0,0.0,0,0.0,-1.0,0.800000011920929,0.8,3
3,1.0,0.0,1.0,0.0,0,0.0,-1.0,0.9100000262260437,0.2,1
3,1.0,1.0,0.0,0.0,0,0.0,1.0,0.0,0.0,0
3,1.0,1.0,0.0,0.0,0,0.0,1.0,0.0,0.0,0
3,1.0,1.0,0.0,0.0,0,0.0,1.0,0.0,0.0,0
3,1.0,1.0,0.0,0.0,0,0.0,1.0,0.0,0.0,0
3,1.0,0.0,1.0,0.0,0,0.0,-1.0,0.940000057220459,0.2,0
3,1.0,0.0,1.0,0.0,0,0.0,-1.0,0.9099999666213989,0.3,1
3,1.0,0.0,1.0,0.0,0,0.0,-1.0,0.9500000476837158,0.2,1
3,1.0,0.0,1.0,0.0,0,0.0,-1.0,0.550000011920929,1.0,0
3,1.0,1.0,0.0,0.0,0,0.0,1.0,0.0,0.0,0
3,0.9640757,1.0,0.0,0.03592434,0,0.0,0.8868383169174194,0.0,0.0,0
3,1.0,0.0,1.0,0.0,0,0.0,-1.0008981227874756,0.6399999856948853,0.8,2
3,1.0,0.0,1.0,0.0,0,0.0,-1.0,0.8500000238418579,0.5,1
4,1.0,0.0,1.0,0.0,0,0.0,-1.0,0.800000011920929,0.8,3
4,1.0,0.0,1.0,0.0,0,0.0,-1.0,0.875,0.5,3
4,1.0,0.0,1.0,0.0,0,0.0,-1.0,0.9100000262260437,0.2,0
4,1.0,0.0,1.0,0.0,0,0.0,-1.0,0.800000011920929,0.8,0
4,1.0,0.0,1.0,0.0,0,0.0,-1.0,0.75,1.0,0
4,1.0,0.0,1.0,0.0,0,0.0,-1.0,0.800000011920929,0.8,2
4,1.0,1.0,0.0,0.0,0,0.0,1.0,0.0,0.0,0
4,1.0,1.0,0.0,0.0,0,0.0,1.0,0.0,0.0,0
4,1.0,0.0,1.0,0.0,0,0.0,-1.0,0.75,1.0,3
4,1.0,1.0,0.0,0.0,0,0.0,1.0,0.0,0.0,0
4,1.0,1.0,0.0,0.0,0,0.0,1.0,0.0,0.0,0
4,1.0,1.0,0.0,0.0,0,0.0,1.0,0.0,0.0,0
4,1.0,0.0,1.0,0.0,0,0.0,-1.0,0.7999999523162842,0.5,2
4,1.0,0.0,1.0,0.0,0,0.0,-1.0,0.875,0.5,3
4,1.0,0.0,1.0,0.0,0,0.0,-1.0,0.940000057220459,0.2,0
4,1.0,0.0,1.0,0.0,0,0.0,-1.0,0.940000057220459,0.2,1
4,1.0,1.0,0.0,0.0,0,0.0,1.0,0.0,0.0,0
4,1.0,0.0,1.0,0.0,0,0.0,-1.0,0.9099999666213989,0.3,2
4,1.0,0.0,1.0,0.0,0,0.0,-1.0,0.940000057220459,0.2,2
4,1.0,0.0,1.0,0.0,0,0.0,-1.0,0.9500000476837158,0.2,1
4,1.0,0.0,1.0,0.0,0,0.0,-1.0,0.800000011920929,0.8,0
4,1.0,0.0,1.0,0.0,0,0.0,-1.0,0.925000011920929,0.3,0
4,1.0,0.0,1.0,0.0,0,0.0,-1.0,0.550000011920929,1.0,0
4,1.0,0.0,1.0,0.0,0,0.0,-1.0,0.875,0.5,3
4,1.0,0.0,1.0,0.0,0,0.0,-1.0,0.800000011920929,0.8,3
4,1.0,0.0,1.0,0.0,0,0.0,-1.0,0.940000057220459,0.2,2
4,1.0,1.0,0.0,0.0,0,0.0,1.0,0.0,0.0,0
4,1.0,0.0,1.0,0.0,0,0.0,-1.0,0.800000011920929,0.8,1
4,1.0,0.0,1.0,0.0,0,0.0,-1.0,0.9500000476837158,0.2,0
4,1.0,0.0,1.0,0.0,0,0.0,-1.0,0.800000011920929,0.8,3
4,1.0,0.0,1.0,0.0,0,0.0,-1.0,0.7599999904632568,0.8,0
4,1.0,0.0,1.0,0.0,0,0.0,-1.0,0.9500000476837158,0.2,3
4,1.0,0.0,1.0,0.0,0,0.0,-1.0,0.8500000238418579,0.5,0
4,1.0,0.0,1.0,0.0,0,0.0,-1.0,0.9500000476837158,0.2,2
4,1.0,1.0,0.0,0.0,0,0.0,1.0,0.0,0.0,0
4,1.0,1.0,0.0,0.0,0,0.0,1.0,0.0,0.0,0
4,1.0,0.0,1.0,0.0,0,0.0,-1.0,0.925000011920929,0.3,1
4,1.0,0.0,1.0,0.0,0,0.0,-1.0,0.9200000166893005,0.2,0
4,1.0,0.0,1.0,0.0,0,0.0,-1.0,0.9099999666213989,0.3,2
4,1.0,0.0,1.0,0.0,0,0.0,-1.0,0.75,1.0,0
4,1.0,0.0,1.0,0.0,0,0.0,-1.0,0.9500000476837158,0.2,1
4,1.0,1.0,0.0,0.0,0,0.0,1.0,0.0,0.0,0
4,1.0,0.0,1.0,0.0,0,0.0,-1.0,0.875,0.5,3
4,1.0,1.0,0.0,0.0,0,0.0,1.0,0.0,0.0,0
4,1.0,0.0,1.0,0.0,0,0.0,-1.0,0.550000011920929,1.0,0
4,1.0,0.0,1.0,0.0,0,0.0,-1.0,0.875,0.5,0
4,1.0,1.0,0.0,0.0,0,0.0,1.0,0.0,0.0,0
4,1.0,1.0,0.0,0.0,0,0.0,1.0,0.0,0.0,0
4,1.0,0.0,1.0,0.0,0,0.0,-1.0,0.7999999523162842,0.5,1
4,1.0,0.0,1.0,0.0,0,0.0,-1.0,0.6399999856948853,0.8,1
4,1.0,1.0,0.0,0.0,0,0.0,1.0,0.0,0.0,0
4,1.0,1.0,0.0,0.0,0,0.0,1.0,0.0,0.0,0
4,1.0,0.0,1.0,0.0,0,0.0,-1.0,0.9500000476837158,0.2,1
4,1.0,0.0,1.0,0.0,0,0.0,-1.0,0.9099999666213989,0.3,3
4,1.0,0.0,1.0,0.0,0,0.0,-1.0,0.875,0.5,0
4,1.0,0.0,1.0,0.0,0,0.0,-1.0,0.800000011920929,0.8,3
4,1.0,0.0,1.0,0.0,0,0.0,-1.0,0.75,1.0,3
4,1.0,1.0,0.0,0.0,0,0.0,1.0,0.0,0.0,0
4,1.0,0.0,1.0,0.0,0,0.0,-1.0,0.9200000166893005,0.2,0
4,1.0,1.0,0.0,0.0,0,0.0,1.0,0.0,0.0,0
4,1.0,0.0,1.0,0.0,0,0.0,-1.0,0.5999999642372131,1.0,1
4,1.0,0.0,1.0,0.0,0,0.0,-1.0,0.8500000238418579,0.5,3
4,1.0,0.0,1.0,0.0,0,0.0,-1.0,0.800000011920929,0.8,1
4,1.0,0.0,1.0,0.0,0,0.0,-1.0,0.925000011920929,0.3,1
4,0.91088337,0.40102478861808777,0.5989752411842346,0.089116625,1,0.0,-5.492035388946533,0.5189752578735352,0.2,3
4,1.0,0.0,1.0,0.0,0,0.0,-1.004455804824829,0.9500000476837158,0.2,1
4,1.0,0.0,1.0,0.0,0,0.0,-1.0,0.5999999642372131,1.0,3
4,1.0,0.0,1.0,0.0,0,0.0,-1.0,0.7599999904632568,0.8,0
4,1.0,0.0,1.0,0.0,0,0.0,-1.0,0.875,0.5,1
4,1.0,0.0,1.0,0.0,0,0.0,-1.0,0.9500000476837158,0.2,3
4,1.0,1.0,0.0,0.0,0,0.0,1.0,0.0,0.0,0
4,1.0,1.0,0.0,0.0,0,0.0,1.0,0.0,0.0,0
4,1.0,1.0,0.0,0.0,0,0.0,1.0,0.0,0.0,0
4,1.0,0.0,1.0,0.0,0,0.0,-1.0,0.940000057220459,0.2,0
4,1.0,1.0,0.0,0.0,0,0.0,1.0,0.0,0.0,0
4,1.0,0.0,1.0,0.0,0,0.0,-1.0,0.925000011920929,0.3,1
4,1.0,0.0,1.0,0.0,0,0.0,-1.0,0.9200000166893005,0.2,0
4,1.0,0.0,1.0,0.0,0,0.0,-1.0,0.6399999856948853,0.8,3
4,1.0,1.0,0.0,0.0,0,0.0,1.0,0.0,0.0,0
4,1.0,1.0,0.0,0.0,0,0.0,1.0,0.0,0.0,0
4,1.0,0.0,1.0,0.0,0,0.0,-1.0,0.7999999523162842,0.5,2
4,1.0,1.0,0.0,0.0,0,0.0,1.0,0.0,0.0,0
4,1.0,0.0,1.0,0.0,0,0.0,-1.0,0.5999999642372131,1.0,1
4,1.0,0.0,1.0,0.0,0,0.0,-1.0,0.75,1.0,2
4,1.0,1.0,0.0,0.0,0,0.0,1.0,0.0,0.0,0
4,1.0,0.0,1.0,0.0,0,0.0,-1.0,0.75,1.0,2
4,1.0,1.0,0.0,0.0,0,0.0,1.0,0.0,0.0,0
4,1.0,0.0,1.0,0.0,0,0.0,-1.0,0.6399999856948853,0.8,1
4,1.0,0.0,1.0,0.0,0,0.0,-1.0,0.8500000238418579,0.5,1
4,1.0,0.0,1.0,0.0,0,0.0,-1.0,0.5999999642372131,1.0,2
4,1.0,1.0,0.0,0.0,0,0.0,1.0,0.0,0.0,0
4,1.0,1.0,0.0,0.0,0,0.0,1.0,0.0,0.0,0
4,1.0,1.0,0.0,0.0,0,0.0,1.0,0.0,0.0,0
4,1.0,0.0,1.0,0.0,0,0.0,-1.0,0.7599999904632568,0.8,0
4,1.0,0.0,1.0,0.0,0,0.0,-1.0,0.940000057220459,0.2,1
4,1.0,0.0,1.0,0.0,0,0.0,-1.0,0.9500000476837158,0.2,2
4,1.0,0.0,1.0,0.0,0,0.0,-1.0,0.875,0.5,1
4,1.0,0.0,1.0,0.0,0,0.0,-1.0,0.9500000476837158,0.2,0
4,1.0,1.0,0.0,0.0,0,0.0,1.0,0.0,0.0,0
4,1.0,1.0,0.0,0.0,0,0.0,1.0,0.0,0.0,0
4,1.0,0.0,1.0,0.0,0,0.0,-1.0,0.940000057220459,0.2,3
4,1.0,0.0,1.0,0.0,0,0.0,-1.0,0.9500000476837158,0.2,1
4,1.0,0.0,1.0,0.0,0,0.0,-1.0,0.5999999642372131,1.0,3
4,1.0,0.0,1.0,0.0,0,0.0,-1.0,0.9500000476837158,0.2,2
4,1.0,0.0,1.0,0.0,0,0.0,-1.0,0.5999999642372131,1.0,2
4,1.0,0.0,1.0,0.0,0,0.0,-1.0,0.940000057220459,0.2,2
4,1.0,0.0,1.0,0.0,0,0.0,-1.0,0.6800000071525574,0.8,1
4,1.0,1.0,0.0,0.0,0,0.0,1.0,0.0,0.0,0
4,1.0,0.0,1.0,0.0,0,0.0,-1.0,0.9099999666213989,0.3,1
4,1.0,0.0,1.0,0.0,0,0.0,-1.0,0.8500000238418579,0.5,3
4,1.0,1.0,0.0,0.0,0,0.0,1.0,0.0,0.0,0
4,1.0,0.0,1.0,0.0,0,0.0,-1.0,0.925000011920929,0.3,3
4,1.0,1.0,0.0,0.0,0,0.0,1.0,0.0,0.0,0
4,1.0,0.0,1.0,0.0,0,0.0,-1.0,0.9099999666213989,0.3,2
4,1.0,0.0,1.0,0.0,0,0.0,-1.0,0.940000057220459,0.2,1
4,1.0,1.0,0.0,0.0,0,0.0,1.0,0.0,0.0,0
4,1.0,1.0,0.0,0.0,0,0.0,1.0,0.0,0.0,0
4,1.0,0.0,1.0,0.0,0,0.0,-1.0,0.9099999666213989,0.3,2
4,1.0,1.0,0.0,0.0,0,0.0,1.0,0.0,0.0,0
4,1.0,1.0,0.0,0.0,0,0.0,1.0,0.0,0.0,0
4,1.0,0.0,1.0,0.0,0,0.0,-1.0,0.875,0.5,3
4,1.0,0.0,1.0,0.0,0,0.0,-1.0,0.7749999761581421,0.5,3
4,1.0,0.0,1.0,0.0,0,0.0,-1.0,0.9200000166893005,0.2,3
4,1.0,0.0,1.0,0.0,0,0.0,-1.0,0.7749999761581421,0.5,2
4,1.0,0.0,1.0,0.0,0,0.0,-1.0,0.7000000476837158,1.0,3
4,1.0,0.0,1.0,0.0,0,0.0,-1.0,0.7599999904632568,0.8,2
4,1.0,0.0,1.0,0.0,0,0.0,-1.0,0.9200000166893005,0.2,3
4,1.0,0.0,1.0,0.0,0,0.0,-1.0,0.75,1.0,0
4,1.0,0.0,1.0,0.0,0,0.0,-1.0,0.925000011920929,0.3,1
4,1.0,0.0,1.0,0.0,0,0.0,-1.0,0.800000011920929,0.8,2
4,1.0,0.0,1.0,0.0,0,0.0,-1.0,0.925000011920929,0.3,2
4,1.0,1.0,0.0,0.0,0,0.0,1.0,0.0,0.0,0
4,1.0,0.0,1.0,0.0,0,0.0,-1.0,0.550000011920929,1.0,1
4,1.0,0.0,1.0,0.0,0,0.0,-1.0,0.5999999642372131,1.0,2
4,1.0,0.0,1.0,0.0,0,0.0,-1.0,0.9500000476837158,0.2,3
4,1.0,0.0,1.0,0.0,0,0.0,-1.0,0.925000011920929,0.3,2
4,1.0,1.0,0.0,0.0,0,0.0,1.0,0.0,0.0,0
4,1.0,0.0,1.0,0.0,0,0.0,-1.0,0.5999999642372131,1.0,0
4,1.0,0.0,1.0,0.0,0,0.0,-1.0,0.9500000476837158,0.2,3
4,1.0,0.0,1.0,0.0,0,0.0,-1.0,0.925000011920929,0.3,1
4,1.0,1.0,0.0,0.0,0,0.0,1.0,0.0,0.0,0
4,1.0,1.0,0.0,0.0,0,0.0,1.0,0.0,0.0,0
4,1.0,0.0,1.0,0.0,0,0.0,-1.0,0.875,0.5,0
4,1.0,0.0,1.0,0.0,0,0.0,-1.0,0.6800000071525574,0.8,3
4,1.0,0.0,1.0,0.0,0,0.0,-1.0,0.9500000476837158,0.2,2
4,1.0,0.0,1.0,0.0,0,0.0,-1.0,0.9200000166893005,0.2,2
4,1.0,1.0,0.0,0.0,0,0.0,1.0,0.0,0.0,0
4,1.0,0.0,1.0,0.0,0,0.0,-1.0,0.9500000476837158,0.2,2
4,1.0,0.0,1.0,0.0,0,0.0,-1.0,0.800000011920929,0.8,1
4,1.0,0.0,1.0,0.0,0,0.0,-1.0,0.9200000166893005,0.2,1
4,1.0,0.0,1.0,0.0,0,0.0,-1.0,0.7599999904632568,0.8,0
4,1.0,0.0,1.0,0.0,0,0.0,-1.0,0.925000011920929,0.3,0
4,1.0,0.0,1.0,0.0,0,0.0,-1.0,0.7000000476837158,1.0,1
4,1.0,0.0,1.0,0.0,0,0.0,-1.0,0.940000057220459,0.2,3
4,1.0,0.0,1.0,0.0,0,0.0,-1.0,0.940000057220459,0.2,2
4,1.0,0.0,1.0,0.0,0,0.0,-1.0,0.875,0.5,0
4,1.0,1.0,0.0,0.0,0,0.0,1.0,0.0,0.0,0
4,1.0,0.0,1.0,0.0,0,0.0,-1.0,0.9500000476837158,0.2,2
4,1.0,0.0,1.0,0.0,0,0.0,-1.0,0.6800000071525574,0.8,3
4,1.0,0.0,1.0,0.0,0,0.0,-1.0,0.9500000476837158,0.2,2
4,1.0,0.0,1.0,0.0,0,0.0,-1.0,0.875,0.5,0
4,1.0,0.0,1.0,0.0,0,0.0,-1.0,0.875,0.5,3
4,1.0,1.0,0.0,0.0,0,0.0,1.0,0.0,0.0,0
4,1.0,0.0,1.0,0.0,0,0.0,-1.0,0.940000057220459,0.2,3
4,1.0,0.0,1.0,0.0,0,0.0,-1.0,0.6800000071525574,0.8,1
4,1.0,0.0,1.0,0.0,0,0.0,-1.0,0.9500000476837158,0.2,1
4,1.0,0.0,1.0,0.0,0,0.0,-1.0,0.9099999666213989,0.3,1
4,1.0,0.0,1.0,0.0,0,0.0,-1.0,0.9500000476837158,0.2,0
4,1.0,0.0,1.0,0.0,0,0.0,-1.0,0.925000011920929,0.3,2
4,1.0,0.0,1.0,0.0,0,0.0,-1.0,0.800000011920929,0.8,2
4,1.0,0.0,1.0,0.0,0,0.0,-1.0,0.9099999666213989,0.3,3
4,1.0,0.0,1.0,0.0,0,0.0,-1.0,0.9500000476837158,0.2,3
4,1.0,0.0,1.0,0.0,0,0.0,-1.0,0.7999999523162842,0.5,3
4,1.0,1.0,0.0,0.0,0,0.0,1.0,0.0,0.0,0
4,1.0,0.0,1.0,0.0,0,0.0,-1.0,0.6800000071525574,0.8,2
4,1.0,1.0,0.0,0.0,0,0.0,1.0,0.0,0.0,0
4,1.0,1.0,0.0,0.0,0,0.0,1.0,0.0,0.0,0
4,1.0,1.0,0.0,0.0,0,0.0,1.0,0.0,0.0,0
4,1.0,1.0,0.0,0.0,0,0.0,1.0,0.0,0.0,0
4,1.0,1.0,0.0,0.0,0,0.0,1.0,0.0,0.0,0
4,1.0,0.0,1.0,0.0,0,0.0,-1.0,0.7999999523162842,0.5,0
4,1.0,0.0,1.0,0.0,0,0.0,-1.0,0.940000057220459,0.2,2
4,1.0,0.0,1.0,0.0,0,0.0,-1.0,0.9200000166893005,0.2,0
4,1.0,0.0,1.0,0.0,0,0.0,-1.0,0.9500000476837158,0.2,3
4,1.0,0.0,1.0,0.0,0,0.0,-1.0,0.75,1.0,3
4,1.0,0.0,1.0,0.0,0,0.0,-1.0,0.75,1.0,2
4,1.0,0.0,1.0,0.0,0,0.0,-1.0,0.75,1.0,3
4,1.0,0.0,1.0,0.0,0,0.0,-1.0,0.925000011920929,0.3,3
4,1.0,0.0,1.0,0.0,0,0.0,-1.0,0.7000000476837158,1.0,1
4,1.0,1.0,0.0,0.0,0,0.0,1.0,0.0,0.0,0
4,1.0,1.0,0.0,0.0,0,0.0,1.0,0.0,0.0,0
4,1.0,0.0,1.0,0.0,0,0.0,-1.0,0.7749999761581421,0.5,3
4,1.0,1.0,0.0,0.0,0,0.0,1.0,0.0,0.0,0
4,1.0,1.0,0.0,0.0,0,0.0,1.0,0.0,0.0,0
4,1.0,0.0,1.0,0.0,0,0.0,-1.0,0.9500000476837158,0.2,2
4,1.0,1.0,0.0,0.0,0,0.0,1.0,0.0,0.0,0
4,1.0,0.0,1.0,0.0,0,0.0,-1.0,0.940000057220459,0.2,2
4,1.0,1.0,0.0,0.0,0,0.0,1.0,0.0,0.0,0
4,1.0,0.0,1.0,0.0,0,0.0,-1.0,0.875,0.5,3
4,1.0,1.0,0.0,0.0,0,0.0,1.0,0.0,0.0,0
4,1.0,0.0,1.0,0.0,0,0.0,-1.0,0.8500000238418579,0.5,3
4,1.0,0.0,1.0,0.0,0,0.0,-1.0,0.9099999666213989,0.3,3
4,1.0,0.0,1.0,0.0,0,0.0,-1.0,0.7999999523162842,0.5,0
4,1.0,0.0,1.0,0.0,0,0.0,-1.0,0.7599999904632568,0.8,3
4,1.0,0.0,1.0,0.0,0,0.0,-1.0,0.9099999666213989,0.3,3
4,1.0,0.0,1.0,0.0,0,0.0,-1.0,0.925000011920929,0.3,3
4,1.0,0.0,1.0,0.0,0,0.0,-1.0,0.875,0.5,1
4,1.0,0.0,1.0,0.0,0,0.0,-1.0,0.875,0.5,3
4,1.0,0.0,1.0,0.0,0,0.0,-1.0,0.875,0.5,1
4,1.0,0.0,1.0,0.0,0,0.0,-1.0,0.9500000476837158,0.2,0
4,1.0,0.0,1.0,0.0,0,0.0,-1.0,0.9500000476837158,0.2,2
4,1.0,0.0,1.0,0.0,0,0.0,-1.0,0.9500000476837158,0.2,0
4,1.0,0.0,1.0,0.0,0,0.0,-1.0,0.925000011920929,0.3,1
4,1.0,0.0,1.0,0.0,0,0.0,-1.0,0.925000011920929,0.3,2
4,1.0,1.0,0.0,0.0,0,0.0,1.0,0.0,0.0,0
4,1.0,0.0,1.0,0.0,0,0.0,-1.0,0.9500000476837158,0.2,0
4,1.0,0.0,1.0,0.0,0,0.0,-1.0,0.8500000238418579,0.5,3
4,1.0,1.0,0.0,0.0,0,0.0,1.0,0.0,0.0,0
4,1.0,0.0,1.0,0.0,0,0.0,-1.0,0.875,0.5,0
4,1.0,1.0,0.0,0.0,0,0.0,1.0,0.0,0.0,0
4,1.0,0.0,1.0,0.0,0,0.0,-1.0,0.6399999856948853,0.8,3
4,1.0,0.0,1.0,0.0,0,0.0,-1.0,0.5999999642372131,1.0,2
4,1.0,0.0,1.0,0.0,0,0.0,-1.0,0.9100000262260437,0.2,3
4,1.0,0.0,1.0,0.0,0,0.0,-1.0,0.925000011920929,0.3,0
4,1.0,1.0,0.0,0.0,0,0.0,1.0,0.0,0.0,0
4,1.0,0.0,1.0,0.0,0,0.0,-1.0,0.5999999642372131,1.0,1
4,1.0,1.0,0.0,0.0,0,0.0,1.0,0.0,0.0,0
4,1.0,1.0,0.0,0.0,0,0.0,1.0,0.0,0.0,0
4,1.0,0.0,1.0,0.0,0,0.0,-1.0,0.5999999642372131,1.0,0
4,1.0,0.0,1.0,0.0,0,0.0,-1.0,0.925000011920929,0.3,0
4,1.0,0.0,1.0,0.0,0,0.0,-1.0,0.925000011920929,0.3,3
4,1.0,0.0,1.0,0.0,0,0.0,-1.0,0.800000011920929,0.8,0
4,1.0,0.0,1.0,0.0,0,0.0,-1.0,0.6800000071525574,0.8,0
4,1.0,0.0,1.0,0.0,0,0.0,-1.0,0.9500000476837158,0.2,2
4,1.0,0.0,1.0,0.0,0,0.0,-1.0,0.6399999856948853,0.8,3
4,1.0,1.0,0.0,0.0,0,0.0,1.0,0.0,0.0,0
4,1.0,0.0,1.0,0.0,0,0.0,-1.0,0.9500000476837158,0.2,0
4,1.0,0.0,1.0,0.0,0,0.0,-1.0,0.6800000071525574,0.8,2
4,1.0,1.0,0.0,0.0,0,0.0,1.0,0.0,0.0,0
4,1.0,0.0,1.0,0.0,0,0.0,-1.0,0.800000011920929,0.8,2
4,0.98618853,0.0621517151594162,0.9378482699394226,0.013811493,0,0.0,-0.9212744832038879,0.8128482699394226,0.5,3
4,1.0,0.0,1.0,0.0,0,0.0,-1.0006905794143677,0.7000000476837158,1.0,0
4,1.0,0.0,1.0,0.0,0,0.0,-1.0,0.925000011920929,0.3,0
4,1.0,0.0,1.0,0.0,0,0.0,-1.0,0.875,0.5,2
4,1.0,0.0,1.0,0.0,0,0.0,-1.0,0.75,1.0,0
4,1.0,0.0,1.0,0.0,0,0.0,-1.0,0.875,0.5,2
4,1.0,0.0,1.0,0.0,0,0.0,-1.0,0.925000011920929,0.3,2
4,1.0,0.0,1.0,0.0,0,0.0,-1.0,0.5999999642372131,1.0,0
4,1.0,0.0,1.0,0.0,0,0.0,-1.0,0.925000011920929,0.3,2
4,1.0,0.0,1.0,0.0,0,0.0,-1.0,0.5999999642372131,1.0,3
4,1.0,0.0,1.0,0.0,0,0.0,-1.0,0.940000057220459,0.2,2
4,1.0,0.0,1.0,0.0,0,0.0,-1.0,0.7999999523162842,0.5,0
4,1.0,0.0,1.0,0.0,0,0.0,-1.0,0.75,1.0,3
4,1.0,0.0,1.0,0.0,0,0.0,-1.0,0.940000057220459,0.2,1
4,1.0,0.0,1.0,0.0,0,0.0,-1.0,0.9099999666213989,0.3,0
4,1.0,1.0,0.0,0.0,0,0.0,1.0,0.0,0.0,0
4,1.0,0.0,1.0,0.0,0,0.0,-1.0,0.5999999642372131,1.0,1
4,1.0,0.0,1.0,0.0,0,0.0,-1.0,0.7749999761581421,0.5,0
4,1.0,1.0,0.0,0.0,0,0.0,1.0,0.0,0.0,0
4,1.0,0.0,1.0,0.0,0,0.0,-1.0,0.9200000166893005,0.2,1
4,1.0,0.0,1.0,0.0,0,0.0,-1.0,0.7999999523162842,0.5,1
4,0.98860735,1.0,0.0,0.011392641,0,0.0,0.964113175868988,0.0,0.0,0
4,1.0,0.0,1.0,0.0,0,0.0,-1.0002847909927368,0.6800000071525574,0.8,1
4,1.0,0.0,1.0,0.0,0,0.0,-1.0,0.925000011920929,0.3,0
4,1.0,0.0,1.0,0.0,0,0.0,-1.0,0.75,1.0,0
4,1.0,1.0,0.0,0.0,0,0.0,1.0,0.0,0.0,0
4,1.0,0.0,1.0,0.0,0,0.0,-1.0,0.925000011920929,0.3,3
4,1.0,0.0,1.0,0.0,0,0.0,-1.0,0.925000011920929,0.3,2
4,1.0,0.0,1.0,0.0,0,0.0,-1.0,0.7999999523162842,0.5,0
4,1.0,0.0,1.0,0.0,0,0.0,-1.0,0.875,0.5,0
4,1.0,0.0,1.0,0.0,0,0.0,-1.0,0.75,1.0,3
4,1.0,0.0,1.0,0.0,0,0.0,-1.0,0.6800000071525574,0.8,3
4,1.0,1.0,0.0,0.0,0,0.0,1.0,0.0,0.0,0
4,1.0,0.0,1.0,0.0,0,0.0,-1.0,0.550000011920929,1.0,1
4,1.0,0.0,1.0,0.0,0,0.0,-1.0,0.7999999523162842,0.5,1
4,1.0,1.0,0.0,0.0,0,0.0,1.0,0.0,0.0,0
4,1.0,0.0,1.0,0.0,0,0.0,-1.0,0.925000011920929,0.3,2
4,1.0,0.0,1.0,0.0,0,0.0,-1.0,0.9500000476837158,0.2,1
4,1.0,0.0,1.0,0.0,0,0.0,-1.0,0.9500000476837158,0.2,1
4,1.0,1.0,0.0,0.0,0,0.0,1.0,0.0,0.0,0
4,1.0,0.0,1.0,0.0,0,0.0,-1.0,0.7000000476837158,1.0,0
4,1.0,1.0,0.0,0.0,0,0.0,1.0,0.0,0.0,0
4,1.0,0.0,1.0,0.0,0,0.0,-1.0,0.925000011920929,0.3,1
4,1.0,1.0,0.0,0.0,0,0.0,1.0,0.0,0.0,0
4,1.0,0.0,1.0,0.0,0,0.0,-1.0,0.7000000476837158,1.0,3
4,1.0,0.0,1.0,0.0,0,0.0,-1.0,0.9099999666213989,0.3,2
4,1.0,0.0,1.0,0.0,0,0.0,-1.0,0.8500000238418579,0.5,1
4,1.0,0.0,1.0,0.0,0,0.0,-1.0,0.9500000476837158,0.2,0
4,1.0,0.0,1.0,0.0,0,0.0,-1.0,0.875,0.5,0
4,1.0,0.0,1.0,0.0,0,0.0,-1.0,0.875,0.5,0
4,1.0,0.0,1.0,0.0,0,0.0,-1.0,0.9200000166893005,0.2,3
4,1.0,0.0,1.0,0.0,0,0.0,-1.0,0.940000057220459,0.2,1
4,1.0,0.0,1.0,0.0,0,0.0,-1.0,0.550000011920929,1.0,2
4,1.0,0.0,1.0,0.0,0,0.0,-1.0,0.75,1.0,0
4,1.0,0.0,1.0,0.0,0,0.0,-1.0,0.8500000238418579,0.5,1
4,1.0,0.0,1.0,0.0,0,0.0,-1.0,0.925000011920929,0.3,1
4,1.0,1.0,0.0,0.0,0,0.0,1.0,0.0,0.0,0
4,0.9688336,0.1402486264705658,0.8597514033317566,0.031166364,0,0.0,-0.8223518133163452,0.8097514510154724,0.2,1
4,1.0,1.0,0.0,0.0,0,0.0,0.9984416961669922,0.0,0.0,0
4,1.0,1.0,0.0,0.0,0,0.0,1.0,0.0,0.0,0
4,1.0,0.0,1.0,0.0,0,0.0,-1.0,0.925000011920929,0.3,2
4,1.0,0.0,1.0,0.0,0,0.0,-1.0,0.875,0.5,3
4,1.0,0.0,1.0,0.0,0,0.0,-1.0,0.800000011920929,0.8,2
4,1.0,0.0,1.0,0.0,0,0.0,-1.0,0.9099999666213989,0.3,2
4,1.0,0.0,1.0,0.0,0,0.0,-1.0,0.6800000071525574,0.8,0
4,1.0,0.0,1.0,0.0,0,0.0,-1.0,0.6800000071525574,0.8,0
4,1.0,0.0,1.0,0.0,0,0.0,-1.0,0.9500000476837158,0.2,3
4,1.0,1.0,0.0,0.0,0,0.0,1.0,0.0,0.0,0
4,1.0,0.0,1.0,0.0,0,0.0,-1.0,0.9099999666213989,0.3,2
4,1.0,1.0,0.0,0.0,0,0.0,1.0,0.0,0.0,0
4,1.0,0.0,1.0,0.0,0,0.0,-1.0,0.7749999761581421,0.5,3
4,1.0,0.0,1.0,0.0,0,0.0,-1.0,0.940000057220459,0.2,3
4,1.0,1.0,0.0,0.0,0,0.0,1.0,0.0,0.0,0
4,1.0,0.0,1.0,0.0,0,0.0,-1.0,0.9500000476837158,0.2,3
4,1.0,1.0,0.0,0.0,0,0.0,1.0,0.0,0.0,0
4,1.0,1.0,0.0,0.0,0,0.0,1.0,0.0,0.0,0
4,1.0,0.0,1.0,0.0,0,0.0,-1.0,0.75,1.0,2
4,1.0,1.0,0.0,0.0,0,0.0,1.0,0.0,0.0,0
4,1.0,0.0,1.0,0.0,0,0.0,-1.0,0.550000011920929,1.0,2
4,1.0,0.0,1.0,0.0,0,0.0,-1.0,0.9099999666213989,0.3,1
4,1.0,0.0,1.0,0.0,0,0.0,-1.0,0.875,0.5,3
4,1.0,0.0,1.0,0.0,0,0.0,-1.0,0.5999999642372131,1.0,3
4,1.0,0.0,1.0,0.0,0,0.0,-1.0,0.75,1.0,1
4,1.0,0.0,1.0,0.0,0,0.0,-1.0,0.800000011920929,0.8,0
4,1.0,0.0,1.0,0.0,0,0.0,-1.0,0.7999999523162842,0.5,1
4,1.0,1.0,0.0,0.0,0,0.0,1.0,0.0,0.0,0
4,1.0,0.0,1.0,0.0,0,0.0,-1.0,0.940000057220459,0.2,0
4,1.0,0.0,1.0,0.0,0,0.0,-1.0,0.9100000262260437,0.2,0
4,1.0,0.0,1.0,0.0,0,0.0,-1.0,0.9500000476837158,0.2,1
4,1.0,1.0,0.0,0.0,0,0.0,1.0,0.0,0.0,0
4,1.0,1.0,0.0,0.0,0,0.0,1.0,0.0,0.0,0
4,1.0,0.0,1.0,0.0,0,0.0,-1.0,0.7000000476837158,1.0,0
4,1.0,1.0,0.0,0.0,0,0.0,1.0,0.0,0.0,0
4,1.0,0.0,1.0,0.0,0,0.0,-1.0,0.7599999904632568,0.8,3
4,1.0,1.0,0.0,0.0,0,0.0,1.0,0.0,0.0,0
4,1.0,0.0,1.0,0.0,0,0.0,-1.0,0.7999999523162842,0.5,3
4,1.0,1.0,0.0,0.0,0,0.0,1.0,0.0,0.0,0
4,1.0,1.0,0.0,0.0,0,0.0,1.0,0.0,0.0,0
4,1.0,0.0,1.0,0.0,0,0.0,-1.0,0.7749999761581421,0.5,1
4,1.0,0.0,1.0,0.0,0,0.0,-1.0,0.9500000476837158,0.2,0
4,1.0,0.0,1.0,0.0,0,0.0,-1.0,0.7749999761581421,0.5,3
4,1.0,0.0,1.0,0.0,0,0.0,-1.0,0.925000011920929,0.3,2
4,1.0,0.0,1.0,0.0,0,0.0,-1.0,0.925000011920929,0.3,0
4,1.0,0.0,1.0,0.0,0,0.0,-1.0,0.875,0.5,1
4,1.0,0.0,1.0,0.0,0,0.0,-1.0,0.9500000476837158,0.2,3
4,1.0,0.0,1.0,0.0,0,0.0,-1.0,0.8500000238418579,0.5,2
4,1.0,0.0,1.0,0.0,0,0.0,-1.0,0.9500000476837158,0.2,0
4,1.0,0.0,1.0,0.0,0,0.0,-1.0,0.875,0.5,2
4,1.0,0.0,1.0,0.0,0,0.0,-1.0,0.9099999666213989,0.3,3
4,1.0,0.0,1.0,0.0,0,0.0,-1.0,0.6800000071525574,0.8,0
4,1.0,0.0,1.0,0.0,0,0.0,-1.0,0.9500000476837158,0.2,3
4,1.0,1.0,0.0,0.0,0,0.0,1.0,0.0,0.0,0
4,1.0,0.0,1.0,0.0,0,0.0,-1.0,0.7599999904632568,0.8,1
4,1.0,0.0,1.0,0.0,0,0.0,-1.0,0.875,0.5,2
4,1.0,0.0,1.0,0.0,0,0.0,-1.0,0.6800000071525574,0.8,3
4,1.0,0.0,1.0,0.0,0,0.0,-1.0,0.8500000238418579,0.5,3
4,1.0,1.0,0.0,0.0,0,0.0,1.0,0.0,0.0,0
4,1.0,1.0,0.0,0.0,0,0.0,1.0,0.0,0.0,0
4,1.0,1.0,0.0,0.0,0,0.0,1.0,0.0,0.0,0
4,1.0,1.0,0.0,0.0,0,0.0,1.0,0.0,0.0,0
4,1.0,1.0,0.0,0.0,0,0.0,1.0,0.0,0.0,0
4,1.0,0.0,1.0,0.0,0,0.0,-1.0,0.940000057220459,0.2,3
4,1.0,0.0,1.0,0.0,0,0.0,-1.0,0.6399999856948853,0.8,3
4,1.0,0.0,1.0,0.0,0,0.0,-1.0,0.875,0.5,1
4,1.0,1.0,0.0,0.0,0,0.0,1.0,0.0,0.0,0
4,1.0,0.0,1.0,0.0,0,0.0,-1.0,0.800000011920929,0.8,1
4,1.0,0.0,1.0,0.0,0,0.0,-1.0,0.5999999642372131,1.0,0
4,1.0,1.0,0.0,0.0,0,0.0,1.0,0.0,0.0,0
4,1.0,1.0,0.0,0.0,0,0.0,1.0,0.0,0.0,0
4,1.0,0.0,1.0,0.0,0,0.0,-1.0,0.925000011920929,0.3,2
4,1.0,0.0,1.0,0.0,0,0.0,-1.0,0.6800000071525574,0.8,3
4,1.0,1.0,0.0,0.0,0,0.0,1.0,0.0,0.0,0
4,1.0,0.0,1.0,0.0,0,0.0,-1.0,0.9500000476837158,0.2,2
4,1.0,0.0,1.0,0.0,0,0.0,-1.0,0.75,1.0,0
4,1.0,0.0,1.0,0.0,0,0.0,-1.0,0.925000011920929,0.3,3
4,1.0,0.0,1.0,0.0,0,0.0,-1.0,0.925000011920929,0.3,2
4,1.0,1.0,0.0,0.0,0,0.0,1.0,0.0,0.0,0
4,1.0,1.0,0.0,0.0,0,0.0,1.0,0.0,0.0,0
4,1.0,0.0,1.0,0.0,0,0.0,-1.0,0.925000011920929,0.3,0
4,1.0,0.0,1.0,0.0,0,0.0,-1.0,0.940000057220459,0.2,0
4,1.0,0.0,1.0,0.0,0,0.0,-1.0,0.7000000476837158,1.0,3
4,1.0,1.0,0.0,0.0,0,0.0,1.0,0.0,0.0,0
4,1.0,0.0,1.0,0.0,0,0.0,-1.0,0.6800000071525574,0.8,2
4,1.0,0.0,1.0,0.0,0,0.0,-1.0,0.800000011920929,0.8,3
4,1.0,1.0,0.0,0.0,0,0.0,1.0,0.0,0.0,0
4,0.9265378,0.3305799067020416,0.6694201231002808,0.0734622,1,0.0,-5.581265449523926,0.46942010521888733,0.5,3
4,1.0,0.0,1.0,0.0,0,0.0,-1.0036730766296387,0.800000011920929,0.8,3
4,1.0,0.0,1.0,0.0,0,0.0,-1.0,0.9500000476837158,0.2,2
4,1.0,0.0,1.0,0.0,0,0.0,-1.0,0.6800000071525574,0.8,2
4,1.0,1.0,0.0,0.0,0,0.0,1.0,0.0,0.0,0
4,1.0,0.0,1.0,0.0,0,0.0,-1.0,0.9099999666213989,0.3,1
4,1.0,1.0,0.0,0.0,0,0.0,1.0,0.0,0.0,0
4,1.0,1.0,0.0,0.0,0,0.0,1.0,0.0,0.0,0
4,1.0,0.0,1.0,0.0,0,0.0,-1.0,0.9099999666213989,0.3,2
4,1.0,1.0,0.0,0.0,0,0.0,1.0,0.0,0.0,0
4,1.0,0.0,1.0,0.0,0,0.0,-1.0,0.7749999761581421,0.5,3
4,1.0,1.0,0.0,0.0,0,0.0,1.0,0.0,0.0,0
4,1.0,0.0,1.0,0.0,0,0.0,-1.0,0.925000011920929,0.3,2
4,1.0,1.0,0.0,0.0,0,0.0,1.0,0.0,0.0,0
4,1.0,0.0,1.0,0.0,0,0.0,-1.0,0.7599999904632568,0.8,2
4,1.0,0.0,1.0,0.0,0,0.0,-1.0,0.7000000476837158,1.0,2
4,1.0,0.0,1.0,0.0,0,0.0,-1.0,0.800000011920929,0.8,0
4,1.0,0.0,1.0,0.0,0,0.0,-1.0,0.9500000476837158,0.2,0
4,1.0,0.0,1.0,0.0,0,0.0,-1.0,0.7000000476837158,1.0,3
4,1.0,0.0,1.0,0.0,0,0.0,-1.0,0.875,0.5,0
4,1.0,0.0,1.0,0.0,0,0.0,-1.0,0.7599999904632568,0.8,1
4,1.0,0.0,1.0,0.0,0,0.0,-1.0,0.9200000166893005,0.2,0
4,1.0,0.0,1.0,0.0,0,0.0,-1.0,0.9500000476837158,0.2,1
4,1.0,1.0,0.0,0.0,0,0.0,1.0,0.0,0.0,0
4,1.0,0.0,1.0,0.0,0,0.0,-1.0,0.9099999666213989,0.3,1
4,1.0,0.0,1.0,0.0,0,0.0,-1.0,0.9500000476837158,0.2,0
4,1.0,0.0,1.0,0.0,0,0.0,-1.0,0.925000011920929,0.3,0
4,1.0,1.0,0.0,0.0,0,0.0,1.0,0.0,0.0,0
4,1.0,1.0,0.0,0.0,0,0.0,1.0,0.0,0.0,0
4,1.0,0.0,1.0,0.0,0,0.0,-1.0,0.7999999523162842,0.5,2
4,1.0,1.0,0.0,0.0,0,0.0,1.0,0.0,0.0,0
4,1.0,0.0,1.0,0.0,0,0.0,-1.0,0.6800000071525574,0.8,0
4,1.0,1.0,0.0,0.0,0,0.0,1.0,0.0,0.0,0
4,1.0,0.0,1.0,0.0,0,0.0,-1.0,0.6800000071525574,0.8,2
4,1.0,1.0,0.0,0.0,0,0.0,1.0,0.0,0.0,0
4,1.0,0.0,1.0,0.0,0,0.0,-1.0,0.875,0.5,3
4,1.0,0.0,1.0,0.0,0,0.0,-1.0,0.550000011920929,1.0,2
4,1.0,0.0,1.0,0.0,0,0.0,-1.0,0.925000011920929,0.3,2
4,1.0,0.0,1.0,0.0,0,0.0,-1.0,0.7749999761581421,0.5,0
4,1.0,1.0,0.0,0.0,0,0.0,1.0,0.0,0.0,0
4,1.0,0.0,1.0,0.0,0,0.0,-1.0,0.7999999523162842,0.5,0
4,1.0,0.0,1.0,0.0,0,0.0,-1.0,0.9500000476837158,0.2,0
4,1.0,0.0,1.0,0.0,0,0.0,-1.0,0.9500000476837158,0.2,0
4,1.0,0.0,1.0,0.0,0,0.0,-1.0,0.9200000166893005,0.2,0
4,1.0,0.0,1.0,0.0,0,0.0,-1.0,0.925000011920929,0.3,3
4,1.0,0.0,1.0,0.0,0,0.0,-1.0,0.7749999761581421,0.5,0
4,1.0,0.0,1.0,0.0,0,0.0,-1.0,0.925000011920929,0.3,0
4,1.0,0.0,1.0,0.0,0,0.0,-1.0,0.9500000476837158,0.2,0
4,1.0,1.0,0.0,0.0,0,0.0,1.0,0.0,0.0,0
4,1.0,1.0,0.0,0.0,0,0.0,1.0,0.0,0.0,0
4,1.0,0.0,1.0,0.0,0,0.0,-1.0,0.925000011920929,0.3,0
4,1.0,0.0,1.0,0.0,0,0.0,-1.0,0.7999999523162842,0.5,2
4,1.0,0.0,1.0,0.0,0,0.0,-1.0,0.6399999856948853,0.8,3
4,1.0,1.0,0.0,0.0,0,0.0,1.0,0.0,0.0,0
4,1.0,1.0,0.0,0.0,0,0.0,1.0,0.0,0.0,0
4,1.0,0.0,1.0,0.0,0,0.0,-1.0,0.875,0.5,0
4,1.0,0.0,1.0,0.0,0,0.0,-1.0,0.8500000238418579,0.5,3
4,1.0,0.0,1.0,0.0,0,0.0,-1.0,0.800000011920929,0.8,0
4,1.0,0.0,1.0,0.0,0,0.0,-1.0,0.75,1.0,2
4,1.0,0.0,1.0,0.0,0,0.0,-1.0,0.925000011920929,0.3,0
4,1.0,1.0,0.0,0.0,0,0.0,1.0,0.0,0.0,0
4,1.0,0.0,1.0,0.0,0,0.0,-1.0,0.7599999904632568,0.8,0
4,1.0,0.0,1.0,0.0,0,0.0,-1.0,0.875,0.5,3
4,1.0,0.0,1.0,0.0,0,0.0,-1.0,0.925000011920929,0.3,2
4,1.0,1.0,0.0,0.0,0,0.0,1.0,0.0,0.0,0
4,1.0,0.0,1.0,0.0,0,0.0,-1.0,0.75,1.0,0
4,1.0,0.0,1.0,0.0,0,0.0,-1.0,0.9100000262260437,0.2,1
4,1.0,0.0,1.0,0.0,0,0.0,-1.0,0.925000011920929,0.3,1
4,1.0,0.0,1.0,0.0,0,0.0,-1.0,0.9100000262260437,0.2,3
4,1.0,0.0,1.0,0.0,0,0.0,-1.0,0.6399999856948853,0.8,1
4,1.0,1.0,0.0,0.0,0,0.0,1.0,0.0,0.0,0
4,1.0,0.0,1.0,0.0,0,0.0,-1.0,0.940000057220459,0.2,1
4,1.0,1.0,0.0,0.0,0,0.0,1.0,0.0,0.0,0
4,1.0,1.0,0.0,0.0,0,0.0,1.0,0.0,0.0,0
4,0.97452193,0.11465135216712952,0.8853486776351929,0.025478078,0,0.0,-0.8547750115394592,0.8353487253189087,0.2,3
4,1.0,0.0,1.0,0.0,0,0.0,-1.0012738704681396,0.9500000476837158,0.2,1
4,1.0,0.0,1.0,0.0,0,0.0,-1.0,0.9200000166893005,0.2,1
4,1.0,1.0,0.0,0.0,0,0.0,1.0,0.0,0.0,0
4,1.0,0.0,1.0,0.0,0,0.0,-1.0,0.5999999642372131,1.0,0
4,1.0,0.0,1.0,0.0,0,0.0,-1.0,0.9500000476837158,0.2,1
4,1.0,0.0,1.0,0.0,0,0.0,-1.0,0.75,1.0,1
4,1.0,0.0,1.0,0.0,0,0.0,-1.0,0.75,1.0,2
4,1.0,0.0,1.0,0.0,0,0.0,-1.0,0.7599999904632568,0.8,0
4,1.0,1.0,0.0,0.0,0,0.0,1.0,0.0,0.0,0
4,1.0,0.0,1.0,0.0,0,0.0,-1.0,0.940000057220459,0.2,1
4,1.0,0.0,1.0,0.0,0,0.0,-1.0,0.9500000476837158,0.2,3
4,1.0,0.0,1.0,0.0,0,0.0,-1.0,0.7999999523162842,0.5,3
4,1.0,0.0,1.0,0.0,0,0.0,-1.0,0.75,1.0,1
4,1.0,1.0,0.0,0.0,0,0.0,1.0,0.0,0.0,0
4,1.0,1.0,0.0,0.0,0,0.0,1.0,0.0,0.0,0
4,1.0,0.0,1.0,0.0,0,0.0,-1.0,0.5999999642372131,1.0,0
4,1.0,1.0,0.0,0.0,0,0.0,1.0,0.0,0.0,0
4,1.0,0.0,1.0,0.0,0,0.0,-1.0,0.9099999666213989,0.3,1
4,1.0,0.0,1.0,0.0,0,0.0,-1.0,0.9200000166893005,0.2,3
4,1.0,0.0,1.0,0.0,0,0.0,-1.0,0.5999999642372131,1.0,3
4,1.0,0.0,1.0,0.0,0,0.0,-1.0,0.9500000476837158,0.2,1
4,1.0,1.0,0.0,0.0,0,0.0,1.0,0.0,0.0,0
4,1.0,0.0,1.0,0.0,0,0.0,-1.0,0.875,0.5,1
4,1.0,0.0,1.0,0.0,0,0.0,-1.0,0.875,0.5,1
4,1.0,0.0,1.0,0.0,0,0.0,-1.0,0.800000011920929,0.8,0
4,1.0,0.0,1.0,0.0,0,0.0,-1.0,0.940000057220459,0.2,1
4,1.0,0.0,1.0,0.0,0,0.0,-1.0,0.925000011920929,0.3,1
4,1.0,0.0,1.0,0.0,0,0.0,-1.0,0.9099999666213989,0.3,3
4,1.0,0.0,1.0,0.0,0,0.0,-1.0,0.925000011920929,0.3,3
4,1.0,0.0,1.0,0.0,0,0.0,-1.0,0.7000000476837158,1.0,3
4,1.0,0.0,1.0,0.0,0,0.0,-1.0,0.9500000476837158,0.2,1
4,1.0,0.0,1.0,0.0,0,0.0,-1.0,0.9099999666213989,0.3,2
4,1.0,1.0,0.0,0.0,0,0.0,1.0,0.0,0.0,0
4,1.0,0.0,1.0,0.0,0,0.0,-1.0,0.75,1.0,1
4,1.0,1.0,0.0,0.0,0,0.0,1.0,0.0,0.0,0
4,1.0,1.0,0.0,0.0,0,0.0,1.0,0.0,0.0,0
4,1.0,0.0,1.0,0.0,0,0.0,-1.0,0.800000011920929,0.8,3
4,1.0,0.0,1.0,0.0,0,0.0,-1.0,0.9099999666213989,0.3,2
4,1.0,0.0,1.0,0.0,0,0.0,-1.0,0.7999999523162842,0.5,2
4,1.0,1.0,0.0,0.0,0,0.0,1.0,0.0,0.0,0
