episode,service_quality,mitigation_efficiency,attack_leakage,collateral_damage,sla_violation,shield_repair,defender_reward,attacker_reward,attack_intensity,protocol
0,1.0,0.0,1.0,0.0,0,0.0,-1.0,0.800000011920929,0.8,1
0,1.0,0.0,1.0,0.0,0,0.0,-1.0,0.875,0.5,0
0,0.8,0.8999999761581421,0.10000000149011612,0.2,1,0.0,-4.860000133514404,0.02499999850988388,0.3,3
0,1.0,0.0,1.0,0.0,0,0.0,-1.0099999904632568,0.9500000476837158,0.2,3
0,0.99,0.044999998062849045,0.9549999833106995,0.010000001,0,1.0,-0.9429999589920044,0.8650000095367432,0.2,0
0,1.0,0.0,1.0,0.0,0,0.0,-1.000499963760376,0.875,0.5,3
0,1.0,0.0,1.0,0.0,0,0.0,-1.0,0.940000057220459,0.2,1
0,1.0,0.0,1.0,0.0,0,0.0,-1.0,0.5999999642372131,1.0,1
0,1.0,0.0,1.0,0.0,0,0.0,-1.0,0.5999999642372131,1.0,1
0,1.0,1.0,0.0,0.0,0,0.0,1.0,0.0,0.0,0
0,0.99,0.044999998062849045,0.9549999833106995,0.010000001,0,1.0,-0.9429999589920044,0.7300000190734863,0.5,2
0,1.0,0.0,1.0,0.0,0,0.0,-1.000499963760376,0.8500000238418579,0.5,3
0,1.0,0.0,1.0,0.0,0,0.0,-1.0,0.550000011920929,1.0,0
0,1.0,0.0,1.0,0.0,0,0.0,-1.0,0.925000011920929,0.3,0
0,0.99,0.044999998062849045,0.9549999833106995,0.010000001,0,1.0,-0.9429999589920044,0.9050000309944153,0.2,1
0,1.0,1.0,0.0,0.0,0,0.0,0.9994999766349792,0.0,0.0,0
0,1.0,0.0,1.0,0.0,0,0.0,-1.0,0.925000011920929,0.3,1
0,1.0,1.0,0.0,0.0,0,0.0,1.0,0.0,0.0,0
0,1.0,0.0,1.0,0.0,0,0.0,-1.0,0.800000011920929,0.8,0
0,1.0,0.0,1.0,0.0,0,0.0,-1.0,0.7749999761581421,0.5,1
0,1.0,0.0,1.0,0.0,0,0.0,-1.0,0.925000011920929,0.3,3
0,1.0,0.0,1.0,0.0,0,0.0,-1.0,0.75,1.0,3
0,0.96,1.0,0.0,0.040000003,0,1.0,0.8740000128746033,0.0,0.0,0
0,0.96,1.0,0.0,0.040000003,0,1.0,0.875,0.0,0.0,0
0,0.9274963,0.32626670598983765,0.6737333536148071,0.07250371,1,0.0,-5.585728645324707,0.43373334407806396,0.8,1
0,1.0,0.0,1.0,0.0,0,0.0,-1.0036251544952393,0.75,1.0,3
0,1.0,0.0,1.0,0.0,0,0.0,-1.0,0.5999999642372131,1.0,0
0,1.0,1.0,0.0,0.0,0,0.0,1.0,0.0,0.0,0
0,1.0,1.0,0.0,0.0,0,0.0,1.0,0.0,0.0,0
0,1.0,0.0,1.0,0.0,0,0.0,-1.0,0.9099999666213989,0.3,2
0,1.0,0.0,1.0,0.0,0,0.0,-1.0,0.7999999523162842,0.5,1
0,0.96,1.0,0.0,0.040000003,0,1.0,0.8740000128746033,0.0,0.0,0
0,1.0,1.0,0.0,0.0,0,0.0,0.9990000128746033,0.0,0.0,0
0,0.8462482,0.6918830275535583,0.30811697244644165,0.15375179,1,0.0,-5.12361478805542,-0.14188304543495178,1.0,0
0,1.0,0.0,1.0,0.0,0,0.0,-1.0076875686645508,0.8500000238418579,0.5,2
0,0.98,1.0,0.0,0.020000001,0,1.0,0.9369999766349792,0.0,0.0,0
0,1.0,0.0,1.0,0.0,0,0.0,-1.000499963760376,0.925000011920929,0.3,3
0,1.0,0.0,1.0,0.0,0,0.0,-1.0,0.925000011920929,0.3,0
0,1.0,0.0,1.0,0.0,0,0.0,-1.0,0.9500000476837158,0.2,2
0,1.0,0.0,1.0,0.0,0,0.0,-1.0,0.5999999642372131,1.0,3
0,1.0,0.0,1.0,0.0,0,0.0,-1.0,0.9100000262260437,0.2,0
0,1.0,0.0,1.0,0.0,0,0.0,-1.0,0.9200000166893005,0.2,0
0,1.0,1.0,0.0,0.0,0,0.0,1.0,0.0,0.0,0
0,0.993446,0.029492979869246483,0.970507025718689,0.006553996,0,0.0,-0.962642252445221,0.6705070734024048,1.0,0
0,0.99,0.044999998062849045,0.9549999833106995,0.010000001,0,1.0,-0.9426722526550293,0.6549999713897705,1.0,1
0,1.0,1.0,0.0,0.0,0,0.0,0.9994999766349792,0.0,0.0,0
0,0.99,0.044999998062849045,0.9549999833106995,0.010000001,0,1.0,-0.9429999589920044,0.8299999833106995,0.5,2
0,1.0,0.0,1.0,0.0,0,0.0,-1.000499963760376,0.7599999904632568,0.8,0
0,0.98,1.0,0.0,0.020000001,0,1.0,0.9369999766349792,0.0,0.0,0
0,1.0,0.0,1.0,0.0,0,0.0,-1.000499963760376,0.925000011920929,0.3,1
0,1.0,1.0,0.0,0.0,0,0.0,1.0,0.0,0.0,0
0,1.0,0.0,1.0,0.0,0,0.0,-1.0,0.75,1.0,0
0,1.0,1.0,0.0,0.0,0,0.0,1.0,0.0,0.0,0
0,1.0,0.0,1.0,0.0,0,0.0,-1.0,0.940000057220459,0.2,3
0,1.0,0.0,1.0,0.0,0,0.0,-1.0,0.875,0.5,2
0,1.0,0.0,1.0,0.0,0,0.0,-1.0,0.6800000071525574,0.8,2
0,1.0,1.0,0.0,0.0,0,0.0,1.0,0.0,0.0,0
0,1.0,0.0,1.0,0.0,0,0.0,-1.0,0.925000011920929,0.3,2
0,1.0,1.0,0.0,0.0,0,0.0,1.0,0.0,0.0,0
0,0.96,1.0,0.0,0.040000003,0,1.0,0.8740000128746033,0.0,0.0,0
0,1.0,1.0,0.0,0.0,0,0.0,0.9990000128746033,0.0,0.0,0
0,1.0,0.0,1.0,0.0,0,0.0,-1.0,0.7599999904632568,0.8,1
0,1.0,0.0,1.0,0.0,0,0.0,-1.0,0.6800000071525574,0.8,0
0,0.8,0.8999999761581421,0.10000002384185791,0.2,1,0.0,-4.8600006103515625,-0.1499999761581421,1.0,1
0,0.8189574,0.8146917223930359,0.1853083074092865,0.1810426,1,0.0,-4.9599528312683105,0.13530831038951874,0.2,1
0,1.0,0.0,1.0,0.0,0,0.0,-1.0090521574020386,0.8500000238418579,0.5,1
0,1.0,0.0,1.0,0.0,0,0.0,-1.0,0.9100000262260437,0.2,3
0,1.0,1.0,0.0,0.0,0,0.0,1.0,0.0,0.0,0
0,1.0,0.0,1.0,0.0,0,0.0,-1.0,0.7000000476837158,1.0,2
0,1.0,0.0,1.0,0.0,0,0.0,-1.0,0.550000011920929,1.0,2
0,1.0,1.0,0.0,0.0,0,0.0,1.0,0.0,0.0,0
0,1.0,0.0,1.0,0.0,0,0.0,-1.0,0.9500000476837158,0.2,3
0,0.9826056,1.0,0.0,0.017394412,0,0.0,0.9452075362205505,0.0,0.0,0
0,1.0,0.0,1.0,0.0,0,0.0,-1.0004348754882812,0.6800000071525574,0.8,1
0,1.0,0.0,1.0,0.0,0,0.0,-1.0,0.9200000166893005,0.2,1
0,0.98,1.0,0.0,0.020000001,0,1.0,0.9369999766349792,0.0,0.0,0
0,1.0,0.0,1.0,0.0,0,0.0,-1.000499963760376,0.9200000166893005,0.2,1
0,1.0,1.0,0.0,0.0,0,0.0,1.0,0.0,0.0,0
0,1.0,0.0,1.0,0.0,0,0.0,-1.0,0.9099999666213989,0.3,1
0,1.0,0.0,1.0,0.0,0,0.0,-1.0,0.875,0.5,2
0,1.0,0.0,1.0,0.0,0,0.0,-1.0,0.800000011920929,0.8,3
0,1.0,1.0,0.0,0.0,0,0.0,1.0,0.0,0.0,0
0,0.99,0.044999998062849045,0.9549999833106995,0.010000001,0,1.0,-0.9429999589920044,0.7549999952316284,0.8,2
0,1.0,0.0,1.0,0.0,0,0.0,-1.000499963760376,0.6399999856948853,0.8,2
0,1.0,0.0,1.0,0.0,0,0.0,-1.0,0.9500000476837158,0.2,0
0,1.0,0.0,1.0,0.0,0,0.0,-1.0,0.550000011920929,1.0,3
0,1.0,0.0,1.0,0.0,0,0.0,-1.0,0.7000000476837158,1.0,1
0,1.0,0.0,1.0,0.0,0,0.0,-1.0,0.800000011920929,0.8,2
0,0.99,0.044999998062849045,0.9549999833106995,0.010000001,0,1.0,-0.9429999589920044,0.7549999952316284,0.5,3
0,1.0,0.0,1.0,0.0,0,0.0,-1.000499963760376,0.9500000476837158,0.2,1
0,1.0,0.0,1.0,0.0,0,0.0,-1.0,0.800000011920929,0.8,0
0,1.0,1.0,0.0,0.0,0,0.0,1.0,0.0,0.0,0
0,1.0,0.0,1.0,0.0,0,0.0,-1.0,0.875,0.5,1
0,1.0,1.0,0.0,0.0,0,0.0,1.0,0.0,0.0,0
0,1.0,1.0,0.0,0.0,0,0.0,1.0,0.0,0.0,0
0,0.9885209,0.05165596306324005,0.9483440518379211,0.011479104,0,0.0,-0.9345691204071045,0.723344087600708,0.5,2
0,0.8,0.8999999761581421,0.1000000536441803,0.2,1,0.0,-4.859426498413086,0.02000005915760994,0.2,3
0,1.0,1.0,0.0,0.0,0,0.0,0.9900000095367432,0.0,0.0,0
0,0.87308496,0.5711175203323364,0.4288824796676636,0.12691502,1,0.0,-5.276584625244141,0.35388249158859253,0.3,0
0,1.0,0.0,1.0,0.0,0,0.0,-1.0063457489013672,0.925000011920929,0.3,1
0,0.99,0.044999998062849045,0.9549999833106995,0.010000001,0,1.0,-0.9429999589920044,0.8799999952316284,0.3,0
0,1.0,0.0,1.0,0.0,0,0.0,-1.000499963760376,0.940000057220459,0.2,2
0,1.0,0.0,1.0,0.0,0,0.0,-1.0,0.75,1.0,3
0,1.0,0.0,1.0,0.0,0,0.0,-1.0,0.5999999642372131,1.0,2
0,1.0,0.0,1.0,0.0,0,0.0,-1.0,0.9500000476837158,0.2,2
0,1.0,0.0,1.0,0.0,0,0.0,-1.0,0.9500000476837158,0.2,0
0,0.99,0.044999998062849045,0.9549999833106995,0.010000001,0,1.0,-0.9429999589920044,0.9050000309944153,0.2,3
0,1.0,0.0,1.0,0.0,0,0.0,-1.000499963760376,0.875,0.5,2
0,0.99155164,0.0380176305770874,0.9619823694229126,0.008448362,0,0.0,-0.951844334602356,0.8869823813438416,0.3,2
0,1.0,1.0,0.0,0.0,0,0.0,0.9995775818824768,0.0,0.0,0
0,1.0,0.0,1.0,0.0,0,0.0,-1.0,0.9200000166893005,0.2,2
0,1.0,0.0,1.0,0.0,0,0.0,-1.0,0.875,0.5,3
0,1.0,0.0,1.0,0.0,0,0.0,-1.0,0.550000011920929,1.0,2
0,0.99,0.044999998062849045,0.9549999833106995,0.010000001,0,1.0,-0.9429999589920044,0.8799999952316284,0.3,1
0,0.98,1.0,0.0,0.020000001,0,1.0,0.9375,0.0,0.0,0
0,0.99,0.044999998062849045,0.9549999833106995,0.010000001,0,1.0,-0.9424999356269836,0.9050000309944153,0.2,2
0,0.98,1.0,0.0,0.020000001,0,1.0,0.9375,0.0,0.0,0
0,1.0,1.0,0.0,0.0,0,0.0,0.9994999766349792,0.0,0.0,0
0,1.0,0.0,1.0,0.0,0,0.0,-1.0,0.75,1.0,2
0,0.99,0.044999998062849045,0.9549999833106995,0.010000001,0,1.0,-0.9429999589920044,0.8799999952316284,0.3,2
0,1.0,0.0,1.0,0.0,0,0.0,-1.000499963760376,0.925000011920929,0.3,2
0,0.98,1.0,0.0,0.020000001,0,1.0,0.9369999766349792,0.0,0.0,0
0,1.0,1.0,0.0,0.0,0,0.0,0.9994999766349792,0.0,0.0,0
0,1.0,0.0,1.0,0.0,0,0.0,-1.0,0.940000057220459,0.2,1
0,1.0,0.0,1.0,0.0,0,0.0,-1.0,0.9099999666213989,0.3,2
0,1.0,0.0,1.0,0.0,0,0.0,-1.0,0.75,1.0,0
0,0.8096401,0.8566195368766785,0.14338046312332153,0.1903599,1,0.0,-4.914948463439941,-0.006619542837142944,0.5,3
0,1.0,0.0,1.0,0.0,0,0.0,-1.009518027305603,0.7000000476837158,1.0,1
0,0.96,1.0,0.0,0.040000003,0,1.0,0.8740000128746033,0.0,0.0,0
0,1.0,0.0,1.0,0.0,0,0.0,-1.0010000467300415,0.8500000238418579,0.5,0
0,0.8192978,0.8131599426269531,0.18684005737304688,0.18070221,1,0.0,-4.969997406005859,-0.26315996050834656,1.0,0
0,0.98,1.0,0.0,0.020000001,0,1.0,0.9289649128913879,0.0,0.0,0
0,1.0,0.0,1.0,0.0,0,0.0,-1.000499963760376,0.9500000476837158,0.2,2
0,1.0,0.0,1.0,0.0,0,0.0,-1.0,0.875,0.5,2
0,1.0,1.0,0.0,0.0,0,0.0,1.0,0.0,0.0,0
0,1.0,0.0,1.0,0.0,0,0.0,-1.0,0.925000011920929,0.3,3
0,0.99,0.044999998062849045,0.9549999833106995,0.010000001,0,1.0,-0.9429999589920044,0.9050000309944153,0.2,1
0,0.99,0.044999998062849045,0.9549999833106995,0.010000001,0,1.0,-0.9424999356269836,0.9050000309944153,0.2,0
0,0.99,0.044999998062849045,0.9549999833106995,0.010000001,0,1.0,-0.9424999356269836,0.9050000309944153,0.2,0
0,0.99,0.044999998062849045,0.9549999833106995,0.010000001,0,1.0,-0.9424999356269836,0.7149999737739563,0.8,2
0,1.0,0.0,1.0,0.0,0,0.0,-1.000499963760376,0.5999999642372131,1.0,1
0,1.0,0.0,1.0,0.0,0,0.0,-1.0,0.940000057220459,0.2,2
0,1.0,0.0,1.0,0.0,0,0.0,-1.0,0.940000057220459,0.2,3
0,1.0,0.0,1.0,0.0,0,0.0,-1.0,0.6399999856948853,0.8,0
0,1.0,0.0,1.0,0.0,0,0.0,-1.0,0.925000011920929,0.3,2
0,0.99,0.044999998062849045,0.9549999833106995,0.010000001,0,1.0,-0.9429999589920044,0.7549999952316284,0.8,1
0,0.99,0.044999998062849045,0.9549999833106995,0.010000001,0,1.0,-0.9424999356269836,0.8799999952316284,0.3,2
0,0.99,0.044999998062849045,0.9549999833106995,0.010000001,0,1.0,-0.9424999356269836,0.9050000309944153,0.2,0
0,0.99,0.044999998062849045,0.9549999833106995,0.010000001,0,1.0,-0.9424999356269836,0.7549999952316284,0.8,2
0,1.0,1.0,0.0,0.0,0,0.0,0.9994999766349792,0.0,0.0,0
0,1.0,1.0,0.0,0.0,0,0.0,1.0,0.0,0.0,0
0,1.0,0.0,1.0,0.0,0,0.0,-1.0,0.6399999856948853,0.8,3
0,0.9081229,0.41344699263572693,0.5865529775619507,0.09187712,1,0.0,-5.476300239562988,0.5115529894828796,0.3,0
0,1.0,0.0,1.0,0.0,0,0.0,-1.004593849182129,0.875,0.5,0
0,1.0,1.0,0.0,0.0,0,0.0,1.0,0.0,0.0,0
0,0.98,1.0,0.0,0.020000001,0,1.0,0.9369999766349792,0.0,0.0,0
0,0.96,1.0,0.0,0.040000003,0,1.0,0.8744999766349792,0.0,0.0,0
0,1.0,0.0,1.0,0.0,0,0.0,-1.0010000467300415,0.7999999523162842,0.5,0
0,1.0,1.0,0.0,0.0,0,0.0,1.0,0.0,0.0,0
0,1.0,1.0,0.0,0.0,0,0.0,1.0,0.0,0.0,0
0,0.96,1.0,0.0,0.040000003,0,1.0,0.8740000128746033,0.0,0.0,0
0,0.96,1.0,0.0,0.040000003,0,1.0,0.875,0.0,0.0,0
0,0.85515076,0.651821494102478,0.348178505897522,0.14484923,1,0.0,-5.1733598709106445,0.04817849397659302,1.0,1
0,1.0,0.0,1.0,0.0,0,0.0,-1.0072424411773682,0.800000011920929,0.8,3
0,1.0,1.0,0.0,0.0,0,0.0,1.0,0.0,0.0,0
0,0.99,0.044999998062849045,0.9549999833106995,0.010000001,0,1.0,-0.9429999589920044,0.8649999499320984,0.3,2
0,0.98,1.0,0.0,0.020000001,0,1.0,0.9375,0.0,0.0,0
0,1.0,0.0,1.0,0.0,0,0.0,-1.000499963760376,0.875,0.5,3
0,0.99,0.044999998062849045,0.9549999833106995,0.010000001,0,1.0,-0.9429999589920044,0.8649999499320984,0.3,2
0,1.0,0.0,1.0,0.0,0,0.0,-1.000499963760376,0.9200000166893005,0.2,1
0,1.0,0.0,1.0,0.0,0,0.0,-1.0,0.925000011920929,0.3,3
0,1.0,0.0,1.0,0.0,0,0.0,-1.0,0.9099999666213989,0.3,1
0,0.99,0.044999998062849045,0.9549999833106995,0.010000001,0,1.0,-0.9429999589920044,0.8799999952316284,0.3,0
0,1.0,0.0,1.0,0.0,0,0.0,-1.000499963760376,0.9500000476837158,0.2,1
0,1.0,0.0,1.0,0.0,0,0.0,-1.0,0.9500000476837158,0.2,1
0,0.98,1.0,0.0,0.020000001,0,1.0,0.9369999766349792,0.0,0.0,0
0,1.0,0.0,1.0,0.0,0,0.0,-1.000499963760376,0.5999999642372131,1.0,2
0,0.98,1.0,0.0,0.020000001,0,1.0,0.9369999766349792,0.0,0.0,0
0,0.8,0.8999999761581421,0.10000002384185791,0.2,1,0.0,-4.859500408172607,-0.1499999761581421,1.0,3
0,0.98,1.0,0.0,0.020000001,0,1.0,0.9279999732971191,0.0,0.0,0
0,0.99,0.044999998062849045,0.9549999833106995,0.010000001,0,1.0,-0.9424999356269836,0.6349999904632568,0.8,0
0,0.98,1.0,0.0,0.020000001,0,1.0,0.9375,0.0,0.0,0
0,1.0,1.0,0.0,0.0,0,0.0,0.9994999766349792,0.0,0.0,0
0,1.0,1.0,0.0,0.0,0,0.0,1.0,0.0,0.0,0
0,0.99,0.044999998062849045,0.9549999833106995,0.010000001,0,1.0,-0.9429999589920044,0.875,0.2,3
0,1.0,1.0,0.0,0.0,0,0.0,0.9994999766349792,0.0,0.0,0
0,0.99,0.044999998062849045,0.9549999833106995,0.010000001,0,1.0,-0.9429999589920044,0.875,0.2,3
0,1.0,0.0,1.0,0.0,0,0.0,-1.000499963760376,0.75,1.0,1
0,1.0,0.0,1.0,0.0,0,0.0,-1.0,0.9200000166893005,0.2,1
0,1.0,0.0,1.0,0.0,0,0.0,-1.0,0.925000011920929,0.3,3
0,1.0,0.0,1.0,0.0,0,0.0,-1.0,0.9500000476837158,0.2,3
0,0.8,0.8999999761581421,0.10000002384185791,0.2,1,0.0,-4.8600006103515625,-0.09999997913837433,0.5,2
0,0.98,1.0,0.0,0.020000001,0,1.0,0.9279999732971191,0.0,0.0,0
0,1.0,0.0,1.0,0.0,0,0.0,-1.000499963760376,0.75,1.0,0
0,1.0,1.0,0.0,0.0,0,0.0,1.0,0.0,0.0,0
0,1.0,0.0,1.0,0.0,0,0.0,-1.0,0.875,0.5,1
0,1.0,0.0,1.0,0.0,0,0.0,-1.0,0.5999999642372131,1.0,0
0,0.99,0.044999998062849045,0.9549999833106995,0.010000001,0,1.0,-0.9429999589920044,0.6549999713897705,1.0,1
0,0.99,0.044999998062849045,0.9549999833106995,0.010000001,0,1.0,-0.9424999356269836,0.6349999904632568,0.8,2
0,1.0,1.0,0.0,0.0,0,0.0,0.9994999766349792,0.0,0.0,0
0,0.99,0.044999998062849045,0.9549999833106995,0.010000001,0,1.0,-0.9429999589920044,0.8299999833106995,0.5,0
0,1.0,0.0,1.0,0.0,0,0.0,-1.000499963760376,0.75,1.0,2
0,0.99,0.044999998062849045,0.9549999833106995,0.010000001,0,1.0,-0.9429999589920044,0.8799999952316284,0.3,0
0,1.0,0.0,1.0,0.0,0,0.0,-1.000499963760376,0.9500000476837158,0.2,1
0,1.0,0.0,1.0,0.0,0,0.0,-1.0,0.7599999904632568,0.8,3
0,1.0,0.0,1.0,0.0,0,0.0,-1.0,0.9099999666213989,0.3,1
0,0.96,1.0,0.0,0.040000003,0,1.0,0.8740000128746033,0.0,0.0,0
0,0.90674317,0.41965562105178833,0.5803443789482117,0.09325681,1,0.0,-5.46743631362915,0.45534437894821167,0.5,0
0,1.0,0.0,1.0,0.0,0,0.0,-1.0046628713607788,0.940000057220459,0.2,0
0,0.99,0.044999998062849045,0.9549999833106995,0.010000001,0,1.0,-0.9429999589920044,0.8649999499320984,0.3,2
0,1.0,0.0,1.0,0.0,0,0.0,-1.000499963760376,0.6800000071525574,0.8,2
0,1.0,0.0,1.0,0.0,0,0.0,-1.0,0.75,1.0,1
0,0.99,0.044999998062849045,0.9549999833106995,0.010000001,0,1.0,-0.9429999589920044,0.7049999237060547,1.0,0
0,1.0,1.0,0.0,0.0,0,0.0,0.9994999766349792,0.0,0.0,0
0,0.99,0.044999998062849045,0.9549999833106995,0.010000001,0,1.0,-0.9429999589920044,0.7300000190734863,0.5,0
0,1.0,0.0,1.0,0.0,0,0.0,-1.000499963760376,0.875,0.5,2
0,1.0,0.0,1.0,0.0,0,0.0,-1.0,0.9099999666213989,0.3,2
0,0.8963721,0.4663255214691162,0.5336744785308838,0.1036279,1,0.0,-5.409321308135986,0.45867449045181274,0.3,3
0,1.0,0.0,1.0,0.0,0,0.0,-1.0051814317703247,0.550000011920929,1.0,2
0,0.98,1.0,0.0,0.020000001,0,1.0,0.9369999766349792,0.0,0.0,0
0,1.0,0.0,1.0,0.0,0,0.0,-1.000499963760376,0.925000011920929,0.3,3
0,1.0,0.0,1.0,0.0,0,0.0,-1.0,0.925000011920929,0.3,2
0,1.0,0.0,1.0,0.0,0,0.0,-1.0,0.8500000238418579,0.5,2
0,1.0,0.0,1.0,0.0,0,0.0,-1.0,0.940000057220459,0.2,2
0,1.0,0.0,1.0,0.0,0,0.0,-1.0,0.75,1.0,0
0,0.99,0.044999998062849045,0.9549999833106995,0.010000001,0,1.0,-0.9429999589920044,0.6549999713897705,1.0,3
0,0.98,1.0,0.0,0.020000001,0,1.0,0.9375,0.0,0.0,0
0,1.0,0.0,1.0,0.0,0,0.0,-1.000499963760376,0.75,1.0,0
0,1.0,0.0,1.0,0.0,0,0.0,-1.0,0.9500000476837158,0.2,3
0,1.0,0.0,1.0,0.0,0,0.0,-1.0,0.9200000166893005,0.2,1
0,1.0,1.0,0.0,0.0,0,0.0,1.0,0.0,0.0,0
0,1.0,1.0,0.0,0.0,0,0.0,1.0,0.0,0.0,0
0,0.99,0.044999998062849045,0.9549999833106995,0.010000001,0,1.0,-0.9429999589920044,0.7149999737739563,0.8,0
0,1.0,1.0,0.0,0.0,0,0.0,0.9994999766349792,0.0,0.0,0
0,0.96,1.0,0.0,0.040000003,0,1.0,0.8740000128746033,0.0,0.0,0
0,0.9130775,0.3911513686180115,0.6088486313819885,0.08692253,1,0.0,-5.503541469573975,0.4088486433029175,0.8,2
0,1.0,1.0,0.0,0.0,0,0.0,0.9956538677215576,0.0,0.0,0
0,1.0,0.0,1.0,0.0,0,0.0,-1.0,0.875,0.5,0
0,1.0,0.0,1.0,0.0,0,0.0,-1.0,0.550000011920929,1.0,3
0,1.0,1.0,0.0,0.0,0,0.0,1.0,0.0,0.0,0
0,1.0,0.0,1.0,0.0,0,0.0,-1.0,0.875,0.5,0
0,1.0,0.0,1.0,0.0,0,0.0,-1.0,0.800000011920929,0.8,0
0,1.0,0.0,1.0,0.0,0,0.0,-1.0,0.75,1.0,3
0,1.0,0.0,1.0,0.0,0,0.0,-1.0,0.75,1.0,0
0,0.96,1.0,0.0,0.040000003,0,1.0,0.8740000128746033,0.0,0.0,0
0,1.0,0.0,1.0,0.0,0,0.0,-1.0010000467300415,0.550000011920929,1.0,3
0,1.0,0.0,1.0,0.0,0,0.0,-1.0,0.940000057220459,0.2,0
0,0.9387007,0.27584683895111084,0.7241531610488892,0.0612993,1,0.0,-5.6505937576293945,0.6441531777381897,0.2,2
0,1.0,1.0,0.0,0.0,0,0.0,0.9969350099563599,0.0,0.0,0
0,1.0,0.0,1.0,0.0,0,0.0,-1.0,0.5999999642372131,1.0,0
0,1.0,1.0,0.0,0.0,0,0.0,1.0,0.0,0.0,0
0,0.98,1.0,0.0,0.020000001,0,1.0,0.9369999766349792,0.0,0.0,0
0,0.99,0.044999998062849045,0.9549999833106995,0.010000001,0,1.0,-0.9424999356269836,0.875,0.2,1
0,0.99,0.044999998062849045,0.9549999833106995,0.010000001,0,1.0,-0.9424999356269836,0.875,0.2,3
0,1.0,1.0,0.0,0.0,0,0.0,0.9994999766349792,0.0,0.0,0
0,1.0,0.0,1.0,0.0,0,0.0,-1.0,0.9500000476837158,0.2,1
0,0.99,0.044999998062849045,0.9549999833106995,0.010000001,0,1.0,-0.9429999589920044,0.8299999833106995,0.5,2
0,1.0,0.0,1.0,0.0,0,0.0,-1.000499963760376,0.9099999666213989,0.3,1
0,1.0,0.0,1.0,0.0,0,0.0,-1.0,0.8500000238418579,0.5,1
0,1.0,1.0,0.0,0.0,0,0.0,1.0,0.0,0.0,0
0,0.99,0.044999998062849045,0.9549999833106995,0.010000001,0,1.0,-0.9429999589920044,0.8299999833106995,0.5,0
0,1.0,0.0,1.0,0.0,0,0.0,-1.000499963760376,0.875,0.5,0
0,1.0,1.0,0.0,0.0,0,0.0,1.0,0.0,0.0,0
0,1.0,1.0,0.0,0.0,0,0.0,1.0,0.0,0.0,0
0,1.0,0.0,1.0,0.0,0,0.0,-1.0,0.800000011920929,0.8,1
0,1.0,0.0,1.0,0.0,0,0.0,-1.0,0.800000011920929,0.8,1
0,0.8,0.8999999761581421,0.10000002384185791,0.2,1,0.0,-4.8600006103515625,-0.29999998211860657,1.0,0
0,0.98,1.0,0.0,0.020000001,0,1.0,0.9279999732971191,0.0,0.0,0
0,0.99,0.044999998062849045,0.9549999833106995,0.010000001,0,1.0,-0.9424999356269836,0.8799999952316284,0.3,2
0,0.99,0.044999998062849045,0.9549999833106995,0.010000001,0,1.0,-0.9424999356269836,0.7049999237060547,1.0,1
0,0.99,0.044999998062849045,0.9549999833106995,0.010000001,0,1.0,-0.9424999356269836,0.8799999952316284,0.3,3
0,0.98721564,1.0,0.0,0.012784374,0,0.0,0.9598684906959534,0.0,0.0,0
0,1.0,1.0,0.0,0.0,0,0.0,0.9996803998947144,0.0,0.0,0
0,0.9803319,0.08850640803575516,0.9114935994148254,0.019668091,0,0.0,-0.887891948223114,0.6714935898780823,0.8,0
0,0.96,1.0,0.0,0.040000003,0,1.0,0.8749834299087524,0.0,0.0,0
0,1.0,1.0,0.0,0.0,0,0.0,0.9990000128746033,0.0,0.0,0
0,0.96,1.0,0.0,0.040000003,0,1.0,0.8740000128746033,0.0,0.0,0
0,1.0,0.0,1.0,0.0,0,0.0,-1.0010000467300415,0.8500000238418579,0.5,0
0,0.94669753,0.23986120522022247,0.7601388096809387,0.053302493,1,0.0,-5.696175575256348,0.6851388216018677,0.3,3
0,1.0,1.0,0.0,0.0,0,0.0,0.997334897518158,0.0,0.0,0
0,1.0,1.0,0.0,0.0,0,0.0,1.0,0.0,0.0,0
0,0.99,0.044999998062849045,0.9549999833106995,0.010000001,0,1.0,-0.9429999589920044,0.9050000309944153,0.2,2
0,0.99,0.044999998062849045,0.9549999833106995,0.010000001,0,1.0,-0.9424999356269836,0.8950000405311584,0.2,2
0,0.99,0.044999998062849045,0.9549999833106995,0.010000001,0,1.0,-0.9424999356269836,0.8050000071525574,0.5,1
0,0.99,0.044999998062849045,0.9549999833106995,0.010000001,0,1.0,-0.9424999356269836,0.875,0.2,1
0,1.0,0.0,1.0,0.0,0,0.0,-1.000499963760376,0.7000000476837158,1.0,0
0,0.98,1.0,0.0,0.020000001,0,1.0,0.9369999766349792,0.0,0.0,0
0,1.0,0.0,1.0,0.0,0,0.0,-1.000499963760376,0.925000011920929,0.3,1
0,0.99,0.044999998062849045,0.9549999833106995,0.010000001,0,1.0,-0.9429999589920044,0.6349999904632568,0.8,1
0,0.99,0.044999998062849045,0.9549999833106995,0.010000001,0,1.0,-0.9424999356269836,0.9050000309944153,0.2,1
0,0.99,0.044999998062849045,0.9549999833106995,0.010000001,0,1.0,-0.9424999356269836,0.9050000309944153,0.2,2
0,0.99,0.044999998062849045,0.9549999833106995,0.010000001,0,1.0,-0.9424999356269836,0.7549999952316284,0.5,3
0,1.0,1.0,0.0,0.0,0,0.0,0.9994999766349792,0.0,0.0,0
0,1.0,1.0,0.0,0.0,0,0.0,1.0,0.0,0.0,0
0,0.8818608,0.5316264033317566,0.4683735966682434,0.11813921,1,0.0,-5.326606750488281,0.41837358474731445,0.2,3
0,1.0,1.0,0.0,0.0,0,0.0,0.9940930604934692,0.0,0.0,0
0,1.0,1.0,0.0,0.0,0,0.0,1.0,0.0,0.0,0
0,0.98,1.0,0.0,0.020000001,0,1.0,0.9369999766349792,0.0,0.0,0
0,1.0,1.0,0.0,0.0,0,0.0,0.9994999766349792,0.0,0.0,0
0,0.99,0.044999998062849045,0.9549999833106995,0.010000001,0,1.0,-0.9429999589920044,0.9050000309944153,0.2,1
0,1.0,0.0,1.0,0.0,0,0.0,-1.000499963760376,0.940000057220459,0.2,3
0,1.0,0.0,1.0,0.0,0,0.0,-1.0,0.9099999666213989,0.3,2
0,1.0,0.0,1.0,0.0,0,0.0,-1.0,0.875,0.5,0
0,1.0,0.0,1.0,0.0,0,0.0,-1.0,0.800000011920929,0.8,2
0,0.8999856,0.45006468892097473,0.5499353408813477,0.10001438,1,0.0,-5.429917812347412,0.14993533492088318,1.0,0
0,0.98,1.0,0.0,0.020000001,0,1.0,0.9329992532730103,0.0,0.0,0
0,1.0,0.0,1.0,0.0,0,0.0,-1.000499963760376,0.875,0.5,3
0,0.99,0.044999998062849045,0.9549999833106995,0.010000001,0,1.0,-0.9429999589920044,0.7549999952316284,0.8,3
0,0.99,0.044999998062849045,0.9549999833106995,0.010000001,0,1.0,-0.9424999356269836,0.7300000190734863,0.5,1
0,1.0,0.0,1.0,0.0,0,0.0,-1.000499963760376,0.7000000476837158,1.0,3
0,0.99,0.044999998062849045,0.9549999833106995,0.010000001,0,1.0,-0.9429999589920044,0.8050000071525574,0.5,1
0,0.9946291,0.024169117212295532,0.9758309125900269,0.005370915,0,0.0,-0.9693487286567688,0.9008309245109558,0.3,1
0,0.99,0.044999998062849045,0.9549999833106995,0.010000001,0,1.0,-0.9427313804626465,0.5949999690055847,0.8,2
0,0.99,0.044999998062849045,0.9549999833106995,0.010000001,0,1.0,-0.9424999356269836,0.7300000190734863,0.5,3
0,0.98,1.0,0.0,0.020000001,0,1.0,0.9375,0.0,0.0,0
0,0.9997561,0.0010976806515827775,0.9989023208618164,0.00024392903,0,0.0,-0.9990851879119873,0.6989023685455322,1.0,2
0,1.0,1.0,0.0,0.0,0,0.0,0.999987781047821,0.0,0.0,0
0,0.99,0.044999998062849045,0.9549999833106995,0.010000001,0,1.0,-0.9429999589920044,0.7549999952316284,0.5,3
0,1.0,0.0,1.0,0.0,0,0.0,-1.000499963760376,0.925000011920929,0.3,3
0,0.99,0.044999998062849045,0.9549999833106995,0.010000001,0,1.0,-0.9429999589920044,0.7549999952316284,0.5,2
0,1.0,0.0,1.0,0.0,0,0.0,-1.000499963760376,0.9500000476837158,0.2,0
0,1.0,0.0,1.0,0.0,0,0.0,-1.0,0.7000000476837158,1.0,1
0,1.0,1.0,0.0,0.0,0,0.0,1.0,0.0,0.0,0
0,0.97701466,0.10343394428491592,0.8965660333633423,0.022985322,0,0.0,-0.8689835667610168,0.6965660452842712,0.8,0
0,0.96,1.0,0.0,0.040000003,0,1.0,0.8748507499694824,0.0,0.0,0
0,1.0,0.0,1.0,0.0,0,0.0,-1.0010000467300415,0.5999999642372131,1.0,1
0,0.9014997,0.4432513117790222,0.5567486882209778,0.0985003,1,0.0,-5.438548564910889,0.5067487359046936,0.2,2
0,1.0,0.0,1.0,0.0,0,0.0,-1.004925012588501,0.875,0.5,0
0,0.99,0.044999998062849045,0.9549999833106995,0.010000001,0,1.0,-0.9429999589920044,0.8299999833106995,0.5,2
0,1.0,0.0,1.0,0.0,0,0.0,-1.000499963760376,0.875,0.5,2
0,0.9492803,0.22823846340179443,0.7717615365982056,0.05071966,1,0.0,-5.710898399353027,0.471761554479599,1.0,0
0,0.98,1.0,0.0,0.020000001,0,1.0,0.9354640245437622,0.0,0.0,0
0,0.99,0.044999998062849045,0.9549999833106995,0.010000001,0,1.0,-0.9424999356269836,0.7549999952316284,0.8,0
0,1.0,0.0,1.0,0.0,0,0.0,-1.000499963760376,0.5999999642372131,1.0,0
0,1.0,0.0,1.0,0.0,0,0.0,-1.0,0.925000011920929,0.3,1
0,1.0,1.0,0.0,0.0,0,0.0,1.0,0.0,0.0,0
0,1.0,0.0,1.0,0.0,0,0.0,-1.0,0.925000011920929,0.3,2
0,0.98,1.0,0.0,0.020000001,0,1.0,0.9369999766349792,0.0,0.0,0
0,0.99,0.044999998062849045,0.9549999833106995,0.010000001,0,1.0,-0.9424999356269836,0.8649999499320984,0.3,0
0,0.99,0.044999998062849045,0.9549999833106995,0.010000001,0,1.0,-0.9424999356269836,0.8799999952316284,0.3,3
0,1.0,1.0,0.0,0.0,0,0.0,0.9994999766349792,0.0,0.0,0
0,1.0,0.0,1.0,0.0,0,0.0,-1.0,0.925000011920929,0.3,1
0,0.99,0.044999998062849045,0.9549999833106995,0.010000001,0,1.0,-0.9429999589920044,0.8050000071525574,0.5,2
0,1.0,0.0,1.0,0.0,0,0.0,-1.000499963760376,0.800000011920929,0.8,1
0,0.99,0.044999998062849045,0.9549999833106995,0.010000001,0,1.0,-0.9429999589920044,0.5549999475479126,1.0,2
0,1.0,0.0,1.0,0.0,0,0.0,-1.000499963760376,0.7749999761581421,0.5,2
0,0.99,0.044999998062849045,0.9549999833106995,0.010000001,0,1.0,-0.9429999589920044,0.8299999833106995,0.5,2
0,1.0,0.0,1.0,0.0,0,0.0,-1.000499963760376,0.6800000071525574,0.8,3
0,0.99,0.044999998062849045,0.9549999833106995,0.010000001,0,1.0,-0.9429999589920044,0.875,0.2,3
0,0.99,0.044999998062849045,0.9549999833106995,0.010000001,0,1.0,-0.9424999356269836,0.6549999713897705,1.0,0
0,1.0,0.0,1.0,0.0,0,0.0,-1.000499963760376,0.550000011920929,1.0,2
0,1.0,0.0,1.0,0.0,0,0.0,-1.0,0.800000011920929,0.8,1
0,0.96,1.0,0.0,0.040000003,0,1.0,0.8740000128746033,0.0,0.0,0
0,1.0,0.0,1.0,0.0,0,0.0,-1.0010000467300415,0.7000000476837158,1.0,1
0,1.0,1.0,0.0,0.0,0,0.0,1.0,0.0,0.0,0
0,1.0,0.0,1.0,0.0,0,0.0,-1.0,0.9200000166893005,0.2,0
0,1.0,1.0,0.0,0.0,0,0.0,1.0,0.0,0.0,0
0,0.8195576,0.8119906187057495,0.1880093663930893,0.18044238,1,0.0,-4.971478462219238,0.13800936937332153,0.2,0
0,0.8,0.8999999761581421,0.10000000149011612,0.2,1,0.0,-4.850977897644043,0.009999997913837433,0.3,3
0,1.0,0.0,1.0,0.0,0,0.0,-1.0099999904632568,0.940000057220459,0.2,3
0,0.99,0.044999998062849045,0.9549999833106995,0.010000001,0,1.0,-0.9429999589920044,0.8299999833106995,0.5,3
0,1.0,0.0,1.0,0.0,0,0.0,-1.000499963760376,0.925000011920929,0.3,3
0,1.0,0.0,1.0,0.0,0,0.0,-1.0,0.925000011920929,0.3,2
0,1.0,0.0,1.0,0.0,0,0.0,-1.0,0.5999999642372131,1.0,2
0,1.0,1.0,0.0,0.0,0,0.0,1.0,0.0,0.0,0
0,1.0,0.0,1.0,0.0,0,0.0,-1.0,0.75,1.0,1
0,0.99,0.044999998062849045,0.9549999833106995,0.010000001,0,1.0,-0.9429999589920044,0.8050000071525574,0.5,1
0,0.99,0.044999998062849045,0.9549999833106995,0.010000001,0,1.0,-0.9424999356269836,0.7549999952316284,0.5,1
0,0.99,0.044999998062849045,0.9549999833106995,0.010000001,0,1.0,-0.9424999356269836,0.8050000071525574,0.5,1
0,1.0,0.0,1.0,0.0,0,0.0,-1.000499963760376,0.8500000238418579,0.5,0
0,1.0,1.0,0.0,0.0,0,0.0,1.0,0.0,0.0,0
0,1.0,1.0,0.0,0.0,0,0.0,1.0,0.0,0.0,0
0,0.99,0.044999998062849045,0.9549999833106995,0.010000001,0,1.0,-0.9429999589920044,0.8650000095367432,0.2,3
0,1.0,1.0,0.0,0.0,0,0.0,0.9994999766349792,0.0,0.0,0
0,1.0,0.0,1.0,0.0,0,0.0,-1.0,0.5999999642372131,1.0,0
0,1.0,0.0,1.0,0.0,0,0.0,-1.0,0.7999999523162842,0.5,0
0,0.9967918,0.014437017031013966,0.9855630397796631,0.003208226,0,0.0,-0.9817131757736206,0.7455630302429199,0.8,1
0,1.0,1.0,0.0,0.0,0,0.0,0.9998396039009094,0.0,0.0,0
0,0.98,1.0,0.0,0.020000001,0,1.0,0.9369999766349792,0.0,0.0,0
0,1.0,1.0,0.0,0.0,0,0.0,0.9994999766349792,0.0,0.0,0
0,0.99,0.044999998062849045,0.9549999833106995,0.010000001,0,1.0,-0.9429999589920044,0.5049999356269836,1.0,3
0,0.99,0.044999998062849045,0.9549999833106995,0.010000001,0,1.0,-0.9424999356269836,0.875,0.2,0
0,1.0,0.0,1.0,0.0,0,0.0,-1.000499963760376,0.9099999666213989,0.3,3
0,1.0,0.0,1.0,0.0,0,0.0,-1.0,0.7999999523162842,0.5,0
0,1.0,1.0,0.0,0.0,0,0.0,1.0,0.0,0.0,0
0,1.0,0.0,1.0,0.0,0,0.0,-1.0,0.6399999856948853,0.8,3
0,0.9454267,0.24557971954345703,0.754420280456543,0.054573275,1,0.0,-5.688931941986084,0.5144202709197998,0.8,1
0,0.98713607,0.05788764730095863,0.9421123266220093,0.012863922,0,0.0,-0.9281178712844849,0.5421122908592224,1.0,1
0,1.0,0.0,1.0,0.0,0,0.0,-1.000643253326416,0.9500000476837158,0.2,3
0,0.9369541,0.2837066948413849,0.7162933349609375,0.06304594,1,0.0,-5.64063835144043,0.5912933349609375,0.5,2
0,0.99,0.044999998062849045,0.9549999833106995,0.010000001,0,1.0,-0.945152223110199,0.8950000405311584,0.2,2
0,1.0,1.0,0.0,0.0,0,0.0,0.9994999766349792,0.0,0.0,0
0,1.0,0.0,1.0,0.0,0,0.0,-1.0,0.940000057220459,0.2,1
0,1.0,1.0,0.0,0.0,0,0.0,1.0,0.0,0.0,0
0,0.99,0.044999998062849045,0.9549999833106995,0.010000001,0,1.0,-0.9429999589920044,0.6349999904632568,0.8,2
0,0.99,0.044999998062849045,0.9549999833106995,0.010000001,0,1.0,-0.9424999356269836,0.875,0.2,3
0,1.0,0.0,1.0,0.0,0,0.0,-1.000499963760376,0.800000011920929,0.8,3
0,0.99,0.044999998062849045,0.9549999833106995,0.010000001,0,1.0,-0.9429999589920044,0.8299999833106995,0.5,2
0,1.0,0.0,1.0,0.0,0,0.0,-1.000499963760376,0.6800000071525574,0.8,1
0,0.99,0.044999998062849045,0.9549999833106995,0.010000001,0,1.0,-0.9429999589920044,0.7549999952316284,0.8,1
0,0.99,0.044999998062849045,0.9549999833106995,0.010000001,0,1.0,-0.9424999356269836,0.875,0.2,3
0,0.99,0.044999998062849045,0.9549999833106995,0.010000001,0,1.0,-0.9424999356269836,0.6549999713897705,1.0,0
0,0.99,0.044999998062849045,0.9549999833106995,0.010000001,0,1.0,-0.9424999356269836,0.8299999833106995,0.5,2
0,1.0,0.0,1.0,0.0,0,0.0,-1.000499963760376,0.8500000238418579,0.5,0
0,1.0,0.0,1.0,0.0,0,0.0,-1.0,0.75,1.0,1
0,0.99,0.044999998062849045,0.9549999833106995,0.010000001,0,1.0,-0.9429999589920044,0.8299999833106995,0.5,0
0,1.0,0.0,1.0,0.0,0,0.0,-1.000499963760376,0.875,0.5,3
0,0.9951948,0.021623512730002403,0.9783765077590942,0.0048052254,0,0.0,-0.9726102948188782,0.9033765196800232,0.3,0
0,1.0,0.0,1.0,0.0,0,0.0,-1.0002402067184448,0.940000057220459,0.2,1
0,1.0,0.0,1.0,0.0,0,0.0,-1.0,0.6800000071525574,0.8,0
0,0.99,0.044999998062849045,0.9549999833106995,0.010000001,0,1.0,-0.9429999589920044,0.8950000405311584,0.2,3
0,1.0,0.0,1.0,0.0,0,0.0,-1.000499963760376,0.9500000476837158,0.2,0
0,1.0,1.0,0.0,0.0,0,0.0,1.0,0.0,0.0,0
0,0.96,1.0,0.0,0.040000003,0,1.0,0.8740000128746033,0.0,0.0,0
0,0.96,1.0,0.0,0.040000003,0,1.0,0.875,0.0,0.0,0
0,0.96,1.0,0.0,0.040000003,0,1.0,0.875,0.0,0.0,0
0,0.9858614,0.06362374126911163,0.9363762140274048,0.014138609,0,0.0,-0.9189959764480591,0.8613762259483337,0.3,1
0,1.0,1.0,0.0,0.0,0,0.0,0.9992930889129639,0.0,0.0,0
0,1.0,0.0,1.0,0.0,0,0.0,-1.0,0.5999999642372131,1.0,0
0,1.0,1.0,0.0,0.0,0,0.0,1.0,0.0,0.0,0
0,1.0,1.0,0.0,0.0,0,0.0,1.0,0.0,0.0,0
0,1.0,1.0,0.0,0.0,0,0.0,1.0,0.0,0.0,0
0,1.0,1.0,0.0,0.0,0,0.0,1.0,0.0,0.0,0
0,0.9852043,0.06658082455396652,0.9334191679954529,0.014795738,0,0.0,-0.9156643152236938,0.6834191083908081,1.0,0
0,1.0,0.0,1.0,0.0,0,0.0,-1.0007398128509521,0.940000057220459,0.2,0
0,1.0,0.0,1.0,0.0,0,0.0,-1.0,0.550000011920929,1.0,3
0,0.91706264,0.37321799993515015,0.6267820000648499,0.08293734,1,0.0,-5.527256965637207,0.226781964302063,1.0,1
0,0.8,0.8999999761581421,0.1000000536441803,0.2,1,0.0,-4.85585355758667,0.02000005915760994,0.2,0
0,0.99746776,0.011395163834095001,0.9886049032211304,0.0025322586,0,0.0,-0.9953129887580872,0.9136049151420593,0.3,3
0,0.99,0.044999998062849045,0.9549999833106995,0.010000001,0,1.0,-0.9428732991218567,0.7049999237060547,1.0,0
0,1.0,1.0,0.0,0.0,0,0.0,0.9994999766349792,0.0,0.0,0
0,1.0,0.0,1.0,0.0,0,0.0,-1.0,0.9100000262260437,0.2,0
0,1.0,0.0,1.0,0.0,0,0.0,-1.0,0.6800000071525574,0.8,1
0,1.0,0.0,1.0,0.0,0,0.0,-1.0,0.800000011920929,0.8,3
0,1.0,1.0,0.0,0.0,0,0.0,1.0,0.0,0.0,0
0,1.0,0.0,1.0,0.0,0,0.0,-1.0,0.9500000476837158,0.2,3
0,0.99,0.044999998062849045,0.9549999833106995,0.010000001,0,1.0,-0.9429999589920044,0.7549999952316284,0.5,0
0,1.0,0.0,1.0,0.0,0,0.0,-1.000499963760376,0.925000011920929,0.3,0
0,0.99,0.044999998062849045,0.9549999833106995,0.010000001,0,1.0,-0.9429999589920044,0.5549999475479126,1.0,1
0,1.0,0.0,1.0,0.0,0,0.0,-1.000499963760376,0.9099999666213989,0.3,3
0,1.0,1.0,0.0,0.0,0,0.0,1.0,0.0,0.0,0
0,1.0,0.0,1.0,0.0,0,0.0,-1.0,0.5999999642372131,1.0,1
0,1.0,0.0,1.0,0.0,0,0.0,-1.0,0.8500000238418579,0.5,0
0,1.0,0.0,1.0,0.0,0,0.0,-1.0,0.75,1.0,0
0,1.0,1.0,0.0,0.0,0,0.0,1.0,0.0,0.0,0
0,0.99,0.044999998062849045,0.9549999833106995,0.010000001,0,1.0,-0.9429999589920044,0.7149999737739563,0.8,2
0,0.98,1.0,0.0,0.020000001,0,1.0,0.9375,0.0,0.0,0
0,1.0,0.0,1.0,0.0,0,0.0,-1.000499963760376,0.875,0.5,1
0,1.0,0.0,1.0,0.0,0,0.0,-1.0,0.9500000476837158,0.2,0
0,1.0,1.0,0.0,0.0,0,0.0,1.0,0.0,0.0,0
0,1.0,1.0,0.0,0.0,0,0.0,1.0,0.0,0.0,0
0,1.0,1.0,0.0,0.0,0,0.0,1.0,0.0,0.0,0
0,0.8100806,0.8546373844146729,0.14536261558532715,0.18991943,1,0.0,-4.917459011077881,0.05536261200904846,0.3,1
0,0.96907616,0.13915736973285675,0.8608426451683044,0.030923862,0,0.0,-0.8301376104354858,0.4608426094055176,1.0,0
0,0.9667843,0.14947056770324707,0.8505294322967529,0.033215683,0,0.0,-0.8091244697570801,0.7005294561386108,0.5,3
0,0.96,1.0,0.0,0.040000003,0,1.0,0.87433922290802,0.0,0.0,0
0,1.0,0.0,1.0,0.0,0,0.0,-1.0010000467300415,0.925000011920929,0.3,1
0,1.0,0.0,1.0,0.0,0,0.0,-1.0,0.925000011920929,0.3,0
0,1.0,0.0,1.0,0.0,0,0.0,-1.0,0.7999999523162842,0.5,3
0,0.96,1.0,0.0,0.040000003,0,1.0,0.8740000128746033,0.0,0.0,0
0,0.9149594,0.38268280029296875,0.6173171997070312,0.08504062,1,0.0,-5.514268398284912,0.2573171854019165,0.8,3
0,1.0,1.0,0.0,0.0,0,0.0,0.995747983455658,0.0,0.0,0
0,1.0,1.0,0.0,0.0,0,0.0,1.0,0.0,0.0,0
0,1.0,0.0,1.0,0.0,0,0.0,-1.0,0.940000057220459,0.2,2
0,0.99,0.044999998062849045,0.9549999833106995,0.010000001,0,1.0,-0.9429999589920044,0.7549999952316284,0.8,1
0,1.0,0.0,1.0,0.0,0,0.0,-1.000499963760376,0.925000011920929,0.3,3
0,1.0,0.0,1.0,0.0,0,0.0,-1.0,0.925000011920929,0.3,0
0,1.0,0.0,1.0,0.0,0,0.0,-1.0,0.7000000476837158,1.0,3
0,0.99,0.044999998062849045,0.9549999833106995,0.010000001,0,1.0,-0.9429999589920044,0.5549999475479126,1.0,1
0,1.0,0.0,1.0,0.0,0,0.0,-1.000499963760376,0.9500000476837158,0.2,1
0,0.99,0.044999998062849045,0.9549999833106995,0.010000001,0,1.0,-0.9429999589920044,0.7049999237060547,1.0,1
0,0.99,0.044999998062849045,0.9549999833106995,0.010000001,0,1.0,-0.9424999356269836,0.8950000405311584,0.2,1
0,1.0,1.0,0.0,0.0,0,0.0,0.9994999766349792,0.0,0.0,0
0,0.99,0.044999998062849045,0.9549999833106995,0.010000001,0,1.0,-0.9429999589920044,0.875,0.2,0
0,0.99,0.044999998062849045,0.9549999833106995,0.010000001,0,1.0,-0.9424999356269836,0.5049999356269836,1.0,2
0,0.98,1.0,0.0,0.020000001,0,1.0,0.9375,0.0,0.0,0
0,1.0,1.0,0.0,0.0,0,0.0,0.9994999766349792,0.0,0.0,0
0,0.98,1.0,0.0,0.020000001,0,1.0,0.9369999766349792,0.0,0.0,0
0,0.96,1.0,0.0,0.040000003,0,1.0,0.8744999766349792,0.0,0.0,0
0,0.8336129,0.748741865158081,0.25125816464424133,0.16638707,1,0.0,-5.050593852996826,0.19125816226005554,0.2,1
0,0.99,0.044999998062849045,0.9549999833106995,0.010000001,0,1.0,-0.9503192901611328,0.9050000309944153,0.2,0
0,1.0,1.0,0.0,0.0,0,0.0,0.9994999766349792,0.0,0.0,0
0,1.0,0.0,1.0,0.0,0,0.0,-1.0,0.9500000476837158,0.2,2
0,0.99,0.044999998062849045,0.9549999833106995,0.010000001,0,1.0,-0.9429999589920044,0.8649999499320984,0.3,1
0,0.99,0.044999998062849045,0.9549999833106995,0.010000001,0,1.0,-0.9424999356269836,0.9050000309944153,0.2,0
0,1.0,0.0,1.0,0.0,0,0.0,-1.000499963760376,0.925000011920929,0.3,1
0,0.9416841,0.26242148876190186,0.7375785112380981,0.058315884,1,0.0,-5.667599201202393,0.5375784635543823,0.5,3
0,0.99,0.044999998062849045,0.9549999833106995,0.010000001,0,1.0,-0.9449157118797302,0.875,0.2,0
0,0.99,0.044999998062849045,0.9549999833106995,0.010000001,0,1.0,-0.9424999356269836,0.875,0.2,1
0,0.98,1.0,0.0,0.020000001,0,1.0,0.9375,0.0,0.0,0
0,0.99,0.044999998062849045,0.9549999833106995,0.010000001,0,1.0,-0.9424999356269836,0.5549999475479126,1.0,3
0,1.0,0.0,1.0,0.0,0,0.0,-1.000499963760376,0.9500000476837158,0.2,1
0,1.0,0.0,1.0,0.0,0,0.0,-1.0,0.9099999666213989,0.3,3
0,0.9849847,1.0,0.0,0.015015316,0,0.0,0.9527018070220947,0.0,0.0,0
0,0.98,1.0,0.0,0.020000001,0,1.0,0.9373753666877747,0.0,0.0,0
0,1.0,0.0,1.0,0.0,0,0.0,-1.000499963760376,0.925000011920929,0.3,0
0,1.0,0.0,1.0,0.0,0,0.0,-1.0,0.875,0.5,0
0,0.99,0.044999998062849045,0.9549999833106995,0.010000001,0,1.0,-0.9429999589920044,0.8950000405311584,0.2,3
0,0.99,0.044999998062849045,0.9549999833106995,0.010000001,0,1.0,-0.9424999356269836,0.7300000190734863,0.5,0
0,1.0,0.0,1.0,0.0,0,0.0,-1.000499963760376,0.875,0.5,3
1,1.0,0.0,1.0,0.0,0,0.0,-1.0,0.940000057220459,0.2,1
1,1.0,0.0,1.0,0.0,0,0.0,-1.0,0.7599999904632568,0.8,3
1,0.8,0.8999999761581421,0.1000000536441803,0.2,1,0.0,-4.8600006103515625,-0.09999994188547134,0.8,1
1,1.0,0.0,1.0,0.0,0,0.0,-1.0099999904632568,0.9099999666213989,0.3,3
1,1.0,0.0,1.0,0.0,0,0.0,-1.0,0.9099999666213989,0.3,3
1,0.99,0.044999998062849045,0.9549999833106995,0.010000001,0,1.0,-0.9429999589920044,0.8950000405311584,0.2,2
1,1.0,0.0,1.0,0.0,0,0.0,-1.000499963760376,0.75,1.0,3
1,1.0,0.0,1.0,0.0,0,0.0,-1.0,0.940000057220459,0.2,0
1,0.99,0.044999998062849045,0.9549999833106995,0.010000001,0,1.0,-0.9429999589920044,0.5949999690055847,0.8,3
1,1.0,0.0,1.0,0.0,0,0.0,-1.000499963760376,0.800000011920929,0.8,0
1,0.99,0.044999998062849045,0.9549999833106995,0.010000001,0,1.0,-0.9429999589920044,0.875,0.2,2
1,0.98,1.0,0.0,0.020000001,0,1.0,0.9375,0.0,0.0,0
1,0.99,0.044999998062849045,0.9549999833106995,0.010000001,0,1.0,-0.9424999356269836,0.8050000071525574,0.5,3
1,1.0,1.0,0.0,0.0,0,0.0,0.9994999766349792,0.0,0.0,0
1,0.99,0.044999998062849045,0.9549999833106995,0.010000001,0,1.0,-0.9429999589920044,0.7549999952316284,0.8,1
1,0.99,0.044999998062849045,0.9549999833106995,0.010000001,0,1.0,-0.9424999356269836,0.7549999952316284,0.5,3
1,1.0,0.0,1.0,0.0,0,0.0,-1.000499963760376,0.9099999666213989,0.3,1
1,0.99,0.044999998062849045,0.9549999833106995,0.010000001,0,1.0,-0.9429999589920044,0.8050000071525574,0.5,0
1,1.0,0.0,1.0,0.0,0,0.0,-1.000499963760376,0.9099999666213989,0.3,1
1,1.0,1.0,0.0,0.0,0,0.0,1.0,0.0,0.0,0
1,1.0,1.0,0.0,0.0,0,0.0,1.0,0.0,0.0,0
1,1.0,0.0,1.0,0.0,0,0.0,-1.0,0.7999999523162842,0.5,1
1,0.8,0.8999999761581421,0.1000000536441803,0.2,1,0.0,-4.8600006103515625,-0.25999993085861206,0.8,0
1,1.0,0.0,1.0,0.0,0,0.0,-1.0099999904632568,0.7599999904632568,0.8,0
1,1.0,0.0,1.0,0.0,0,0.0,-1.0,0.7599999904632568,0.8,0
1,0.99,0.044999998062849045,0.9549999833106995,0.010000001,0,1.0,-0.9429999589920044,0.7049999237060547,1.0,2
1,1.0,0.0,1.0,0.0,0,0.0,-1.000499963760376,0.800000011920929,0.8,3
1,0.99,0.044999998062849045,0.9549999833106995,0.010000001,0,1.0,-0.9429999589920044,0.7149999737739563,0.8,2
1,1.0,0.0,1.0,0.0,0,0.0,-1.000499963760376,0.7999999523162842,0.5,0
1,1.0,1.0,0.0,0.0,0,0.0,1.0,0.0,0.0,0
1,0.93369085,0.29839128255844116,0.7016087174415588,0.06630918,1,0.0,-5.622037410736084,0.5016087293624878,0.8,0
1,0.9931597,0.030781352892518044,0.9692186713218689,0.0068403007,0,0.0,-0.9636417031288147,0.8942186832427979,0.3,1
1,1.0,0.0,1.0,0.0,0,0.0,-1.0003420114517212,0.7749999761581421,0.5,0
1,1.0,0.0,1.0,0.0,0,0.0,-1.0,0.7749999761581421,0.5,2
1,1.0,0.0,1.0,0.0,0,0.0,-1.0,0.7999999523162842,0.5,3
1,1.0,1.0,0.0,0.0,0,0.0,1.0,0.0,0.0,0
1,0.99,0.044999998062849045,0.9549999833106995,0.010000001,0,1.0,-0.9429999589920044,0.7049999237060547,1.0,0
1,1.0,0.0,1.0,0.0,0,0.0,-1.000499963760376,0.75,1.0,2
1,0.98,1.0,0.0,0.020000001,0,1.0,0.9369999766349792,0.0,0.0,0
1,1.0,0.0,1.0,0.0,0,0.0,-1.000499963760376,0.940000057220459,0.2,1
1,1.0,0.0,1.0,0.0,0,0.0,-1.0,0.6399999856948853,0.8,0
1,1.0,0.0,1.0,0.0,0,0.0,-1.0,0.9500000476837158,0.2,2
1,0.98,1.0,0.0,0.020000001,0,1.0,0.9369999766349792,0.0,0.0,0
1,1.0,0.0,1.0,0.0,0,0.0,-1.000499963760376,0.9099999666213989,0.3,0
1,0.99,0.044999998062849045,0.9549999833106995,0.010000001,0,1.0,-0.9429999589920044,0.8299999833106995,0.5,0
1,1.0,1.0,0.0,0.0,0,0.0,0.9994999766349792,0.0,0.0,0
1,0.9965363,0.01558661088347435,0.9844133853912354,0.0034636916,0,0.0,-0.980256974697113,0.9094133973121643,0.3,0
1,0.99,0.044999998062849045,0.9549999833106995,0.010000001,0,1.0,-0.9428267478942871,0.5549999475479126,1.0,2
1,0.8,0.8999999761581421,0.10000002384185791,0.2,1,0.0,-4.859500408172607,-0.1499999761581421,1.0,1
1,1.0,1.0,0.0,0.0,0,0.0,0.9900000095367432,0.0,0.0,0
1,1.0,0.0,1.0,0.0,0,0.0,-1.0,0.9500000476837158,0.2,1
1,0.99,0.044999998062849045,0.9549999833106995,0.010000001,0,1.0,-0.9429999589920044,0.8050000071525574,0.5,2
1,1.0,0.0,1.0,0.0,0,0.0,-1.000499963760376,0.6800000071525574,0.8,3
1,1.0,0.0,1.0,0.0,0,0.0,-1.0,0.6800000071525574,0.8,1
1,1.0,0.0,1.0,0.0,0,0.0,-1.0,0.7599999904632568,0.8,1
1,1.0,0.0,1.0,0.0,0,0.0,-1.0,0.925000011920929,0.3,1
1,1.0,0.0,1.0,0.0,0,0.0,-1.0,0.875,0.5,0
1,1.0,0.0,1.0,0.0,0,0.0,-1.0,0.550000011920929,1.0,1
1,1.0,1.0,0.0,0.0,0,0.0,1.0,0.0,0.0,0
1,0.96,1.0,0.0,0.040000003,0,1.0,0.8740000128746033,0.0,0.0,0
1,0.81995547,0.8102004528045654,0.18979954719543457,0.18004455,1,0.0,-4.9727463722229,-0.035200461745262146,0.5,1
1,1.0,0.0,1.0,0.0,0,0.0,-1.0090022087097168,0.75,1.0,1
1,1.0,0.0,1.0,0.0,0,0.0,-1.0,0.800000011920929,0.8,0
1,1.0,0.0,1.0,0.0,0,0.0,-1.0,0.925000011920929,0.3,1
1,1.0,0.0,1.0,0.0,0,0.0,-1.0,0.5999999642372131,1.0,3
1,1.0,0.0,1.0,0.0,0,0.0,-1.0,0.875,0.5,0
1,0.99,0.044999998062849045,0.9549999833106995,0.010000001,0,1.0,-0.9429999589920044,0.8299999833106995,0.5,1
1,1.0,0.0,1.0,0.0,0,0.0,-1.000499963760376,0.875,0.5,1
1,0.99,0.044999998062849045,0.9549999833106995,0.010000001,0,1.0,-0.9429999589920044,0.7549999952316284,0.8,2
1,0.99,0.044999998062849045,0.9549999833106995,0.010000001,0,1.0,-0.9424999356269836,0.8649999499320984,0.3,3
1,0.98,1.0,0.0,0.020000001,0,1.0,0.9375,0.0,0.0,0
1,1.0,0.0,1.0,0.0,0,0.0,-1.000499963760376,0.75,1.0,1
1,1.0,0.0,1.0,0.0,0,0.0,-1.0,0.9500000476837158,0.2,1
1,0.99,0.044999998062849045,0.9549999833106995,0.010000001,0,1.0,-0.9429999589920044,0.8950000405311584,0.2,1
1,0.90820634,0.41307148337364197,0.5869284868240356,0.091793664,1,0.0,-5.47627592086792,0.5119284987449646,0.3,2
1,0.99,0.044999998062849045,0.9549999833106995,0.010000001,0,1.0,-0.9465895891189575,0.8799999952316284,0.3,1
1,0.99,0.044999998062849045,0.9549999833106995,0.010000001,0,1.0,-0.9424999356269836,0.8799999952316284,0.3,1
1,1.0,1.0,0.0,0.0,0,0.0,0.9994999766349792,0.0,0.0,0
1,1.0,0.0,1.0,0.0,0,0.0,-1.0,0.9200000166893005,0.2,1
1,0.99,0.044999998062849045,0.9549999833106995,0.010000001,0,1.0,-0.9429999589920044,0.7549999952316284,0.8,1
1,0.99,0.044999998062849045,0.9549999833106995,0.010000001,0,1.0,-0.9424999356269836,0.6549999713897705,1.0,3
1,1.0,0.0,1.0,0.0,0,0.0,-1.000499963760376,0.550000011920929,1.0,2
1,1.0,0.0,1.0,0.0,0,0.0,-1.0,0.800000011920929,0.8,1
1,1.0,0.0,1.0,0.0,0,0.0,-1.0,0.75,1.0,1
1,1.0,0.0,1.0,0.0,0,0.0,-1.0,0.800000011920929,0.8,1
1,0.99,0.044999998062849045,0.9549999833106995,0.010000001,0,1.0,-0.9429999589920044,0.7049999237060547,1.0,2
1,1.0,0.0,1.0,0.0,0,0.0,-1.000499963760376,0.9099999666213989,0.3,1
1,1.0,1.0,0.0,0.0,0,0.0,1.0,0.0,0.0,0
1,1.0,1.0,0.0,0.0,0,0.0,1.0,0.0,0.0,0
1,1.0,1.0,0.0,0.0,0,0.0,1.0,0.0,0.0,0
1,1.0,0.0,1.0,0.0,0,0.0,-1.0,0.9099999666213989,0.3,2
1,1.0,1.0,0.0,0.0,0,0.0,1.0,0.0,0.0,0
1,0.8,0.8999999761581421,0.1000000536441803,0.2,1,0.0,-4.8600006103515625,0.05000005662441254,0.2,0
1,1.0,0.0,1.0,0.0,0,0.0,-1.0099999904632568,0.7749999761581421,0.5,1
1,1.0,0.0,1.0,0.0,0,0.0,-1.0,0.5999999642372131,1.0,0
1,0.98,1.0,0.0,0.020000001,0,1.0,0.9369999766349792,0.0,0.0,0
1,1.0,0.0,1.0,0.0,0,0.0,-1.000499963760376,0.75,1.0,0
1,0.98,1.0,0.0,0.020000001,0,1.0,0.9369999766349792,0.0,0.0,0
1,0.98,1.0,0.0,0.020000001,0,1.0,0.9375,0.0,0.0,0
1,1.0,0.0,1.0,0.0,0,0.0,-1.000499963760376,0.9099999666213989,0.3,2
1,0.9930404,0.03131825104355812,0.9686817526817322,0.006959611,0,0.0,-0.9603302478790283,0.7686817646026611,0.5,3
1,1.0,0.0,1.0,0.0,0,0.0,-1.0003479719161987,0.7999999523162842,0.5,3
1,1.0,0.0,1.0,0.0,0,0.0,-1.0,0.9500000476837158,0.2,0
1,1.0,0.0,1.0,0.0,0,0.0,-1.0,0.9200000166893005,0.2,3
1,1.0,0.0,1.0,0.0,0,0.0,-1.0,0.800000011920929,0.8,0
1,1.0,0.0,1.0,0.0,0,0.0,-1.0,0.875,0.5,0
1,0.96,1.0,0.0,0.040000003,0,1.0,0.8740000128746033,0.0,0.0,0
1,0.8371483,0.7328324317932129,0.2671675682067871,0.16285166,1,0.0,-5.070745468139648,0.19216756522655487,0.3,0
1,0.99,0.044999998062849045,0.9549999833106995,0.010000001,0,1.0,-0.950142502784729,0.8649999499320984,0.3,3
1,1.0,0.0,1.0,0.0,0,0.0,-1.000499963760376,0.925000011920929,0.3,1
1,1.0,1.0,0.0,0.0,0,0.0,1.0,0.0,0.0,0
1,0.99,0.044999998062849045,0.9549999833106995,0.010000001,0,1.0,-0.9429999589920044,0.7549999952316284,0.8,0
1,1.0,0.0,1.0,0.0,0,0.0,-1.000499963760376,0.800000011920929,0.8,2
1,1.0,1.0,0.0,0.0,0,0.0,1.0,0.0,0.0,0
1,0.99,0.044999998062849045,0.9549999833106995,0.010000001,0,1.0,-0.9429999589920044,0.7549999952316284,0.5,2
1,1.0,0.0,1.0,0.0,0,0.0,-1.000499963760376,0.925000011920929,0.3,2
1,1.0,0.0,1.0,0.0,0,0.0,-1.0,0.6399999856948853,0.8,2
1,1.0,0.0,1.0,0.0,0,0.0,-1.0,0.75,1.0,1
1,0.957149,0.19282923638820648,0.8071708083152771,0.04285094,0,0.0,-0.7557497620582581,0.4871708154678345,0.8,2
1,1.0,0.0,1.0,0.0,0,0.0,-1.0021425485610962,0.925000011920929,0.3,1
1,1.0,0.0,1.0,0.0,0,0.0,-1.0,0.925000011920929,0.3,0
1,1.0,0.0,1.0,0.0,0,0.0,-1.0,0.7749999761581421,0.5,2
1,1.0,0.0,1.0,0.0,0,0.0,-1.0,0.875,0.5,1
1,0.96,1.0,0.0,0.040000003,0,1.0,0.8740000128746033,0.0,0.0,0
1,0.95763004,0.19066470861434937,0.8093352317810059,0.04236994,0,0.0,-0.7574912309646606,0.48933523893356323,0.8,0
1,0.85445535,0.6549509763717651,0.34504905343055725,0.14554465,1,0.0,-5.168277263641357,0.2950490415096283,0.2,1
1,0.99,0.044999998062849045,0.9549999833106995,0.010000001,0,1.0,-0.9492771625518799,0.8650000095367432,0.2,2
1,0.99,0.044999998062849045,0.9549999833106995,0.010000001,0,1.0,-0.9424999356269836,0.7049999237060547,1.0,1
1,1.0,1.0,0.0,0.0,0,0.0,0.9994999766349792,0.0,0.0,0
1,1.0,0.0,1.0,0.0,0,0.0,-1.0,0.7599999904632568,0.8,2
1,1.0,1.0,0.0,0.0,0,0.0,1.0,0.0,0.0,0
1,1.0,1.0,0.0,0.0,0,0.0,1.0,0.0,0.0,0
1,0.99,0.044999998062849045,0.9549999833106995,0.010000001,0,1.0,-0.9429999589920044,0.8649999499320984,0.3,3
1,1.0,0.0,1.0,0.0,0,0.0,-1.000499963760376,0.925000011920929,0.3,0
1,0.926465,0.33090755343437195,0.6690924763679504,0.07353502,1,0.0,-5.580850601196289,0.3090924620628357,0.8,2
1,1.0,0.0,1.0,0.0,0,0.0,-1.0036767721176147,0.6399999856948853,0.8,2
1,1.0,0.0,1.0,0.0,0,0.0,-1.0,0.75,1.0,2
1,1.0,0.0,1.0,0.0,0,0.0,-1.0,0.9099999666213989,0.3,2
1,0.99,0.044999998062849045,0.9549999833106995,0.010000001,0,1.0,-0.9429999589920044,0.8299999833106995,0.5,2
1,0.99,0.044999998062849045,0.9549999833106995,0.010000001,0,1.0,-0.9424999356269836,0.6549999713897705,1.0,2
1,0.99,0.044999998062849045,0.9549999833106995,0.010000001,0,1.0,-0.9424999356269836,0.8950000405311584,0.2,2
1,0.99,0.044999998062849045,0.9549999833106995,0.010000001,0,1.0,-0.9424999356269836,0.5549999475479126,1.0,1
1,1.0,1.0,0.0,0.0,0,0.0,0.9994999766349792,0.0,0.0,0
1,0.99,0.044999998062849045,0.9549999833106995,0.010000001,0,1.0,-0.9429999589920044,0.5049999356269836,1.0,1
1,1.0,0.0,1.0,0.0,0,0.0,-1.000499963760376,0.925000011920929,0.3,1
1,0.99,0.044999998062849045,0.9549999833106995,0.010000001,0,1.0,-0.9429999589920044,0.6349999904632568,0.8,3
1,0.98,1.0,0.0,0.020000001,0,1.0,0.9375,0.0,0.0,0
1,0.98,1.0,0.0,0.020000001,0,1.0,0.9375,0.0,0.0,0
1,1.0,1.0,0.0,0.0,0,0.0,0.9994999766349792,0.0,0.0,0
1,0.99,0.044999998062849045,0.9549999833106995,0.010000001,0,1.0,-0.9429999589920044,0.8799999952316284,0.3,2
1,0.99,0.044999998062849045,0.9549999833106995,0.010000001,0,1.0,-0.9424999356269836,0.8299999833106995,0.5,3
1,1.0,0.0,1.0,0.0,0,0.0,-1.000499963760376,0.875,0.5,3
1,0.9370414,0.28331372141838074,0.7166862487792969,0.062958606,1,0.0,-5.641136169433594,0.6266862750053406,0.2,0
1,0.98,1.0,0.0,0.020000001,0,1.0,0.9348520636558533,0.0,0.0,0
1,0.99,0.044999998062849045,0.9549999833106995,0.010000001,0,1.0,-0.9424999356269836,0.7300000190734863,0.5,3
1,1.0,0.0,1.0,0.0,0,0.0,-1.000499963760376,0.6800000071525574,0.8,0
1,0.98,1.0,0.0,0.020000001,0,1.0,0.9369999766349792,0.0,0.0,0
1,1.0,0.0,1.0,0.0,0,0.0,-1.000499963760376,0.7599999904632568,0.8,3
1,0.98,1.0,0.0,0.020000001,0,1.0,0.9369999766349792,0.0,0.0,0
1,0.98,1.0,0.0,0.020000001,0,1.0,0.9375,0.0,0.0,0
1,0.9654626,0.15541812777519226,0.8445818424224854,0.034537364,0,0.0,-0.802636981010437,0.7945818901062012,0.2,2
1,0.96,1.0,0.0,0.040000003,0,1.0,0.8742731213569641,0.0,0.0,0
1,0.93344915,0.29947882890701294,0.7005211710929871,0.06655085,1,0.0,-5.619660377502441,0.610521137714386,0.3,0
1,1.0,0.0,1.0,0.0,0,0.0,-1.003327488899231,0.9200000166893005,0.2,0
1,1.0,0.0,1.0,0.0,0,0.0,-1.0,0.8500000238418579,0.5,2
1,0.98,1.0,0.0,0.020000001,0,1.0,0.9369999766349792,0.0,0.0,0
1,1.0,0.0,1.0,0.0,0,0.0,-1.000499963760376,0.925000011920929,0.3,0
1,1.0,0.0,1.0,0.0,0,0.0,-1.0,0.925000011920929,0.3,3
1,1.0,0.0,1.0,0.0,0,0.0,-1.0,0.9200000166893005,0.2,3
1,1.0,0.0,1.0,0.0,0,0.0,-1.0,0.875,0.5,1
1,0.98,1.0,0.0,0.020000001,0,1.0,0.9369999766349792,0.0,0.0,0
1,0.99,0.044999998062849045,0.9549999833106995,0.010000001,0,1.0,-0.9424999356269836,0.8299999833106995,0.5,3
1,1.0,0.0,1.0,0.0,0,0.0,-1.000499963760376,0.800000011920929,0.8,3
1,1.0,0.0,1.0,0.0,0,0.0,-1.0,0.875,0.5,1
1,0.99,0.044999998062849045,0.9549999833106995,0.010000001,0,1.0,-0.9429999589920044,0.875,0.2,2
1,0.99,0.044999998062849045,0.9549999833106995,0.010000001,0,1.0,-0.9424999356269836,0.9050000309944153,0.2,3
1,0.98,1.0,0.0,0.020000001,0,1.0,0.9375,0.0,0.0,0
1,1.0,1.0,0.0,0.0,0,0.0,0.9994999766349792,0.0,0.0,0
1,1.0,0.0,1.0,0.0,0,0.0,-1.0,0.925000011920929,0.3,0
1,0.8,0.8999999761581421,0.10000000149011612,0.2,1,0.0,-4.860000133514404,0.02499999850988388,0.3,3
1,0.99,0.044999998062849045,0.9549999833106995,0.010000001,0,1.0,-0.9519999623298645,0.7300000190734863,0.5,0
1,0.99,0.044999998062849045,0.9549999833106995,0.010000001,0,1.0,-0.9424999356269836,0.8799999952316284,0.3,3
1,0.99,0.044999998062849045,0.9549999833106995,0.010000001,0,1.0,-0.9424999356269836,0.8649999499320984,0.3,3
1,1.0,0.0,1.0,0.0,0,0.0,-1.000499963760376,0.875,0.5,3
1,1.0,1.0,0.0,0.0,0,0.0,1.0,0.0,0.0,0
1,1.0,0.0,1.0,0.0,0,0.0,-1.0,0.9200000166893005,0.2,0
1,0.99,0.044999998062849045,0.9549999833106995,0.010000001,0,1.0,-0.9429999589920044,0.8799999952316284,0.3,0
1,1.0,0.0,1.0,0.0,0,0.0,-1.000499963760376,0.9500000476837158,0.2,0
1,1.0,1.0,0.0,0.0,0,0.0,1.0,0.0,0.0,0
1,1.0,0.0,1.0,0.0,0,0.0,-1.0,0.7749999761581421,0.5,3
1,1.0,0.0,1.0,0.0,0,0.0,-1.0,0.9200000166893005,0.2,3
1,1.0,1.0,0.0,0.0,0,0.0,1.0,0.0,0.0,0
1,1.0,1.0,0.0,0.0,0,0.0,1.0,0.0,0.0,0
1,1.0,1.0,0.0,0.0,0,0.0,1.0,0.0,0.0,0
1,0.8645633,0.6094652414321899,0.39053475856781006,0.13543673,1,0.0,-5.228011131286621,0.3405347466468811,0.2,3
1,0.98,1.0,0.0,0.020000001,0,1.0,0.9312281608581543,0.0,0.0,0
1,1.0,0.0,1.0,0.0,0,0.0,-1.000499963760376,0.7999999523162842,0.5,2
1,1.0,1.0,0.0,0.0,0,0.0,1.0,0.0,0.0,0
1,0.98,1.0,0.0,0.020000001,0,1.0,0.9369999766349792,0.0,0.0,0
1,0.99,0.044999998062849045,0.9549999833106995,0.010000001,0,1.0,-0.9424999356269836,0.8799999952316284,0.3,1
1,0.99,0.044999998062849045,0.9549999833106995,0.010000001,0,1.0,-0.9424999356269836,0.7049999237060547,1.0,3
1,1.0,0.0,1.0,0.0,0,0.0,-1.000499963760376,0.800000011920929,0.8,1
1,1.0,0.0,1.0,0.0,0,0.0,-1.0,0.9200000166893005,0.2,0
1,1.0,0.0,1.0,0.0,0,0.0,-1.0,0.75,1.0,1
1,0.99,0.044999998062849045,0.9549999833106995,0.010000001,0,1.0,-0.9429999589920044,0.9050000309944153,0.2,2
1,1.0,0.0,1.0,0.0,0,0.0,-1.000499963760376,0.9500000476837158,0.2,3
1,1.0,0.0,1.0,0.0,0,0.0,-1.0,0.9099999666213989,0.3,0
1,1.0,0.0,1.0,0.0,0,0.0,-1.0,0.9200000166893005,0.2,0
1,0.84925896,0.6783345937728882,0.3216654062271118,0.15074103,1,0.0,-5.140776634216309,0.24166539311408997,0.2,0
1,1.0,0.0,1.0,0.0,0,0.0,-1.0075370073318481,0.7599999904632568,0.8,1
1,1.0,0.0,1.0,0.0,0,0.0,-1.0,0.875,0.5,2
1,1.0,0.0,1.0,0.0,0,0.0,-1.0,0.940000057220459,0.2,0
1,0.99,0.044999998062849045,0.9549999833106995,0.010000001,0,1.0,-0.9429999589920044,0.9050000309944153,0.2,0
1,1.0,0.0,1.0,0.0,0,0.0,-1.000499963760376,0.800000011920929,0.8,1
1,0.99,0.044999998062849045,0.9549999833106995,0.010000001,0,1.0,-0.9429999589920044,0.8649999499320984,0.3,3
1,1.0,0.0,1.0,0.0,0,0.0,-1.000499963760376,0.9099999666213989,0.3,0
1,0.98,1.0,0.0,0.020000001,0,1.0,0.9369999766349792,0.0,0.0,0
1,1.0,0.0,1.0,0.0,0,0.0,-1.000499963760376,0.9500000476837158,0.2,0
1,1.0,0.0,1.0,0.0,0,0.0,-1.0,0.9100000262260437,0.2,1
1,1.0,0.0,1.0,0.0,0,0.0,-1.0,0.800000011920929,0.8,2
1,0.8632109,0.6155507564544678,0.3844492435455322,0.13678907,1,0.0,-5.220302581787109,0.3094492554664612,0.3,2
1,1.0,0.0,1.0,0.0,0,0.0,-1.006839394569397,0.800000011920929,0.8,1
1,1.0,1.0,0.0,0.0,0,0.0,1.0,0.0,0.0,0
1,0.99,0.044999998062849045,0.9549999833106995,0.010000001,0,1.0,-0.9429999589920044,0.8799999952316284,0.3,0
1,0.99,0.044999998062849045,0.9549999833106995,0.010000001,0,1.0,-0.9424999356269836,0.8050000071525574,0.5,2
1,1.0,0.0,1.0,0.0,0,0.0,-1.000499963760376,0.7000000476837158,1.0,3
1,1.0,0.0,1.0,0.0,0,0.0,-1.0,0.925000011920929,0.3,1
1,1.0,0.0,1.0,0.0,0,0.0,-1.0,0.800000011920929,0.8,2
1,0.99,0.044999998062849045,0.9549999833106995,0.010000001,0,1.0,-0.9429999589920044,0.9050000309944153,0.2,0
1,0.99,0.044999998062849045,0.9549999833106995,0.010000001,0,1.0,-0.9424999356269836,0.8950000405311584,0.2,0
1,1.0,0.0,1.0,0.0,0,0.0,-1.000499963760376,0.940000057220459,0.2,0
1,1.0,0.0,1.0,0.0,0,0.0,-1.0,0.5999999642372131,1.0,1
1,1.0,1.0,0.0,0.0,0,0.0,1.0,0.0,0.0,0
1,0.98,1.0,0.0,0.020000001,0,1.0,0.9369999766349792,0.0,0.0,0
1,1.0,0.0,1.0,0.0,0,0.0,-1.000499963760376,0.6399999856948853,0.8,0
1,0.96,1.0,0.0,0.040000003,0,1.0,0.8740000128746033,0.0,0.0,0
1,1.0,0.0,1.0,0.0,0,0.0,-1.0010000467300415,0.925000011920929,0.3,2
1,1.0,1.0,0.0,0.0,0,0.0,1.0,0.0,0.0,0
1,0.8964127,0.46614301204681396,0.533856987953186,0.103587344,1,0.0,-5.409552574157715,0.13385698199272156,1.0,3
1,1.0,0.0,1.0,0.0,0,0.0,-1.0051794052124023,0.800000011920929,0.8,2
1,0.99,0.044999998062849045,0.9549999833106995,0.010000001,0,1.0,-0.9429999589920044,0.8799999952316284,0.3,0
1,0.99,0.044999998062849045,0.9549999833106995,0.010000001,0,1.0,-0.9424999356269836,0.5549999475479126,1.0,3
1,1.0,1.0,0.0,0.0,0,0.0,0.9994999766349792,0.0,0.0,0
1,1.0,0.0,1.0,0.0,0,0.0,-1.0,0.7599999904632568,0.8,3
1,1.0,1.0,0.0,0.0,0,0.0,1.0,0.0,0.0,0
1,1.0,0.0,1.0,0.0,0,0.0,-1.0,0.75,1.0,0
1,1.0,0.0,1.0,0.0,0,0.0,-1.0,0.940000057220459,0.2,3
1,1.0,0.0,1.0,0.0,0,0.0,-1.0,0.925000011920929,0.3,2
1,1.0,0.0,1.0,0.0,0,0.0,-1.0,0.875,0.5,0
1,0.9376851,0.28041723370552063,0.719582736492157,0.062314946,1,0.0,-5.644804954528809,0.6695827841758728,0.2,0
1,0.99,0.044999998062849045,0.9549999833106995,0.010000001,0,1.0,-0.9451156854629517,0.8650000095367432,0.2,2
1,0.99,0.044999998062849045,0.9549999833106995,0.010000001,0,1.0,-0.9424999356269836,0.8799999952316284,0.3,1
1,1.0,0.0,1.0,0.0,0,0.0,-1.000499963760376,0.75,1.0,3
1,1.0,0.0,1.0,0.0,0,0.0,-1.0,0.9200000166893005,0.2,2
1,1.0,1.0,0.0,0.0,0,0.0,1.0,0.0,0.0,0
1,0.99,0.044999998062849045,0.9549999833106995,0.010000001,0,1.0,-0.9429999589920044,0.8299999833106995,0.5,1
1,0.99,0.044999998062849045,0.9549999833106995,0.010000001,0,1.0,-0.9424999356269836,0.8799999952316284,0.3,3
1,1.0,0.0,1.0,0.0,0,0.0,-1.000499963760376,0.925000011920929,0.3,2
1,1.0,0.0,1.0,0.0,0,0.0,-1.0,0.9099999666213989,0.3,1
1,1.0,0.0,1.0,0.0,0,0.0,-1.0,0.7599999904632568,0.8,2
1,1.0,0.0,1.0,0.0,0,0.0,-1.0,0.925000011920929,0.3,3
1,0.99,0.044999998062849045,0.9549999833106995,0.010000001,0,1.0,-0.9429999589920044,0.7549999952316284,0.5,3
1,1.0,0.0,1.0,0.0,0,0.0,-1.000499963760376,0.7599999904632568,0.8,1
1,1.0,0.0,1.0,0.0,0,0.0,-1.0,0.940000057220459,0.2,2
1,0.98863167,0.05115750432014465,0.9488425254821777,0.011368334,0,0.0,-0.9352005124092102,0.8738425374031067,0.3,1
1,0.8682836,0.5927237272262573,0.4072762727737427,0.13171639,1,0.0,-5.248647689819336,0.3572762608528137,0.2,0
1,1.0,1.0,0.0,0.0,0,0.0,0.9934141635894775,0.0,0.0,0
1,1.0,0.0,1.0,0.0,0,0.0,-1.0,0.875,0.5,2
1,1.0,0.0,1.0,0.0,0,0.0,-1.0,0.6399999856948853,0.8,3
1,1.0,0.0,1.0,0.0,0,0.0,-1.0,0.925000011920929,0.3,0
1,1.0,0.0,1.0,0.0,0,0.0,-1.0,0.7749999761581421,0.5,1
1,1.0,1.0,0.0,0.0,0,0.0,1.0,0.0,0.0,0
1,1.0,0.0,1.0,0.0,0,0.0,-1.0,0.5999999642372131,1.0,0
1,1.0,0.0,1.0,0.0,0,0.0,-1.0,0.550000011920929,1.0,2
1,1.0,1.0,0.0,0.0,0,0.0,1.0,0.0,0.0,0
1,0.96,1.0,0.0,0.040000003,0,1.0,0.8740000128746033,0.0,0.0,0
1,1.0,0.0,1.0,0.0,0,0.0,-1.0010000467300415,0.6800000071525574,0.8,1
1,1.0,0.0,1.0,0.0,0,0.0,-1.0,0.9500000476837158,0.2,1
1,0.96,1.0,0.0,0.040000003,0,1.0,0.8740000128746033,0.0,0.0,0
1,1.0,1.0,0.0,0.0,0,0.0,0.9990000128746033,0.0,0.0,0
1,1.0,0.0,1.0,0.0,0,0.0,-1.0,0.940000057220459,0.2,1
1,0.9862562,0.061847150325775146,0.9381528496742249,0.013743812,0,0.0,-0.921660304069519,0.8631528615951538,0.3,1
1,1.0,0.0,1.0,0.0,0,0.0,-1.0006872415542603,0.800000011920929,0.8,3
1,1.0,0.0,1.0,0.0,0,0.0,-1.0,0.9200000166893005,0.2,3
1,1.0,0.0,1.0,0.0,0,0.0,-1.0,0.800000011920929,0.8,3
1,1.0,0.0,1.0,0.0,0,0.0,-1.0,0.875,0.5,1
1,1.0,0.0,1.0,0.0,0,0.0,-1.0,0.75,1.0,2
1,1.0,0.0,1.0,0.0,0,0.0,-1.0,0.6399999856948853,0.8,1
1,0.96,1.0,0.0,0.040000003,0,1.0,0.8740000128746033,0.0,0.0,0
1,0.95869374,0.1858782321214676,0.8141217827796936,0.041306276,0,0.0,-0.7635542750358582,0.7391217947006226,0.3,3
1,0.96416074,0.1612766981124878,0.8387233018875122,0.035839267,0,0.0,-0.7941975593566895,0.788723349571228,0.2,1
1,0.96,1.0,0.0,0.040000003,0,1.0,0.8742080330848694,0.0,0.0,0
1,1.0,1.0,0.0,0.0,0,0.0,0.9990000128746033,0.0,0.0,0
1,0.8840986,0.5215563774108887,0.47844362258911133,0.115901425,1,0.0,-5.339362144470215,0.4034436345100403,0.3,1
1,0.96,1.0,0.0,0.040000003,0,1.0,0.8702049255371094,0.0,0.0,0
1,0.96,1.0,0.0,0.040000003,0,1.0,0.875,0.0,0.0,0
1,1.0,1.0,0.0,0.0,0,0.0,0.9990000128746033,0.0,0.0,0
1,1.0,0.0,1.0,0.0,0,0.0,-1.0,0.6800000071525574,0.8,1
1,0.98643476,0.06104356050491333,0.9389564394950867,0.013565237,0,0.0,-0.9226781725883484,0.5389564037322998,1.0,2
1,0.8711202,0.5799591541290283,0.4200408458709717,0.12887982,1,0.0,-5.264706611633301,0.3700408339500427,0.2,1
1,1.0,0.0,1.0,0.0,0,0.0,-1.006443977355957,0.5999999642372131,1.0,0
1,1.0,0.0,1.0,0.0,0,0.0,-1.0,0.875,0.5,0
1,0.99,0.044999998062849045,0.9549999833106995,0.010000001,0,1.0,-0.9429999589920044,0.8950000405311584,0.2,3
1,1.0,0.0,1.0,0.0,0,0.0,-1.000499963760376,0.5999999642372131,1.0,1
1,1.0,0.0,1.0,0.0,0,0.0,-1.0,0.75,1.0,0
1,0.99,0.044999998062849045,0.9549999833106995,0.010000001,0,1.0,-0.9429999589920044,0.8649999499320984,0.3,1
1,0.99,0.044999998062849045,0.9549999833106995,0.010000001,0,1.0,-0.9424999356269836,0.9050000309944153,0.2,0
1,1.0,0.0,1.0,0.0,0,0.0,-1.000499963760376,0.940000057220459,0.2,3
1,1.0,1.0,0.0,0.0,0,0.0,1.0,0.0,0.0,0
1,0.99,0.044999998062849045,0.9549999833106995,0.010000001,0,1.0,-0.9429999589920044,0.9050000309944153,0.2,3
1,0.98,1.0,0.0,0.020000001,0,1.0,0.9375,0.0,0.0,0
1,0.99,0.044999998062849045,0.9549999833106995,0.010000001,0,1.0,-0.9424999356269836,0.8649999499320984,0.3,3
1,1.0,0.0,1.0,0.0,0,0.0,-1.000499963760376,0.7999999523162842,0.5,3
1,1.0,0.0,1.0,0.0,0,0.0,-1.0,0.550000011920929,1.0,3
1,1.0,1.0,0.0,0.0,0,0.0,1.0,0.0,0.0,0
1,0.99,0.044999998062849045,0.9549999833106995,0.010000001,0,1.0,-0.9429999589920044,0.9050000309944153,0.2,1
1,1.0,1.0,0.0,0.0,0,0.0,0.9994999766349792,0.0,0.0,0
1,0.98,1.0,0.0,0.020000001,0,1.0,0.9369999766349792,0.0,0.0,0
1,1.0,1.0,0.0,0.0,0,0.0,0.9994999766349792,0.0,0.0,0
1,1.0,1.0,0.0,0.0,0,0.0,1.0,0.0,0.0,0
1,0.99836636,1.0,0.0,0.0016336143,0,0.0,0.9948540925979614,0.0,0.0,0
1,0.92737055,0.32683244347572327,0.6731675863265991,0.07262944,1,0.0,-5.585971355438232,0.4481675922870636,0.5,2
1,1.0,0.0,1.0,0.0,0,0.0,-1.0036314725875854,0.800000011920929,0.8,3
1,1.0,0.0,1.0,0.0,0,0.0,-1.0,0.7999999523162842,0.5,3
1,1.0,0.0,1.0,0.0,0,0.0,-1.0,0.5999999642372131,1.0,3
1,1.0,1.0,0.0,0.0,0,0.0,1.0,0.0,0.0,0
1,1.0,0.0,1.0,0.0,0,0.0,-1.0,0.9200000166893005,0.2,2
1,0.8,0.8999999761581421,0.1000000536441803,0.2,1,0.0,-4.8600006103515625,0.05000005662441254,0.2,1
1,1.0,0.0,1.0,0.0,0,0.0,-1.0099999904632568,0.7000000476837158,1.0,3
1,1.0,1.0,0.0,0.0,0,0.0,1.0,0.0,0.0,0
1,1.0,1.0,0.0,0.0,0,0.0,1.0,0.0,0.0,0
1,1.0,0.0,1.0,0.0,0,0.0,-1.0,0.550000011920929,1.0,1
1,1.0,0.0,1.0,0.0,0,0.0,-1.0,0.800000011920929,0.8,0
1,0.99,0.044999998062849045,0.9549999833106995,0.010000001,0,1.0,-0.9429999589920044,0.8799999952316284,0.3,1
1,1.0,1.0,0.0,0.0,0,0.0,0.9994999766349792,0.0,0.0,0
1,0.99,0.044999998062849045,0.9549999833106995,0.010000001,0,1.0,-0.9429999589920044,0.875,0.2,2
1,1.0,1.0,0.0,0.0,0,0.0,0.9994999766349792,0.0,0.0,0
1,0.99,0.044999998062849045,0.9549999833106995,0.010000001,0,1.0,-0.9429999589920044,0.5049999356269836,1.0,2
1,0.99,0.044999998062849045,0.9549999833106995,0.010000001,0,1.0,-0.9424999356269836,0.6549999713897705,1.0,0
1,0.98,1.0,0.0,0.020000001,0,1.0,0.9375,0.0,0.0,0
1,1.0,0.0,1.0,0.0,0,0.0,-1.000499963760376,0.75,1.0,3
1,0.99,0.044999998062849045,0.9549999833106995,0.010000001,0,1.0,-0.9429999589920044,0.8299999833106995,0.5,3
1,0.99,0.044999998062849045,0.9549999833106995,0.010000001,0,1.0,-0.9424999356269836,0.8050000071525574,0.5,0
1,1.0,0.0,1.0,0.0,0,0.0,-1.000499963760376,0.925000011920929,0.3,3
1,0.98,1.0,0.0,0.020000001,0,1.0,0.9369999766349792,0.0,0.0,0
1,1.0,0.0,1.0,0.0,0,0.0,-1.000499963760376,0.550000011920929,1.0,2
1,1.0,0.0,1.0,0.0,0,0.0,-1.0,0.7999999523162842,0.5,1
1,0.96,1.0,0.0,0.040000003,0,1.0,0.8740000128746033,0.0,0.0,0
1,0.80107915,0.8951438069343567,0.10485618561506271,0.19892085,1,0.0,-4.865151405334473,0.029856182634830475,0.3,2
1,1.0,0.0,1.0,0.0,0,0.0,-1.0099459886550903,0.925000011920929,0.3,2
1,1.0,0.0,1.0,0.0,0,0.0,-1.0,0.9500000476837158,0.2,3
1,1.0,1.0,0.0,0.0,0,0.0,1.0,0.0,0.0,0
1,1.0,0.0,1.0,0.0,0,0.0,-1.0,0.9099999666213989,0.3,2
1,1.0,0.0,1.0,0.0,0,0.0,-1.0,0.9200000166893005,0.2,3
1,1.0,0.0,1.0,0.0,0,0.0,-1.0,0.9500000476837158,0.2,3
1,0.96,1.0,0.0,0.040000003,0,1.0,0.8740000128746033,0.0,0.0,0
1,0.96,1.0,0.0,0.040000003,0,1.0,0.875,0.0,0.0,0
1,0.8,0.8999999761581421,0.1000000536441803,0.2,1,0.0,-4.859000205993652,-0.09999994188547134,0.8,2
1,0.98,1.0,0.0,0.020000001,0,1.0,0.9279999732971191,0.0,0.0,0
1,0.98,1.0,0.0,0.020000001,0,1.0,0.9375,0.0,0.0,0
1,1.0,1.0,0.0,0.0,0,0.0,0.9994999766349792,0.0,0.0,0
1,0.99,0.044999998062849045,0.9549999833106995,0.010000001,0,1.0,-0.9429999589920044,0.9050000309944153,0.2,0
1,1.0,1.0,0.0,0.0,0,0.0,0.9994999766349792,0.0,0.0,0
1,0.99,0.044999998062849045,0.9549999833106995,0.010000001,0,1.0,-0.9429999589920044,0.8649999499320984,0.3,1
1,0.98,1.0,0.0,0.020000001,0,1.0,0.9375,0.0,0.0,0
1,0.99,0.044999998062849045,0.9549999833106995,0.010000001,0,1.0,-0.9424999356269836,0.7049999237060547,1.0,2
1,1.0,0.0,1.0,0.0,0,0.0,-1.000499963760376,0.940000057220459,0.2,1
1,0.98,1.0,0.0,0.020000001,0,1.0,0.9369999766349792,0.0,0.0,0
1,0.98,1.0,0.0,0.020000001,0,1.0,0.9375,0.0,0.0,0
1,1.0,0.0,1.0,0.0,0,0.0,-1.000499963760376,0.7749999761581421,0.5,2
1,0.99,0.044999998062849045,0.9549999833106995,0.010000001,0,1.0,-0.9429999589920044,0.8799999952316284,0.3,3
1,1.0,1.0,0.0,0.0,0,0.0,0.9994999766349792,0.0,0.0,0
1,0.99,0.044999998062849045,0.9549999833106995,0.010000001,0,1.0,-0.9429999589920044,0.7049999237060547,1.0,3
1,1.0,0.0,1.0,0.0,0,0.0,-1.000499963760376,0.7999999523162842,0.5,2
1,0.8,0.8999999761581421,0.1000000536441803,0.2,1,0.0,-4.8600006103515625,0.02000005915760994,0.2,2
1,0.99,0.044999998062849045,0.9549999833106995,0.010000001,0,1.0,-0.9519999623298645,0.8950000405311584,0.2,3
1,1.0,0.0,1.0,0.0,0,0.0,-1.000499963760376,0.925000011920929,0.3,2
1,1.0,0.0,1.0,0.0,0,0.0,-1.0,0.940000057220459,0.2,3
1,0.99,0.044999998062849045,0.9549999833106995,0.010000001,0,1.0,-0.9429999589920044,0.7049999237060547,1.0,3
1,0.99562484,0.019688190892338753,0.9803118109703064,0.0043751537,0,0.0,-0.9751241207122803,0.5803117752075195,1.0,3
1,1.0,0.0,1.0,0.0,0,0.0,-1.0002187490463257,0.800000011920929,0.8,2
1,0.99,0.044999998062849045,0.9549999833106995,0.010000001,0,1.0,-0.9429999589920044,0.9050000309944153,0.2,1
1,0.99,0.044999998062849045,0.9549999833106995,0.010000001,0,1.0,-0.9424999356269836,0.8799999952316284,0.3,0
1,0.96,1.0,0.0,0.040000003,0,1.0,0.8744999766349792,0.0,0.0,0
1,1.0,1.0,0.0,0.0,0,0.0,0.9990000128746033,0.0,0.0,0
1,1.0,1.0,0.0,0.0,0,0.0,1.0,0.0,0.0,0
1,0.96,1.0,0.0,0.040000003,0,1.0,0.8740000128746033,0.0,0.0,0
1,1.0,0.0,1.0,0.0,0,0.0,-1.0010000467300415,0.9200000166893005,0.2,1
1,1.0,0.0,1.0,0.0,0,0.0,-1.0,0.7000000476837158,1.0,3
1,0.8,0.8999999761581421,0.1000000536441803,0.2,1,0.0,-4.8600006103515625,0.05000005662441254,0.2,3
1,1.0,0.0,1.0,0.0,0,0.0,-1.0099999904632568,0.925000011920929,0.3,0
1,0.99,0.044999998062849045,0.9549999833106995,0.010000001,0,1.0,-0.9429999589920044,0.8299999833106995,0.5,3
1,1.0,0.0,1.0,0.0,0,0.0,-1.000499963760376,0.9099999666213989,0.3,3
1,1.0,0.0,1.0,0.0,0,0.0,-1.0,0.800000011920929,0.8,1
1,1.0,1.0,0.0,0.0,0,0.0,1.0,0.0,0.0,0
1,0.99,0.044999998062849045,0.9549999833106995,0.010000001,0,1.0,-0.9429999589920044,0.5949999690055847,0.8,0
1,0.98,1.0,0.0,0.020000001,0,1.0,0.9375,0.0,0.0,0
1,1.0,0.0,1.0,0.0,0,0.0,-1.000499963760376,0.6800000071525574,0.8,3
1,1.0,0.0,1.0,0.0,0,0.0,-1.0,0.7599999904632568,0.8,2
1,1.0,0.0,1.0,0.0,0,0.0,-1.0,0.75,1.0,0
1,0.8654623,0.6054195165634155,0.3945804834365845,0.13453768,1,0.0,-5.233134746551514,0.3345804810523987,0.2,1
1,0.99,0.044999998062849045,0.9549999833106995,0.010000001,0,1.0,-0.9487268328666687,0.6349999904632568,0.8,1
1,1.0,0.0,1.0,0.0,0,0.0,-1.000499963760376,0.75,1.0,0
1,1.0,0.0,1.0,0.0,0,0.0,-1.0,0.875,0.5,1
1,1.0,0.0,1.0,0.0,0,0.0,-1.0,0.925000011920929,0.3,1
1,1.0,0.0,1.0,0.0,0,0.0,-1.0,0.75,1.0,1
1,1.0,0.0,1.0,0.0,0,0.0,-1.0,0.9099999666213989,0.3,0
1,1.0,0.0,1.0,0.0,0,0.0,-1.0,0.940000057220459,0.2,3
1,0.99,0.044999998062849045,0.9549999833106995,0.010000001,0,1.0,-0.9429999589920044,0.6349999904632568,0.8,3
1,1.0,1.0,0.0,0.0,0,0.0,0.9994999766349792,0.0,0.0,0
1,1.0,0.0,1.0,0.0,0,0.0,-1.0,0.9099999666213989,0.3,0
1,1.0,0.0,1.0,0.0,0,0.0,-1.0,0.925000011920929,0.3,1
1,0.99,0.044999998062849045,0.9549999833106995,0.010000001,0,1.0,-0.9429999589920044,0.8799999952316284,0.3,0
1,1.0,0.0,1.0,0.0,0,0.0,-1.000499963760376,0.925000011920929,0.3,1
1,0.99,0.044999998062849045,0.9549999833106995,0.010000001,0,1.0,-0.9429999589920044,0.8799999952316284,0.3,2
1,1.0,1.0,0.0,0.0,0,0.0,0.9994999766349792,0.0,0.0,0
1,0.96,1.0,0.0,0.040000003,0,1.0,0.8740000128746033,0.0,0.0,0
1,0.8,0.8999999761581421,0.1000000536441803,0.2,1,0.0,-4.859000205993652,-0.09999994188547134,0.8,1
1,1.0,0.0,1.0,0.0,0,0.0,-1.0099999904632568,0.9099999666213989,0.3,1
1,1.0,1.0,0.0,0.0,0,0.0,1.0,0.0,0.0,0
1,1.0,0.0,1.0,0.0,0,0.0,-1.0,0.9099999666213989,0.3,3
1,0.98,1.0,0.0,0.020000001,0,1.0,0.9369999766349792,0.0,0.0,0
1,1.0,0.0,1.0,0.0,0,0.0,-1.000499963760376,0.940000057220459,0.2,0
1,0.99,0.044999998062849045,0.9549999833106995,0.010000001,0,1.0,-0.9429999589920044,0.5949999690055847,0.8,1
1,0.9993444,0.0029500543605536222,0.9970499277114868,0.0006555677,0,0.0,-0.996697723865509,0.797049880027771,0.5,3
1,1.0,0.0,1.0,0.0,0,0.0,-1.0000327825546265,0.875,0.5,2
1,0.8,0.8999999761581421,0.10000002384185791,0.2,1,0.0,-4.8600006103515625,-0.1249999850988388,0.5,3
1,0.9900007,0.04499681666493416,0.9550032019615173,0.009999293,0,0.0,-0.9520041346549988,0.6550031900405884,1.0,1
1,1.0,0.0,1.0,0.0,0,0.0,-1.000499963760376,0.8500000238418579,0.5,0
1,1.0,0.0,1.0,0.0,0,0.0,-1.0,0.9500000476837158,0.2,0
1,1.0,0.0,1.0,0.0,0,0.0,-1.0,0.925000011920929,0.3,0
1,0.99,0.044999998062849045,0.9549999833106995,0.010000001,0,1.0,-0.9429999589920044,0.9050000309944153,0.2,0
1,0.99,0.044999998062849045,0.9549999833106995,0.010000001,0,1.0,-0.9424999356269836,0.8299999833106995,0.5,2
1,1.0,1.0,0.0,0.0,0,0.0,0.9994999766349792,0.0,0.0,0
1,0.98,1.0,0.0,0.020000001,0,1.0,0.9369999766349792,0.0,0.0,0
1,1.0,0.0,1.0,0.0,0,0.0,-1.000499963760376,0.7999999523162842,0.5,2
1,1.0,1.0,0.0,0.0,0,0.0,1.0,0.0,0.0,0
1,1.0,1.0,0.0,0.0,0,0.0,1.0,0.0,0.0,0
1,1.0,1.0,0.0,0.0,0,0.0,1.0,0.0,0.0,0
1,1.0,0.0,1.0,0.0,0,0.0,-1.0,0.9200000166893005,0.2,0
1,1.0,1.0,0.0,0.0,0,0.0,1.0,0.0,0.0,0
1,1.0,0.0,1.0,0.0,0,0.0,-1.0,0.9100000262260437,0.2,2
1,0.99,0.044999998062849045,0.9549999833106995,0.010000001,0,1.0,-0.9429999589920044,0.8050000071525574,0.5,0
1,1.0,0.0,1.0,0.0,0,0.0,-1.000499963760376,0.925000011920929,0.3,1
1,0.96,1.0,0.0,0.040000003,0,1.0,0.8740000128746033,0.0,0.0,0
1,1.0,0.0,1.0,0.0,0,0.0,-1.0010000467300415,0.9500000476837158,0.2,1
1,0.96,1.0,0.0,0.040000003,0,1.0,0.8740000128746033,0.0,0.0,0
1,0.8,0.8999999761581421,0.1000000536441803,0.2,1,0.0,-4.859000205993652,-0.21999993920326233,0.8,0
1,0.99,0.044999998062849045,0.9549999833106995,0.010000001,0,1.0,-0.9519999623298645,0.8799999952316284,0.3,2
1,0.9987202,0.005758910905569792,0.9942410588264465,0.001279758,0,0.0,-0.9930773973464966,0.9042410850524902,0.2,0
1,0.99,0.044999998062849045,0.9549999833106995,0.010000001,0,1.0,-0.9429359436035156,0.8799999952316284,0.3,3
1,1.0,0.0,1.0,0.0,0,0.0,-1.000499963760376,0.800000011920929,0.8,2
1,0.9466819,0.23993144929409027,0.7600685954093933,0.053318102,1,0.0,-5.696086883544922,0.5600686073303223,0.8,2
1,1.0,0.0,1.0,0.0,0,0.0,-1.0026658773422241,0.6399999856948853,0.8,2
1,1.0,0.0,1.0,0.0,0,0.0,-1.0,0.7999999523162842,0.5,0
1,1.0,0.0,1.0,0.0,0,0.0,-1.0,0.925000011920929,0.3,1
1,1.0,0.0,1.0,0.0,0,0.0,-1.0,0.7749999761581421,0.5,1
1,1.0,1.0,0.0,0.0,0,0.0,1.0,0.0,0.0,0
1,0.99,0.044999998062849045,0.9549999833106995,0.010000001,0,1.0,-0.9429999589920044,0.7049999237060547,1.0,1
1,0.99,0.044999998062849045,0.9549999833106995,0.010000001,0,1.0,-0.9424999356269836,0.5549999475479126,1.0,1
1,1.0,0.0,1.0,0.0,0,0.0,-1.000499963760376,0.925000011920929,0.3,1
1,1.0,0.0,1.0,0.0,0,0.0,-1.0,0.7749999761581421,0.5,1
1,1.0,0.0,1.0,0.0,0,0.0,-1.0,0.8500000238418579,0.5,0
1,1.0,1.0,0.0,0.0,0,0.0,1.0,0.0,0.0,0
1,0.99,0.044999998062849045,0.9549999833106995,0.010000001,0,1.0,-0.9429999589920044,0.8050000071525574,0.5,1
1,1.0,0.0,1.0,0.0,0,0.0,-1.000499963760376,0.550000011920929,1.0,2
1,1.0,0.0,1.0,0.0,0,0.0,-1.0,0.925000011920929,0.3,1
1,1.0,0.0,1.0,0.0,0,0.0,-1.0,0.925000011920929,0.3,1
1,0.99,0.044999998062849045,0.9549999833106995,0.010000001,0,1.0,-0.9429999589920044,0.7549999952316284,0.5,0
1,0.99,0.044999998062849045,0.9549999833106995,0.010000001,0,1.0,-0.9424999356269836,0.7300000190734863,0.5,2
1,0.98,1.0,0.0,0.020000001,0,1.0,0.9375,0.0,0.0,0
1,1.0,1.0,0.0,0.0,0,0.0,0.9994999766349792,0.0,0.0,0
1,0.99,0.044999998062849045,0.9549999833106995,0.010000001,0,1.0,-0.9429999589920044,0.6549999713897705,1.0,1
1,1.0,1.0,0.0,0.0,0,0.0,0.9994999766349792,0.0,0.0,0
1,1.0,1.0,0.0,0.0,0,0.0,1.0,0.0,0.0,0
1,0.96,1.0,0.0,0.040000003,0,1.0,0.8740000128746033,0.0,0.0,0
1,1.0,1.0,0.0,0.0,0,0.0,0.9990000128746033,0.0,0.0,0
1,0.9325403,0.30356869101524353,0.6964312791824341,0.06745971,1,0.0,-5.615479469299316,0.4464312493801117,1.0,1
1,1.0,0.0,1.0,0.0,0,0.0,-1.0033730268478394,0.800000011920929,0.8,1
1,1.0,1.0,0.0,0.0,0,0.0,1.0,0.0,0.0,0
1,1.0,0.0,1.0,0.0,0,0.0,-1.0,0.925000011920929,0.3,2
1,0.8983413,0.4574642777442932,0.5425357222557068,0.101658724,1,0.0,-5.42054557800293,0.34253573417663574,0.8,0
1,0.99,0.044999998062849045,0.9549999833106995,0.010000001,0,1.0,-0.9470828771591187,0.875,0.2,3
1,1.0,0.0,1.0,0.0,0,0.0,-1.000499963760376,0.5999999642372131,1.0,1
1,0.99,0.044999998062849045,0.9549999833106995,0.010000001,0,1.0,-0.9429999589920044,0.8799999952316284,0.3,1
1,1.0,1.0,0.0,0.0,0,0.0,0.9994999766349792,0.0,0.0,0
1,0.99,0.044999998062849045,0.9549999833106995,0.010000001,0,1.0,-0.9429999589920044,0.9050000309944153,0.2,2
1,1.0,0.0,1.0,0.0,0,0.0,-1.000499963760376,0.550000011920929,1.0,1
1,0.99,0.044999998062849045,0.9549999833106995,0.010000001,0,1.0,-0.9429999589920044,0.5049999356269836,1.0,1
1,1.0,0.0,1.0,0.0,0,0.0,-1.000499963760376,0.6800000071525574,0.8,0
1,1.0,1.0,0.0,0.0,0,0.0,1.0,0.0,0.0,0
1,1.0,0.0,1.0,0.0,0,0.0,-1.0,0.875,0.5,1
1,1.0,1.0,0.0,0.0,0,0.0,1.0,0.0,0.0,0
1,0.99,0.044999998062849045,0.9549999833106995,0.010000001,0,1.0,-0.9429999589920044,0.7049999237060547,1.0,3
1,1.0,0.0,1.0,0.0,0,0.0,-1.000499963760376,0.875,0.5,0
1,0.98,1.0,0.0,0.020000001,0,1.0,0.9369999766349792,0.0,0.0,0
1,1.0,1.0,0.0,0.0,0,0.0,0.9994999766349792,0.0,0.0,0
1,0.99,0.044999998062849045,0.9549999833106995,0.010000001,0,1.0,-0.9429999589920044,0.9050000309944153,0.2,1
1,1.0,0.0,1.0,0.0,0,0.0,-1.000499963760376,0.9099999666213989,0.3,2
1,0.99,0.044999998062849045,0.9549999833106995,0.010000001,0,1.0,-0.9429999589920044,0.7149999737739563,0.8,2
2,0.9193073,0.3631170988082886,0.6368829011917114,0.08069269,1,0.0,-5.5400519371032715,0.5618829131126404,0.3,1
2,1.0,0.0,1.0,0.0,0,0.0,-1.0040346384048462,0.875,0.5,1
2,1.0,0.0,1.0,0.0,0,0.0,-1.0,0.9500000476837158,0.2,3
2,1.0,0.0,1.0,0.0,0,0.0,-1.0,0.9200000166893005,0.2,3
2,1.0,0.0,1.0,0.0,0,0.0,-1.0,0.9500000476837158,0.2,3
2,1.0,0.0,1.0,0.0,0,0.0,-1.0,0.75,1.0,3
2,1.0,0.0,1.0,0.0,0,0.0,-1.0,0.7999999523162842,0.5,0
2,0.992421,0.034105654805898666,0.965894341468811,0.0075790347,0,0.0,-0.9567995071411133,0.715894341468811,1.0,0
2,0.99,0.044999998062849045,0.9549999833106995,0.010000001,0,1.0,-0.9426209926605225,0.5549999475479126,1.0,0
2,1.0,0.0,1.0,0.0,0,0.0,-1.000499963760376,0.9099999666213989,0.3,2
2,1.0,0.0,1.0,0.0,0,0.0,-1.0,0.9200000166893005,0.2,0
2,1.0,0.0,1.0,0.0,0,0.0,-1.0,0.925000011920929,0.3,0
2,0.99,0.044999998062849045,0.9549999833106995,0.010000001,0,1.0,-0.9429999589920044,0.9050000309944153,0.2,0
2,1.0,1.0,0.0,0.0,0,0.0,0.9994999766349792,0.0,0.0,0
2,1.0,0.0,1.0,0.0,0,0.0,-1.0,0.5999999642372131,1.0,0
2,1.0,1.0,0.0,0.0,0,0.0,1.0,0.0,0.0,0
2,1.0,0.0,1.0,0.0,0,0.0,-1.0,0.75,1.0,0
2,1.0,0.0,1.0,0.0,0,0.0,-1.0,0.9100000262260437,0.2,3
2,1.0,0.0,1.0,0.0,0,0.0,-1.0,0.9099999666213989,0.3,3
2,0.99,0.044999998062849045,0.9549999833106995,0.010000001,0,1.0,-0.9429999589920044,0.8799999952316284,0.3,0
2,0.81357694,0.8389036655426025,0.16109634935855865,0.18642305,1,0.0,-4.936888694763184,0.08609634637832642,0.3,1
2,1.0,0.0,1.0,0.0,0,0.0,-1.0093210935592651,0.7749999761581421,0.5,0
2,0.98,1.0,0.0,0.020000001,0,1.0,0.9369999766349792,0.0,0.0,0
2,0.99,0.044999998062849045,0.9549999833106995,0.010000001,0,1.0,-0.9424999356269836,0.8650000095367432,0.2,0
2,1.0,0.0,1.0,0.0,0,0.0,-1.000499963760376,0.925000011920929,0.3,0
2,1.0,0.0,1.0,0.0,0,0.0,-1.0,0.75,1.0,3
2,0.96,1.0,0.0,0.040000003,0,1.0,0.8740000128746033,0.0,0.0,0
2,0.96,1.0,0.0,0.040000003,0,1.0,0.875,0.0,0.0,0
2,1.0,0.0,1.0,0.0,0,0.0,-1.0010000467300415,0.9500000476837158,0.2,1
2,1.0,0.0,1.0,0.0,0,0.0,-1.0,0.800000011920929,0.8,2
2,0.96955764,1.0,0.0,0.030442346,0,0.0,0.904106616973877,0.0,0.0,0
2,1.0,0.0,1.0,0.0,0,0.0,-1.0007610321044922,0.550000011920929,1.0,1
2,0.89599955,0.4680020213127136,0.5319979786872864,0.10400045,1,0.0,-5.407196998596191,0.471998006105423,0.2,2
2,1.0,1.0,0.0,0.0,0,0.0,0.9947999715805054,0.0,0.0,0
2,1.0,1.0,0.0,0.0,0,0.0,1.0,0.0,0.0,0
2,1.0,0.0,1.0,0.0,0,0.0,-1.0,0.6399999856948853,0.8,3
2,1.0,0.0,1.0,0.0,0,0.0,-1.0,0.925000011920929,0.3,0
2,0.99,0.044999998062849045,0.9549999833106995,0.010000001,0,1.0,-0.9429999589920044,0.9050000309944153,0.2,3
2,0.99,0.044999998062849045,0.9549999833106995,0.010000001,0,1.0,-0.9424999356269836,0.6349999904632568,0.8,3
2,1.0,1.0,0.0,0.0,0,0.0,0.9994999766349792,0.0,0.0,0
2,0.99,0.044999998062849045,0.9549999833106995,0.010000001,0,1.0,-0.9429999589920044,0.8799999952316284,0.3,2
2,1.0,1.0,0.0,0.0,0,0.0,0.9994999766349792,0.0,0.0,0
2,1.0,0.0,1.0,0.0,0,0.0,-1.0,0.925000011920929,0.3,0
2,1.0,0.0,1.0,0.0,0,0.0,-1.0,0.7599999904632568,0.8,3
2,0.98,1.0,0.0,0.020000001,0,1.0,0.9369999766349792,0.0,0.0,0
2,1.0,0.0,1.0,0.0,0,0.0,-1.000499963760376,0.940000057220459,0.2,1
2,0.99339074,0.02974172681570053,0.9702582955360413,0.006609273,0,0.0,-0.9623271226882935,0.8452582955360413,0.5,0
2,0.8,0.8999999761581421,0.1000000536441803,0.2,1,0.0,-4.8596696853637695,0.04000005125999451,0.2,1
2,1.0,0.0,1.0,0.0,0,0.0,-1.0099999904632568,0.8500000238418579,0.5,2
2,1.0,1.0,0.0,0.0,0,0.0,1.0,0.0,0.0,0
2,1.0,0.0,1.0,0.0,0,0.0,-1.0,0.75,1.0,0
2,0.99,0.044999998062849045,0.9549999833106995,0.010000001,0,1.0,-0.9429999589920044,0.6349999904632568,0.8,0
2,1.0,0.0,1.0,0.0,0,0.0,-1.000499963760376,0.75,1.0,2
2,0.98,1.0,0.0,0.020000001,0,1.0,0.9369999766349792,0.0,0.0,0
2,1.0,1.0,0.0,0.0,0,0.0,0.9994999766349792,0.0,0.0,0
2,1.0,1.0,0.0,0.0,0,0.0,1.0,0.0,0.0,0
2,1.0,0.0,1.0,0.0,0,0.0,-1.0,0.9500000476837158,0.2,1
2,0.99,0.044999998062849045,0.9549999833106995,0.010000001,0,1.0,-0.9429999589920044,0.7149999737739563,0.8,0
2,1.0,0.0,1.0,0.0,0,0.0,-1.000499963760376,0.7599999904632568,0.8,3
2,0.9357547,0.2891037166118622,0.7108962535858154,0.064245276,1,0.0,-5.6338019371032715,0.6208962202072144,0.3,0
2,1.0,0.0,1.0,0.0,0,0.0,-1.0032122135162354,0.9100000262260437,0.2,1
2,0.98,1.0,0.0,0.020000001,0,1.0,0.9369999766349792,0.0,0.0,0
2,1.0,0.0,1.0,0.0,0,0.0,-1.000499963760376,0.75,1.0,2
2,1.0,0.0,1.0,0.0,0,0.0,-1.0,0.9099999666213989,0.3,1
2,1.0,0.0,1.0,0.0,0,0.0,-1.0,0.800000011920929,0.8,0
2,0.99,0.044999998062849045,0.9549999833106995,0.010000001,0,1.0,-0.9429999589920044,0.7549999952316284,0.8,2
2,0.99,0.044999998062849045,0.9549999833106995,0.010000001,0,1.0,-0.9424999356269836,0.8799999952316284,0.3,0
2,0.99,0.044999998062849045,0.9549999833106995,0.010000001,0,1.0,-0.9424999356269836,0.8050000071525574,0.5,1
2,1.0,0.0,1.0,0.0,0,0.0,-1.000499963760376,0.925000011920929,0.3,1
2,1.0,0.0,1.0,0.0,0,0.0,-1.0,0.8500000238418579,0.5,3
2,0.98,1.0,0.0,0.020000001,0,1.0,0.9369999766349792,0.0,0.0,0
2,0.99,0.044999998062849045,0.9549999833106995,0.010000001,0,1.0,-0.9424999356269836,0.8799999952316284,0.3,2
2,0.99,0.044999998062849045,0.9549999833106995,0.010000001,0,1.0,-0.9424999356269836,0.8299999833106995,0.5,3
2,1.0,0.0,1.0,0.0,0,0.0,-1.000499963760376,0.925000011920929,0.3,0
2,1.0,1.0,0.0,0.0,0,0.0,1.0,0.0,0.0,0
2,0.96,1.0,0.0,0.040000003,0,1.0,0.8740000128746033,0.0,0.0,0
2,1.0,0.0,1.0,0.0,0,0.0,-1.0010000467300415,0.9200000166893005,0.2,1
2,0.8244938,0.7897777557373047,0.2102222442626953,0.17550617,1,0.0,-4.999614715576172,0.13522224128246307,0.3,0
2,1.0,0.0,1.0,0.0,0,0.0,-1.0087753534317017,0.875,0.5,1
2,0.98,1.0,0.0,0.020000001,0,1.0,0.9369999766349792,0.0,0.0,0
2,0.99,0.044999998062849045,0.9549999833106995,0.010000001,0,1.0,-0.9424999356269836,0.8050000071525574,0.5,0
2,0.99,0.044999998062849045,0.9549999833106995,0.010000001,0,1.0,-0.9424999356269836,0.8050000071525574,0.5,1
2,1.0,1.0,0.0,0.0,0,0.0,0.9994999766349792,0.0,0.0,0
2,1.0,0.0,1.0,0.0,0,0.0,-1.0,0.7000000476837158,1.0,2
2,1.0,0.0,1.0,0.0,0,0.0,-1.0,0.7000000476837158,1.0,0
2,1.0,0.0,1.0,0.0,0,0.0,-1.0,0.9099999666213989,0.3,0
2,1.0,0.0,1.0,0.0,0,0.0,-1.0,0.875,0.5,0
2,1.0,0.0,1.0,0.0,0,0.0,-1.0,0.9500000476837158,0.2,0
2,1.0,1.0,0.0,0.0,0,0.0,1.0,0.0,0.0,0
2,1.0,0.0,1.0,0.0,0,0.0,-1.0,0.7000000476837158,1.0,3
2,1.0,0.0,1.0,0.0,0,0.0,-1.0,0.7000000476837158,1.0,1
2,1.0,0.0,1.0,0.0,0,0.0,-1.0,0.9099999666213989,0.3,2
2,1.0,0.0,1.0,0.0,0,0.0,-1.0,0.925000011920929,0.3,1
2,1.0,0.0,1.0,0.0,0,0.0,-1.0,0.925000011920929,0.3,1
2,0.96,1.0,0.0,0.040000003,0,1.0,0.8740000128746033,0.0,0.0,0
2,1.0,1.0,0.0,0.0,0,0.0,0.9990000128746033,0.0,0.0,0
2,1.0,1.0,0.0,0.0,0,0.0,1.0,0.0,0.0,0
2,1.0,1.0,0.0,0.0,0,0.0,1.0,0.0,0.0,0
2,0.96,1.0,0.0,0.040000003,0,1.0,0.8740000128746033,0.0,0.0,0
2,0.8907363,0.49168673157691956,0.5083132982254028,0.10926372,1,0.0,-5.37619686126709,0.26831328868865967,0.8,2
2,1.0,0.0,1.0,0.0,0,0.0,-1.0054632425308228,0.940000057220459,0.2,2
2,1.0,0.0,1.0,0.0,0,0.0,-1.0,0.5999999642372131,1.0,0
2,1.0,0.0,1.0,0.0,0,0.0,-1.0,0.8500000238418579,0.5,0
2,1.0,0.0,1.0,0.0,0,0.0,-1.0,0.9500000476837158,0.2,2
2,0.8405023,0.7177395224571228,0.2822604775428772,0.15949768,1,0.0,-5.0908637046813965,0.1572604775428772,0.5,3
2,1.0,0.0,1.0,0.0,0,0.0,-1.0079748630523682,0.9099999666213989,0.3,2
2,1.0,0.0,1.0,0.0,0,0.0,-1.0,0.7749999761581421,0.5,0
2,0.9994495,0.0024773955810815096,0.9975225925445557,0.00055053236,0,0.0,-0.9968619346618652,0.7975225448608398,0.5,0
2,0.99,0.044999998062849045,0.9549999833106995,0.010000001,0,1.0,-0.9429724216461182,0.875,0.2,3
2,1.0,1.0,0.0,0.0,0,0.0,0.9994999766349792,0.0,0.0,0
2,0.99,0.044999998062849045,0.9549999833106995,0.010000001,0,1.0,-0.9429999589920044,0.7049999237060547,1.0,3
2,1.0,1.0,0.0,0.0,0,0.0,0.9994999766349792,0.0,0.0,0
2,0.99,0.044999998062849045,0.9549999833106995,0.010000001,0,1.0,-0.9429999589920044,0.8299999833106995,0.5,2
2,1.0,1.0,0.0,0.0,0,0.0,0.9994999766349792,0.0,0.0,0
2,0.99,0.044999998062849045,0.9549999833106995,0.010000001,0,1.0,-0.9429999589920044,0.8950000405311584,0.2,3
2,1.0,1.0,0.0,0.0,0,0.0,0.9994999766349792,0.0,0.0,0
2,1.0,1.0,0.0,0.0,0,0.0,1.0,0.0,0.0,0
2,1.0,0.0,1.0,0.0,0,0.0,-1.0,0.75,1.0,2
2,1.0,1.0,0.0,0.0,0,0.0,1.0,0.0,0.0,0
2,1.0,0.0,1.0,0.0,0,0.0,-1.0,0.550000011920929,1.0,3
2,0.98,1.0,0.0,0.020000001,0,1.0,0.9369999766349792,0.0,0.0,0
2,1.0,0.0,1.0,0.0,0,0.0,-1.000499963760376,0.9500000476837158,0.2,2
2,1.0,0.0,1.0,0.0,0,0.0,-1.0,0.7749999761581421,0.5,1
2,1.0,1.0,0.0,0.0,0,0.0,1.0,0.0,0.0,0
2,1.0,0.0,1.0,0.0,0,0.0,-1.0,0.8500000238418579,0.5,2
2,1.0,0.0,1.0,0.0,0,0.0,-1.0,0.800000011920929,0.8,0
2,1.0,0.0,1.0,0.0,0,0.0,-1.0,0.875,0.5,2
2,1.0,1.0,0.0,0.0,0,0.0,1.0,0.0,0.0,0
2,1.0,0.0,1.0,0.0,0,0.0,-1.0,0.875,0.5,2
2,1.0,0.0,1.0,0.0,0,0.0,-1.0,0.8500000238418579,0.5,0
2,0.96,1.0,0.0,0.040000003,0,1.0,0.8740000128746033,0.0,0.0,0
2,1.0,1.0,0.0,0.0,0,0.0,0.9990000128746033,0.0,0.0,0
2,1.0,1.0,0.0,0.0,0,0.0,1.0,0.0,0.0,0
2,1.0,1.0,0.0,0.0,0,0.0,1.0,0.0,0.0,0
2,0.818434,0.8170468807220459,0.1829531192779541,0.18156599,1,0.0,-4.96507453918457,-0.11704689264297485,1.0,2
2,1.0,1.0,0.0,0.0,0,0.0,0.990921676158905,0.0,0.0,0
2,0.96,1.0,0.0,0.040000003,0,1.0,0.8740000128746033,0.0,0.0,0
2,1.0,0.0,1.0,0.0,0,0.0,-1.0010000467300415,0.9500000476837158,0.2,2
2,1.0,0.0,1.0,0.0,0,0.0,-1.0,0.925000011920929,0.3,2
2,1.0,0.0,1.0,0.0,0,0.0,-1.0,0.7000000476837158,1.0,1
2,0.90814066,0.41336706280708313,0.5866329669952393,0.09185935,1,0.0,-5.4764018058776855,0.43663299083709717,0.5,1
2,1.0,1.0,0.0,0.0,0,0.0,0.9954070448875427,0.0,0.0,0
2,0.99,0.044999998062849045,0.9549999833106995,0.010000001,0,1.0,-0.9429999589920044,0.8799999952316284,0.3,0
2,1.0,0.0,1.0,0.0,0,0.0,-1.000499963760376,0.7749999761581421,0.5,2
2,1.0,0.0,1.0,0.0,0,0.0,-1.0,0.6800000071525574,0.8,2
2,0.99,0.044999998062849045,0.9549999833106995,0.010000001,0,1.0,-0.9429999589920044,0.8799999952316284,0.3,3
2,1.0,0.0,1.0,0.0,0,0.0,-1.000499963760376,0.6800000071525574,0.8,2
2,0.99,0.044999998062849045,0.9549999833106995,0.010000001,0,1.0,-0.9429999589920044,0.8649999499320984,0.3,1
2,0.99,0.044999998062849045,0.9549999833106995,0.010000001,0,1.0,-0.9424999356269836,0.5049999356269836,1.0,3
2,1.0,0.0,1.0,0.0,0,0.0,-1.000499963760376,0.925000011920929,0.3,2
2,1.0,0.0,1.0,0.0,0,0.0,-1.0,0.7999999523162842,0.5,0
2,1.0,1.0,0.0,0.0,0,0.0,1.0,0.0,0.0,0
2,1.0,1.0,0.0,0.0,0,0.0,1.0,0.0,0.0,0
2,1.0,0.0,1.0,0.0,0,0.0,-1.0,0.800000011920929,0.8,1
2,1.0,1.0,0.0,0.0,0,0.0,1.0,0.0,0.0,0
2,0.9932026,0.030588259920477867,0.9694117307662964,0.0067973915,0,0.0,-0.9612548351287842,0.5694116950035095,1.0,3
2,0.99,0.044999998062849045,0.9549999833106995,0.010000001,0,1.0,-0.9426600933074951,0.7549999952316284,0.5,3
2,1.0,0.0,1.0,0.0,0,0.0,-1.000499963760376,0.9500000476837158,0.2,3
2,0.98,1.0,0.0,0.020000001,0,1.0,0.9369999766349792,0.0,0.0,0
2,0.9965637,1.0,0.0,0.003436327,0,0.0,0.9888474345207214,0.0,0.0,0
2,0.93185145,0.3066684305667877,0.6933315992355347,0.068148546,1,0.0,-5.6114678382873535,0.6183316111564636,0.3,3
2,1.0,1.0,0.0,0.0,0,0.0,0.9965925812721252,0.0,0.0,0
2,0.98,1.0,0.0,0.020000001,0,1.0,0.9369999766349792,0.0,0.0,0
2,0.99,0.044999998062849045,0.9549999833106995,0.010000001,0,1.0,-0.9424999356269836,0.8299999833106995,0.5,3
2,0.99,0.044999998062849045,0.9549999833106995,0.010000001,0,1.0,-0.9424999356269836,0.7300000190734863,0.5,2
2,0.98,1.0,0.0,0.020000001,0,1.0,0.9375,0.0,0.0,0
2,1.0,0.0,1.0,0.0,0,0.0,-1.000499963760376,0.5999999642372131,1.0,3
2,1.0,1.0,0.0,0.0,0,0.0,1.0,0.0,0.0,0
2,1.0,0.0,1.0,0.0,0,0.0,-1.0,0.9200000166893005,0.2,3
2,1.0,0.0,1.0,0.0,0,0.0,-1.0,0.5999999642372131,1.0,3
2,1.0,1.0,0.0,0.0,0,0.0,1.0,0.0,0.0,0
2,0.96,1.0,0.0,0.040000003,0,1.0,0.8740000128746033,0.0,0.0,0
2,1.0,0.0,1.0,0.0,0,0.0,-1.0010000467300415,0.6800000071525574,0.8,2
2,1.0,0.0,1.0,0.0,0,0.0,-1.0,0.7749999761581421,0.5,0
2,0.81596124,0.8281742930412292,0.17182573676109314,0.18403874,1,0.0,-4.950978755950928,0.12182573974132538,0.2,3
2,0.98,1.0,0.0,0.020000001,0,1.0,0.9287980794906616,0.0,0.0,0
2,1.0,0.0,1.0,0.0,0,0.0,-1.000499963760376,0.7599999904632568,0.8,0
2,0.98,1.0,0.0,0.020000001,0,1.0,0.9369999766349792,0.0,0.0,0
2,0.99,0.044999998062849045,0.9549999833106995,0.010000001,0,1.0,-0.9424999356269836,0.8799999952316284,0.3,3
2,1.0,0.0,1.0,0.0,0,0.0,-1.000499963760376,0.6399999856948853,0.8,3
2,0.99,0.044999998062849045,0.9549999833106995,0.010000001,0,1.0,-0.9429999589920044,0.7549999952316284,0.8,0
2,1.0,0.0,1.0,0.0,0,0.0,-1.000499963760376,0.925000011920929,0.3,3
2,0.99,0.044999998062849045,0.9549999833106995,0.010000001,0,1.0,-0.9429999589920044,0.7049999237060547,1.0,1
2,0.99,0.044999998062849045,0.9549999833106995,0.010000001,0,1.0,-0.9424999356269836,0.8799999952316284,0.3,3
2,0.98,1.0,0.0,0.020000001,0,1.0,0.9375,0.0,0.0,0
2,1.0,0.0,1.0,0.0,0,0.0,-1.000499963760376,0.9200000166893005,0.2,1
2,1.0,0.0,1.0,0.0,0,0.0,-1.0,0.940000057220459,0.2,3
2,1.0,0.0,1.0,0.0,0,0.0,-1.0,0.75,1.0,1
2,1.0,1.0,0.0,0.0,0,0.0,1.0,0.0,0.0,0
2,0.9351051,0.2920270264148712,0.7079730033874512,0.0648949,1,0.0,-5.630099296569824,0.5829730033874512,0.5,0
2,0.98,1.0,0.0,0.020000001,0,1.0,0.934755265712738,0.0,0.0,0
2,0.98,1.0,0.0,0.020000001,0,1.0,0.9375,0.0,0.0,0
2,1.0,0.0,1.0,0.0,0,0.0,-1.000499963760376,0.7599999904632568,0.8,1
2,1.0,0.0,1.0,0.0,0,0.0,-1.0,0.940000057220459,0.2,3
2,1.0,0.0,1.0,0.0,0,0.0,-1.0,0.9500000476837158,0.2,1
2,1.0,1.0,0.0,0.0,0,0.0,1.0,0.0,0.0,0
2,1.0,1.0,0.0,0.0,0,0.0,1.0,0.0,0.0,0
2,0.99,0.044999998062849045,0.9549999833106995,0.010000001,0,1.0,-0.9429999589920044,0.8649999499320984,0.3,1
2,1.0,0.0,1.0,0.0,0,0.0,-1.000499963760376,0.7599999904632568,0.8,3
2,0.99,0.044999998062849045,0.9549999833106995,0.010000001,0,1.0,-0.9429999589920044,0.8649999499320984,0.3,2
2,0.8547923,0.653434693813324,0.346565306186676,0.14520772,1,0.0,-5.171816349029541,0.09656530618667603,1.0,0
2,1.0,0.0,1.0,0.0,0,0.0,-1.0072604417800903,0.875,0.5,0
2,1.0,0.0,1.0,0.0,0,0.0,-1.0,0.800000011920929,0.8,0
2,0.99,0.044999998062849045,0.9549999833106995,0.010000001,0,1.0,-0.9429999589920044,0.7149999737739563,0.8,0
2,1.0,0.0,1.0,0.0,0,0.0,-1.000499963760376,0.75,1.0,0
2,0.99,0.044999998062849045,0.9549999833106995,0.010000001,0,1.0,-0.9429999589920044,0.9050000309944153,0.2,2
2,0.99,0.044999998062849045,0.9549999833106995,0.010000001,0,1.0,-0.9424999356269836,0.7049999237060547,1.0,3
2,0.98,1.0,0.0,0.020000001,0,1.0,0.9375,0.0,0.0,0
2,1.0,1.0,0.0,0.0,0,0.0,0.9994999766349792,0.0,0.0,0
2,1.0,0.0,1.0,0.0,0,0.0,-1.0,0.9500000476837158,0.2,3
2,1.0,0.0,1.0,0.0,0,0.0,-1.0,0.9500000476837158,0.2,1
2,0.99,0.044999998062849045,0.9549999833106995,0.010000001,0,1.0,-0.9429999589920044,0.7049999237060547,1.0,2
2,1.0,0.0,1.0,0.0,0,0.0,-1.000499963760376,0.7999999523162842,0.5,2
2,1.0,0.0,1.0,0.0,0,0.0,-1.0,0.9500000476837158,0.2,0
2,0.98,1.0,0.0,0.020000001,0,1.0,0.9369999766349792,0.0,0.0,0
2,0.96,1.0,0.0,0.040000003,0,1.0,0.8744999766349792,0.0,0.0,0
2,0.96,1.0,0.0,0.040000003,0,1.0,0.875,0.0,0.0,0
2,0.93031186,0.3135966956615448,0.6864032745361328,0.069688156,1,0.0,-5.60177755355835,0.6114032864570618,0.3,0
2,0.99,0.044999998062849045,0.9549999833106995,0.010000001,0,1.0,-0.9454843401908875,0.8299999833106995,0.5,3
2,1.0,0.0,1.0,0.0,0,0.0,-1.000499963760376,0.75,1.0,0
2,1.0,0.0,1.0,0.0,0,0.0,-1.0,0.9500000476837158,0.2,0
2,1.0,0.0,1.0,0.0,0,0.0,-1.0,0.8500000238418579,0.5,3
2,1.0,1.0,0.0,0.0,0,0.0,1.0,0.0,0.0,0
2,1.0,0.0,1.0,0.0,0,0.0,-1.0,0.9200000166893005,0.2,1
2,0.99,0.044999998062849045,0.9549999833106995,0.010000001,0,1.0,-0.9429999589920044,0.8950000405311584,0.2,1
2,0.99,0.044999998062849045,0.9549999833106995,0.010000001,0,1.0,-0.9424999356269836,0.5949999690055847,0.8,0
2,0.9584766,0.18685533106327057,0.8131446838378906,0.04152341,0,0.0,-0.7628166079521179,0.7631447315216064,0.2,0
2,0.9782686,1.0,0.0,0.021731377,0,0.0,0.9305565357208252,0.0,0.0,0
2,1.0,0.0,1.0,0.0,0,0.0,-1.000543236732483,0.9200000166893005,0.2,1
2,1.0,0.0,1.0,0.0,0,0.0,-1.0,0.9500000476837158,0.2,3
2,1.0,0.0,1.0,0.0,0,0.0,-1.0,0.925000011920929,0.3,0
2,0.8,0.8999999761581421,0.10000000149011612,0.2,1,0.0,-4.860000133514404,0.02499999850988388,0.3,0
2,1.0,1.0,0.0,0.0,0,0.0,0.9900000095367432,0.0,0.0,0
2,0.98,1.0,0.0,0.020000001,0,1.0,0.9369999766349792,0.0,0.0,0
2,0.98,1.0,0.0,0.020000001,0,1.0,0.9375,0.0,0.0,0
2,1.0,0.0,1.0,0.0,0,0.0,-1.000499963760376,0.5999999642372131,1.0,0
2,1.0,1.0,0.0,0.0,0,0.0,1.0,0.0,0.0,0
2,1.0,0.0,1.0,0.0,0,0.0,-1.0,0.925000011920929,0.3,2
2,1.0,0.0,1.0,0.0,0,0.0,-1.0,0.7999999523162842,0.5,3
2,0.99,0.044999998062849045,0.9549999833106995,0.010000001,0,1.0,-0.9429999589920044,0.7149999737739563,0.8,3
2,1.0,0.0,1.0,0.0,0,0.0,-1.000499963760376,0.6399999856948853,0.8,1
2,1.0,1.0,0.0,0.0,0,0.0,1.0,0.0,0.0,0
2,0.99,0.044999998062849045,0.9549999833106995,0.010000001,0,1.0,-0.9429999589920044,0.7549999952316284,0.5,0
2,1.0,0.0,1.0,0.0,0,0.0,-1.000499963760376,0.875,0.5,2
2,0.96,1.0,0.0,0.040000003,0,1.0,0.8740000128746033,0.0,0.0,0
2,1.0,0.0,1.0,0.0,0,0.0,-1.0010000467300415,0.9500000476837158,0.2,0
2,1.0,0.0,1.0,0.0,0,0.0,-1.0,0.75,1.0,2
2,0.9814111,0.08365008234977722,0.9163499474525452,0.018588906,0,0.0,-0.8940433263778687,0.8563500046730042,0.2,1
2,0.8,0.8999999761581421,0.10000002384185791,0.2,1,0.0,-4.859070777893066,-0.19999998807907104,1.0,0
2,1.0,0.0,1.0,0.0,0,0.0,-1.0099999904632568,0.8500000238418579,0.5,0
2,0.99,0.044999998062849045,0.9549999833106995,0.010000001,0,1.0,-0.9429999589920044,0.8799999952316284,0.3,0
2,1.0,0.0,1.0,0.0,0,0.0,-1.000499963760376,0.5999999642372131,1.0,2
2,1.0,0.0,1.0,0.0,0,0.0,-1.0,0.8500000238418579,0.5,1
2,1.0,0.0,1.0,0.0,0,0.0,-1.0,0.925000011920929,0.3,1
2,1.0,0.0,1.0,0.0,0,0.0,-1.0,0.5999999642372131,1.0,2
2,0.99,0.044999998062849045,0.9549999833106995,0.010000001,0,1.0,-0.9429999589920044,0.8649999499320984,0.3,2
2,1.0,0.0,1.0,0.0,0,0.0,-1.000499963760376,0.7999999523162842,0.5,1
2,1.0,0.0,1.0,0.0,0,0.0,-1.0,0.550000011920929,1.0,2
2,1.0,0.0,1.0,0.0,0,0.0,-1.0,0.75,1.0,2
2,0.95105493,0.22025278210639954,0.7797472476959229,0.048945066,0,0.0,-0.7210131883621216,0.379747211933136,1.0,1
2,0.8527359,0.6626884341239929,0.3373115658760071,0.14726411,1,0.0,-5.158146858215332,-0.11268845200538635,1.0,2
2,1.0,0.0,1.0,0.0,0,0.0,-1.007363200187683,0.800000011920929,0.8,2
2,0.99,0.044999998062849045,0.9549999833106995,0.010000001,0,1.0,-0.9429999589920044,0.7049999237060547,1.0,1
2,1.0,0.0,1.0,0.0,0,0.0,-1.000499963760376,0.7999999523162842,0.5,1
2,1.0,0.0,1.0,0.0,0,0.0,-1.0,0.940000057220459,0.2,3
2,0.98,1.0,0.0,0.020000001,0,1.0,0.9369999766349792,0.0,0.0,0
2,0.99,0.044999998062849045,0.9549999833106995,0.010000001,0,1.0,-0.9424999356269836,0.8649999499320984,0.3,2
2,0.99,0.044999998062849045,0.9549999833106995,0.010000001,0,1.0,-0.9424999356269836,0.9050000309944153,0.2,0
2,0.99,0.044999998062849045,0.9549999833106995,0.010000001,0,1.0,-0.9424999356269836,0.7049999237060547,1.0,1
2,1.0,0.0,1.0,0.0,0,0.0,-1.000499963760376,0.6399999856948853,0.8,2
2,0.99,0.044999998062849045,0.9549999833106995,0.010000001,0,1.0,-0.9429999589920044,0.5049999356269836,1.0,3
2,0.99,0.044999998062849045,0.9549999833106995,0.010000001,0,1.0,-0.9424999356269836,0.9050000309944153,0.2,0
2,1.0,0.0,1.0,0.0,0,0.0,-1.000499963760376,0.940000057220459,0.2,2
2,1.0,1.0,0.0,0.0,0,0.0,1.0,0.0,0.0,0
2,1.0,1.0,0.0,0.0,0,0.0,1.0,0.0,0.0,0
2,1.0,0.0,1.0,0.0,0,0.0,-1.0,0.9500000476837158,0.2,0
2,0.9600711,0.1796802133321762,0.8203197717666626,0.03992894,0,0.0,-0.7724050283432007,0.6203197836875916,0.8,3
2,1.0,1.0,0.0,0.0,0,0.0,0.9980035424232483,0.0,0.0,0
2,0.8,0.8999999761581421,0.1000000536441803,0.2,1,0.0,-4.8600006103515625,0.05000005662441254,0.2,1
2,1.0,1.0,0.0,0.0,0,0.0,0.9900000095367432,0.0,0.0,0
2,1.0,0.0,1.0,0.0,0,0.0,-1.0,0.9500000476837158,0.2,1
2,1.0,0.0,1.0,0.0,0,0.0,-1.0,0.9500000476837158,0.2,0
2,1.0,0.0,1.0,0.0,0,0.0,-1.0,0.875,0.5,3
2,1.0,0.0,1.0,0.0,0,0.0,-1.0,0.800000011920929,0.8,1
2,1.0,0.0,1.0,0.0,0,0.0,-1.0,0.9500000476837158,0.2,1
2,0.99,0.044999998062849045,0.9549999833106995,0.010000001,0,1.0,-0.9429999589920044,0.6549999713897705,1.0,0
2,0.8575903,0.6408434510231018,0.3591565787792206,0.14240967,1,0.0,-5.187765121459961,0.2691565752029419,0.3,1
2,1.0,0.0,1.0,0.0,0,0.0,-1.0071204900741577,0.75,1.0,1
2,1.0,1.0,0.0,0.0,0,0.0,1.0,0.0,0.0,0
2,0.99,0.044999998062849045,0.9549999833106995,0.010000001,0,1.0,-0.9429999589920044,0.7300000190734863,0.5,0
2,1.0,0.0,1.0,0.0,0,0.0,-1.000499963760376,0.800000011920929,0.8,1
2,1.0,0.0,1.0,0.0,0,0.0,-1.0,0.7599999904632568,0.8,1
2,1.0,1.0,0.0,0.0,0,0.0,1.0,0.0,0.0,0
2,0.98,1.0,0.0,0.020000001,0,1.0,0.9369999766349792,0.0,0.0,0
2,1.0,1.0,0.0,0.0,0,0.0,0.9994999766349792,0.0,0.0,0
2,0.99,0.044999998062849045,0.9549999833106995,0.010000001,0,1.0,-0.9429999589920044,0.5049999356269836,1.0,2
2,1.0,0.0,1.0,0.0,0,0.0,-1.000499963760376,0.6800000071525574,0.8,3
2,1.0,0.0,1.0,0.0,0,0.0,-1.0,0.9200000166893005,0.2,0
2,0.99,0.044999998062849045,0.9549999833106995,0.010000001,0,1.0,-0.9429999589920044,0.6549999713897705,1.0,2
2,0.99,0.044999998062849045,0.9549999833106995,0.010000001,0,1.0,-0.9424999356269836,0.7549999952316284,0.5,0
2,1.0,0.0,1.0,0.0,0,0.0,-1.000499963760376,0.800000011920929,0.8,3
2,0.99,0.044999998062849045,0.9549999833106995,0.010000001,0,1.0,-0.9429999589920044,0.6349999904632568,0.8,0
2,1.0,0.0,1.0,0.0,0,0.0,-1.000499963760376,0.875,0.5,2
2,1.0,0.0,1.0,0.0,0,0.0,-1.0,0.9500000476837158,0.2,3
2,0.8,0.8999999761581421,0.1000000536441803,0.2,1,0.0,-4.8600006103515625,0.02000005915760994,0.2,0
2,1.0,0.0,1.0,0.0,0,0.0,-1.0099999904632568,0.925000011920929,0.3,1
2,1.0,0.0,1.0,0.0,0,0.0,-1.0,0.5999999642372131,1.0,1
2,0.99,0.044999998062849045,0.9549999833106995,0.010000001,0,1.0,-0.9429999589920044,0.8950000405311584,0.2,0
2,1.0,0.0,1.0,0.0,0,0.0,-1.000499963760376,0.925000011920929,0.3,0
2,1.0,0.0,1.0,0.0,0,0.0,-1.0,0.9500000476837158,0.2,1
2,0.98,1.0,0.0,0.020000001,0,1.0,0.9369999766349792,0.0,0.0,0
2,1.0,1.0,0.0,0.0,0,0.0,0.9994999766349792,0.0,0.0,0
2,0.83623767,0.7369304895401001,0.2630695104598999,0.16376233,1,0.0,-5.066554546356201,-0.13693049550056458,1.0,1
2,1.0,0.0,1.0,0.0,0,0.0,-1.0081881284713745,0.7749999761581421,0.5,3
2,1.0,1.0,0.0,0.0,0,0.0,1.0,0.0,0.0,0
2,1.0,0.0,1.0,0.0,0,0.0,-1.0,0.925000011920929,0.3,2
2,0.99,0.044999998062849045,0.9549999833106995,0.010000001,0,1.0,-0.9429999589920044,0.8799999952316284,0.3,2
2,0.99,0.044999998062849045,0.9549999833106995,0.010000001,0,1.0,-0.9424999356269836,0.6549999713897705,1.0,1
2,1.0,1.0,0.0,0.0,0,0.0,0.9994999766349792,0.0,0.0,0
2,1.0,0.0,1.0,0.0,0,0.0,-1.0,0.925000011920929,0.3,0
2,0.99,0.044999998062849045,0.9549999833106995,0.010000001,0,1.0,-0.9429999589920044,0.6349999904632568,0.8,2
2,0.98,1.0,0.0,0.020000001,0,1.0,0.9375,0.0,0.0,0
2,1.0,0.0,1.0,0.0,0,0.0,-1.000499963760376,0.875,0.5,2
2,0.99,0.044999998062849045,0.9549999833106995,0.010000001,0,1.0,-0.9429999589920044,0.8799999952316284,0.3,3
2,0.99,0.044999998062849045,0.9549999833106995,0.010000001,0,1.0,-0.9424999356269836,0.8650000095367432,0.2,2
2,0.99,0.044999998062849045,0.9549999833106995,0.010000001,0,1.0,-0.9424999356269836,0.8799999952316284,0.3,0
2,1.0,0.0,1.0,0.0,0,0.0,-1.000499963760376,0.75,1.0,3
2,0.99,0.044999998062849045,0.9549999833106995,0.010000001,0,1.0,-0.9429999589920044,0.7049999237060547,1.0,2
2,1.0,1.0,0.0,0.0,0,0.0,0.9994999766349792,0.0,0.0,0
2,0.99264205,0.03311077132821083,0.9668892025947571,0.007357949,0,0.0,-0.9580596089363098,0.876889169216156,0.3,0
2,1.0,0.0,1.0,0.0,0,0.0,-1.0003678798675537,0.7000000476837158,1.0,2
2,1.0,0.0,1.0,0.0,0,0.0,-1.0,0.7999999523162842,0.5,3
2,0.96595776,1.0,0.0,0.034042228,0,0.0,0.8927669525146484,0.0,0.0,0
2,1.0,0.0,1.0,0.0,0,0.0,-1.000851035118103,0.800000011920929,0.8,0
2,1.0,0.0,1.0,0.0,0,0.0,-1.0,0.9500000476837158,0.2,2
2,1.0,0.0,1.0,0.0,0,0.0,-1.0,0.925000011920929,0.3,2
2,0.91152036,0.3981582522392273,0.6018417477607727,0.088479616,1,0.0,-5.495666027069092,0.4768417477607727,0.5,2
2,1.0,0.0,1.0,0.0,0,0.0,-1.004423975944519,0.940000057220459,0.2,3
2,1.0,0.0,1.0,0.0,0,0.0,-1.0,0.7999999523162842,0.5,1
2,1.0,0.0,1.0,0.0,0,0.0,-1.0,0.925000011920929,0.3,3
2,1.0,0.0,1.0,0.0,0,0.0,-1.0,0.7599999904632568,0.8,3
2,1.0,0.0,1.0,0.0,0,0.0,-1.0,0.9500000476837158,0.2,0
2,0.9717833,0.12697537243366241,0.873024582862854,0.02821675,0,0.0,-0.8391644358634949,0.5530245900154114,0.8,0
2,0.85311943,0.6609624624252319,0.33903753757476807,0.14688055,1,0.0,-5.161370754241943,0.21403752267360687,0.5,2
2,0.99,0.044999998062849045,0.9549999833106995,0.010000001,0,1.0,-0.9493439793586731,0.5049999356269836,1.0,3
2,1.0,0.0,1.0,0.0,0,0.0,-1.000499963760376,0.9200000166893005,0.2,2
2,1.0,1.0,0.0,0.0,0,0.0,1.0,0.0,0.0,0
2,1.0,0.0,1.0,0.0,0,0.0,-1.0,0.875,0.5,3
2,0.99,0.044999998062849045,0.9549999833106995,0.010000001,0,1.0,-0.9429999589920044,0.5049999356269836,1.0,2
2,1.0,0.0,1.0,0.0,0,0.0,-1.000499963760376,0.875,0.5,2
2,0.99,0.044999998062849045,0.9549999833106995,0.010000001,0,1.0,-0.9429999589920044,0.8950000405311584,0.2,3
2,1.0,0.0,1.0,0.0,0,0.0,-1.000499963760376,0.6800000071525574,0.8,3
2,1.0,0.0,1.0,0.0,0,0.0,-1.0,0.875,0.5,2
2,1.0,1.0,0.0,0.0,0,0.0,1.0,0.0,0.0,0
2,1.0,1.0,0.0,0.0,0,0.0,1.0,0.0,0.0,0
2,1.0,0.0,1.0,0.0,0,0.0,-1.0,0.9500000476837158,0.2,3
2,1.0,0.0,1.0,0.0,0,0.0,-1.0,0.7999999523162842,0.5,0
2,1.0,0.0,1.0,0.0,0,0.0,-1.0,0.9099999666213989,0.3,3
2,1.0,0.0,1.0,0.0,0,0.0,-1.0,0.8500000238418579,0.5,1
2,0.9995077,0.002215155865997076,0.9977848529815674,0.0004922569,0,0.0,-0.9971941709518433,0.6777848601341248,0.8,1
2,0.99,0.044999998062849045,0.9549999833106995,0.010000001,0,1.0,-0.9429753422737122,0.9050000309944153,0.2,0
2,1.0,0.0,1.0,0.0,0,0.0,-1.000499963760376,0.800000011920929,0.8,0
2,1.0,1.0,0.0,0.0,0,0.0,1.0,0.0,0.0,0
2,1.0,1.0,0.0,0.0,0,0.0,1.0,0.0,0.0,0
2,1.0,0.0,1.0,0.0,0,0.0,-1.0,0.9500000476837158,0.2,1
2,1.0,0.0,1.0,0.0,0,0.0,-1.0,0.75,1.0,3
2,1.0,1.0,0.0,0.0,0,0.0,1.0,0.0,0.0,0
2,1.0,0.0,1.0,0.0,0,0.0,-1.0,0.5999999642372131,1.0,3
2,0.8,0.8999999761581421,0.10000002384185791,0.2,1,0.0,-4.8600006103515625,-0.19999998807907104,1.0,0
2,0.8,0.8999999761581421,0.1000000536441803,0.2,1,0.0,-4.850000381469727,-0.21999993920326233,0.8,3
2,0.99,0.044999998062849045,0.9549999833106995,0.010000001,0,1.0,-0.9519999623298645,0.8299999833106995,0.5,3
2,0.99,0.044999998062849045,0.9549999833106995,0.010000001,0,1.0,-0.9424999356269836,0.9050000309944153,0.2,3
2,0.98,1.0,0.0,0.020000001,0,1.0,0.9375,0.0,0.0,0
2,0.99,0.044999998062849045,0.9549999833106995,0.010000001,0,1.0,-0.9424999356269836,0.7549999952316284,0.5,1
2,0.9991277,0.003925519995391369,0.9960744380950928,0.00087233784,0,0.0,-0.9954403638839722,0.9210744500160217,0.3,3
2,0.98,1.0,0.0,0.020000001,0,1.0,0.9370436072349548,0.0,0.0,0
2,1.0,0.0,1.0,0.0,0,0.0,-1.000499963760376,0.9099999666213989,0.3,3
2,1.0,0.0,1.0,0.0,0,0.0,-1.0,0.9099999666213989,0.3,3
2,1.0,1.0,0.0,0.0,0,0.0,1.0,0.0,0.0,0
2,1.0,0.0,1.0,0.0,0,0.0,-1.0,0.550000011920929,1.0,1
2,1.0,0.0,1.0,0.0,0,0.0,-1.0,0.75,1.0,1
2,1.0,0.0,1.0,0.0,0,0.0,-1.0,0.9100000262260437,0.2,3
2,0.99268353,0.032924115657806396,0.9670758843421936,0.00731647,0,0.0,-0.9582961797714233,0.7170758247375488,1.0,3
2,1.0,0.0,1.0,0.0,0,0.0,-1.0003658533096313,0.925000011920929,0.3,0
2,1.0,0.0,1.0,0.0,0,0.0,-1.0,0.875,0.5,3
2,1.0,0.0,1.0,0.0,0,0.0,-1.0,0.7999999523162842,0.5,1
2,1.0,0.0,1.0,0.0,0,0.0,-1.0,0.7000000476837158,1.0,0
2,0.98,1.0,0.0,0.020000001,0,1.0,0.9369999766349792,0.0,0.0,0
2,1.0,0.0,1.0,0.0,0,0.0,-1.000499963760376,0.9099999666213989,0.3,1
2,0.99,0.044999998062849045,0.9549999833106995,0.010000001,0,1.0,-0.9429999589920044,0.8799999952316284,0.3,2
2,1.0,1.0,0.0,0.0,0,0.0,0.9994999766349792,0.0,0.0,0
2,1.0,1.0,0.0,0.0,0,0.0,1.0,0.0,0.0,0
2,1.0,1.0,0.0,0.0,0,0.0,1.0,0.0,0.0,0
2,0.99,0.044999998062849045,0.9549999833106995,0.010000001,0,1.0,-0.9429999589920044,0.7149999737739563,0.8,3
2,1.0,0.0,1.0,0.0,0,0.0,-1.000499963760376,0.7599999904632568,0.8,3
2,1.0,1.0,0.0,0.0,0,0.0,1.0,0.0,0.0,0
2,1.0,1.0,0.0,0.0,0,0.0,1.0,0.0,0.0,0
2,0.8,0.8999999761581421,0.10000002384185791,0.2,1,0.0,-4.8600006103515625,-0.02499997988343239,0.5,0
2,0.96,1.0,0.0,0.040000003,0,1.0,0.8659999966621399,0.0,0.0,0
2,0.96,1.0,0.0,0.040000003,0,1.0,0.875,0.0,0.0,0
2,0.8646635,0.6090144515037537,0.39098554849624634,0.13533655,1,0.0,-5.22758150100708,-0.059014469385147095,1.0,2
2,1.0,0.0,1.0,0.0,0,0.0,-1.0067667961120605,0.925000011920929,0.3,2
2,0.99,0.044999998062849045,0.9549999833106995,0.010000001,0,1.0,-0.9429999589920044,0.8299999833106995,0.5,0
2,1.0,0.0,1.0,0.0,0,0.0,-1.000499963760376,0.75,1.0,2
2,1.0,0.0,1.0,0.0,0,0.0,-1.0,0.7000000476837158,1.0,0
2,1.0,0.0,1.0,0.0,0,0.0,-1.0,0.7999999523162842,0.5,2
2,1.0,0.0,1.0,0.0,0,0.0,-1.0,0.6399999856948853,0.8,3
2,0.98,1.0,0.0,0.020000001,0,1.0,0.9369999766349792,0.0,0.0,0
2,1.0,0.0,1.0,0.0,0,0.0,-1.000499963760376,0.940000057220459,0.2,1
2,0.99,0.044999998062849045,0.9549999833106995,0.010000001,0,1.0,-0.9429999589920044,0.7549999952316284,0.8,1
2,1.0,0.0,1.0,0.0,0,0.0,-1.000499963760376,0.6399999856948853,0.8,1
2,0.98,1.0,0.0,0.020000001,0,1.0,0.9369999766349792,0.0,0.0,0
2,1.0,0.0,1.0,0.0,0,0.0,-1.000499963760376,0.9500000476837158,0.2,3
2,0.99,0.044999998062849045,0.9549999833106995,0.010000001,0,1.0,-0.9429999589920044,0.8649999499320984,0.3,2
2,0.99,0.044999998062849045,0.9549999833106995,0.010000001,0,1.0,-0.9424999356269836,0.6549999713897705,1.0,1
2,1.0,0.0,1.0,0.0,0,0.0,-1.000499963760376,0.5999999642372131,1.0,0
2,1.0,0.0,1.0,0.0,0,0.0,-1.0,0.800000011920929,0.8,0
2,0.99,0.044999998062849045,0.9549999833106995,0.010000001,0,1.0,-0.9429999589920044,0.5549999475479126,1.0,1
2,1.0,0.0,1.0,0.0,0,0.0,-1.000499963760376,0.940000057220459,0.2,0
2,0.99,0.044999998062849045,0.9549999833106995,0.010000001,0,1.0,-0.9429999589920044,0.9050000309944153,0.2,3
2,1.0,0.0,1.0,0.0,0,0.0,-1.000499963760376,0.75,1.0,0
2,0.98,1.0,0.0,0.020000001,0,1.0,0.9369999766349792,0.0,0.0,0
2,1.0,0.0,1.0,0.0,0,0.0,-1.000499963760376,0.7599999904632568,0.8,1
2,1.0,0.0,1.0,0.0,0,0.0,-1.0,0.800000011920929,0.8,0
2,0.8861415,0.5123632550239563,0.4876367449760437,0.11385851,1,0.0,-5.351006984710693,0.3976367115974426,0.3,0
2,1.0,1.0,0.0,0.0,0,0.0,0.9943071007728577,0.0,0.0,0
2,0.96,1.0,0.0,0.040000003,0,1.0,0.8740000128746033,0.0,0.0,0
2,1.0,0.0,1.0,0.0,0,0.0,-1.0010000467300415,0.7999999523162842,0.5,2
2,0.96,1.0,0.0,0.040000003,0,1.0,0.8740000128746033,0.0,0.0,0
2,1.0,0.0,1.0,0.0,0,0.0,-1.0010000467300415,0.875,0.5,0
2,1.0,0.0,1.0,0.0,0,0.0,-1.0,0.925000011920929,0.3,3
2,1.0,1.0,0.0,0.0,0,0.0,1.0,0.0,0.0,0
2,1.0,1.0,0.0,0.0,0,0.0,1.0,0.0,0.0,0
2,0.96,1.0,0.0,0.040000003,0,1.0,0.8740000128746033,0.0,0.0,0
2,1.0,0.0,1.0,0.0,0,0.0,-1.0010000467300415,0.800000011920929,0.8,3
2,1.0,0.0,1.0,0.0,0,0.0,-1.0,0.925000011920929,0.3,0
2,1.0,1.0,0.0,0.0,0,0.0,1.0,0.0,0.0,0
2,1.0,1.0,0.0,0.0,0,0.0,1.0,0.0,0.0,0
2,1.0,1.0,0.0,0.0,0,0.0,1.0,0.0,0.0,0
2,1.0,0.0,1.0,0.0,0,0.0,-1.0,0.8500000238418579,0.5,0
2,1.0,1.0,0.0,0.0,0,0.0,1.0,0.0,0.0,0
2,0.96,1.0,0.0,0.040000003,0,1.0,0.8740000128746033,0.0,0.0,0
2,0.91651756,0.37567099928855896,0.6243289709091187,0.083482444,1,0.0,-5.523150444030762,0.5743290185928345,0.2,0
2,0.98,1.0,0.0,0.020000001,0,1.0,0.9338258504867554,0.0,0.0,0
2,1.0,0.0,1.0,0.0,0,0.0,-1.000499963760376,0.75,1.0,3
2,0.99,0.044999998062849045,0.9549999833106995,0.010000001,0,1.0,-0.9429999589920044,0.7549999952316284,0.8,0
2,0.99,0.044999998062849045,0.9549999833106995,0.010000001,0,1.0,-0.9424999356269836,0.8299999833106995,0.5,1
2,1.0,0.0,1.0,0.0,0,0.0,-1.000499963760376,0.800000011920929,0.8,0
2,0.99,0.044999998062849045,0.9549999833106995,0.010000001,0,1.0,-0.9429999589920044,0.6349999904632568,0.8,0
2,0.99,0.044999998062849045,0.9549999833106995,0.010000001,0,1.0,-0.9424999356269836,0.7549999952316284,0.8,3
2,1.0,0.0,1.0,0.0,0,0.0,-1.000499963760376,0.9099999666213989,0.3,2
2,1.0,0.0,1.0,0.0,0,0.0,-1.0,0.9500000476837158,0.2,3
2,0.96061826,0.1772179752588272,0.822782039642334,0.039381772,0,0.0,-0.7755239009857178,0.5227820873260498,1.0,1
2,1.0,1.0,0.0,0.0,0,0.0,0.9980309009552002,0.0,0.0,0
2,0.9275043,0.3262307643890381,0.6737692356109619,0.07249573,1,0.0,-5.5867743492126465,0.5987692475318909,0.3,2
2,0.9909983,0.040507443249225616,0.959492564201355,0.009001655,0,0.0,-0.9514152407646179,0.8844925761222839,0.3,0
2,0.99,0.044999998062849045,0.9549999833106995,0.010000001,0,1.0,-0.9425498247146606,0.8950000405311584,0.2,2
2,1.0,0.0,1.0,0.0,0,0.0,-1.000499963760376,0.6800000071525574,0.8,3
2,1.0,1.0,0.0,0.0,0,0.0,1.0,0.0,0.0,0
2,0.99,0.044999998062849045,0.9549999833106995,0.010000001,0,1.0,-0.9429999589920044,0.6349999904632568,0.8,2
2,0.99,0.044999998062849045,0.9549999833106995,0.010000001,0,1.0,-0.9424999356269836,0.8050000071525574,0.5,3
2,1.0,0.0,1.0,0.0,0,0.0,-1.000499963760376,0.925000011920929,0.3,2
2,1.0,0.0,1.0,0.0,0,0.0,-1.0,0.9500000476837158,0.2,0
2,1.0,0.0,1.0,0.0,0,0.0,-1.0,0.9500000476837158,0.2,2
2,1.0,0.0,1.0,0.0,0,0.0,-1.0,0.9100000262260437,0.2,0
2,0.98,1.0,0.0,0.020000001,0,1.0,0.9369999766349792,0.0,0.0,0
2,0.99,0.044999998062849045,0.9549999833106995,0.010000001,0,1.0,-0.9424999356269836,0.7549999952316284,0.5,1
2,1.0,1.0,0.0,0.0,0,0.0,0.9994999766349792,0.0,0.0,0
2,1.0,1.0,0.0,0.0,0,0.0,1.0,0.0,0.0,0
2,0.8,0.8999999761581421,0.1000000536441803,0.2,1,0.0,-4.8600006103515625,-0.25999993085861206,0.8,1
2,0.99,0.044999998062849045,0.9549999833106995,0.010000001,0,1.0,-0.9519999623298645,0.9050000309944153,0.2,0
2,0.98,1.0,0.0,0.020000001,0,1.0,0.9375,0.0,0.0,0
2,0.98,1.0,0.0,0.020000001,0,1.0,0.9375,0.0,0.0,0
2,1.0,0.0,1.0,0.0,0,0.0,-1.000499963760376,0.925000011920929,0.3,2
2,1.0,1.0,0.0,0.0,0,0.0,1.0,0.0,0.0,0
2,1.0,0.0,1.0,0.0,0,0.0,-1.0,0.925000011920929,0.3,1
2,0.99,0.044999998062849045,0.9549999833106995,0.010000001,0,1.0,-0.9429999589920044,0.7300000190734863,0.5,1
2,1.0,0.0,1.0,0.0,0,0.0,-1.000499963760376,0.5999999642372131,1.0,1
2,1.0,0.0,1.0,0.0,0,0.0,-1.0,0.7000000476837158,1.0,1
2,1.0,0.0,1.0,0.0,0,0.0,-1.0,0.9200000166893005,0.2,2
2,0.8,0.8999999761581421,0.10000000149011612,0.2,1,0.0,-4.860000133514404,0.02499999850988388,0.3,2
2,0.99,0.044999998062849045,0.9549999833106995,0.010000001,0,1.0,-0.9519999623298645,0.8799999952316284,0.3,3
2,1.0,0.0,1.0,0.0,0,0.0,-1.000499963760376,0.75,1.0,1
2,1.0,0.0,1.0,0.0,0,0.0,-1.0,0.800000011920929,0.8,1
2,0.99,0.044999998062849045,0.9549999833106995,0.010000001,0,1.0,-0.9429999589920044,0.9050000309944153,0.2,3
2,1.0,0.0,1.0,0.0,0,0.0,-1.000499963760376,0.925000011920929,0.3,1
2,0.99,0.044999998062849045,0.9549999833106995,0.010000001,0,1.0,-0.9429999589920044,0.8299999833106995,0.5,1
2,0.98,1.0,0.0,0.020000001,0,1.0,0.9375,0.0,0.0,0
2,1.0,0.0,1.0,0.0,0,0.0,-1.000499963760376,0.7599999904632568,0.8,0
2,1.0,1.0,0.0,0.0,0,0.0,1.0,0.0,0.0,0
2,1.0,0.0,1.0,0.0,0,0.0,-1.0,0.940000057220459,0.2,1
2,1.0,0.0,1.0,0.0,0,0.0,-1.0,0.875,0.5,0
2,1.0,1.0,0.0,0.0,0,0.0,1.0,0.0,0.0,0
2,1.0,1.0,0.0,0.0,0,0.0,1.0,0.0,0.0,0
2,1.0,1.0,0.0,0.0,0,0.0,1.0,0.0,0.0,0
2,1.0,1.0,0.0,0.0,0,0.0,1.0,0.0,0.0,0
2,0.8,0.8999999761581421,0.1000000536441803,0.2,1,0.0,-4.8600006103515625,0.04000005125999451,0.2,3
2,1.0,1.0,0.0,0.0,0,0.0,0.9900000095367432,0.0,0.0,0
2,0.99,0.044999998062849045,0.9549999833106995,0.010000001,0,1.0,-0.9429999589920044,0.5949999690055847,0.8,2
2,1.0,0.0,1.0,0.0,0,0.0,-1.000499963760376,0.9500000476837158,0.2,2
