episode,service_quality,mitigation_efficiency,attack_leakage,collateral_damage,sla_violation,shield_repair,defender_reward,attacker_reward,attack_intensity,protocol
0,1.0,0.0,1.0,0.0,0,0.0,-1.0,0.875,0.5,2
0,0.9282575,0.32284101843833923,0.6771589517593384,0.07174245,1,0.0,-5.591068744659424,0.427158921957016,1.0,1
0,0.99,0.044999998062849045,0.9549999833106995,0.010000001,0,1.0,-0.9455870389938354,0.7549999952316284,0.8,2
0,1.0,0.0,1.0,0.0,0,0.0,-1.000499963760376,0.9500000476837158,0.2,1
0,1.0,0.0,1.0,0.0,0,0.0,-1.0,0.75,1.0,0
0,1.0,1.0,0.0,0.0,0,0.0,1.0,0.0,0.0,0
0,0.99,0.044999998062849045,0.9549999833106995,0.010000001,0,1.0,-0.9429999589920044,0.7549999952316284,0.8,3
0,1.0,0.0,1.0,0.0,0,0.0,-1.000499963760376,0.9099999666213989,0.3,2
0,1.0,0.0,1.0,0.0,0,0.0,-1.0,0.7000000476837158,1.0,0
0,0.99,0.044999998062849045,0.9549999833106995,0.010000001,0,1.0,-0.9429999589920044,0.9050000309944153,0.2,3
0,1.0,0.0,1.0,0.0,0,0.0,-1.000499963760376,0.9099999666213989,0.3,1
0,1.0,0.0,1.0,0.0,0,0.0,-1.0,0.925000011920929,0.3,3
0,1.0,1.0,0.0,0.0,0,0.0,1.0,0.0,0.0,0
0,0.98,1.0,0.0,0.020000001,0,1.0,0.9369999766349792,0.0,0.0,0
0,1.0,0.0,1.0,0.0,0,0.0,-1.000499963760376,0.9500000476837158,0.2,1
0,1.0,1.0,0.0,0.0,0,0.0,1.0,0.0,0.0,0
0,0.98,1.0,0.0,0.020000001,0,1.0,0.9369999766349792,0.0,0.0,0
0,1.0,0.0,1.0,0.0,0,0.0,-1.000499963760376,0.9100000262260437,0.2,0
0,0.98,1.0,0.0,0.020000001,0,1.0,0.9369999766349792,0.0,0.0,0
0,0.99,0.044999998062849045,0.9549999833106995,0.010000001,0,1.0,-0.9424999356269836,0.8299999833106995,0.5,2
0,0.96,1.0,0.0,0.040000003,0,1.0,0.8744999766349792,0.0,0.0,0
0,0.8,0.8999999761581421,0.10000000149011612,0.2,1,0.0,-4.858999729156494,0.02499999850988388,0.3,2
0,1.0,0.0,1.0,0.0,0,0.0,-1.0099999904632568,0.800000011920929,0.8,3
0,1.0,0.0,1.0,0.0,0,0.0,-1.0,0.5999999642372131,1.0,1
0,1.0,1.0,0.0,0.0,0,0.0,1.0,0.0,0.0,0
0,0.98,1.0,0.0,0.020000001,0,1.0,0.9369999766349792,0.0,0.0,0
0,0.99,0.044999998062849045,0.9549999833106995,0.010000001,0,1.0,-0.9424999356269836,0.8799999952316284,0.3,2
0,1.0,0.0,1.0,0.0,0,0.0,-1.000499963760376,0.9099999666213989,0.3,0
0,0.9961454,0.017345603555440903,0.9826543927192688,0.0038545788,0,0.0,-0.9780288338661194,0.9326544404029846,0.2,0
0,0.8,0.8999999761581421,0.1000000536441803,0.2,1,0.0,-4.85980749130249,0.05000005662441254,0.2,3
0,1.0,0.0,1.0,0.0,0,0.0,-1.0099999904632568,0.7599999904632568,0.8,1
0,1.0,0.0,1.0,0.0,0,0.0,-1.0,0.9099999666213989,0.3,2
0,0.98,1.0,0.0,0.020000001,0,1.0,0.9369999766349792,0.0,0.0,0
0,1.0,1.0,0.0,0.0,0,0.0,0.9994999766349792,0.0,0.0,0
0,1.0,0.0,1.0,0.0,0,0.0,-1.0,0.925000011920929,0.3,3
0,1.0,1.0,0.0,0.0,0,0.0,1.0,0.0,0.0,0
0,0.98,1.0,0.0,0.020000001,0,1.0,0.9369999766349792,0.0,0.0,0
0,0.99,0.044999998062849045,0.9549999833106995,0.010000001,0,1.0,-0.9424999356269836,0.9050000309944153,0.2,1
0,0.98,1.0,0.0,0.020000001,0,1.0,0.9375,0.0,0.0,0
0,0.99,0.044999998062849045,0.9549999833106995,0.010000001,0,1.0,-0.9424999356269836,0.5549999475479126,1.0,3
0,0.99,0.044999998062849045,0.9549999833106995,0.010000001,0,1.0,-0.9424999356269836,0.8799999952316284,0.3,0
0,1.0,0.0,1.0,0.0,0,0.0,-1.000499963760376,0.940000057220459,0.2,3
0,1.0,0.0,1.0,0.0,0,0.0,-1.0,0.925000011920929,0.3,1
0,0.99,0.044999998062849045,0.9549999833106995,0.010000001,0,1.0,-0.9429999589920044,0.7049999237060547,1.0,1
0,1.0,0.0,1.0,0.0,0,0.0,-1.000499963760376,0.925000011920929,0.3,1
0,1.0,0.0,1.0,0.0,0,0.0,-1.0,0.875,0.5,2
0,0.99,0.044999998062849045,0.9549999833106995,0.010000001,0,1.0,-0.9429999589920044,0.6349999904632568,0.8,0
0,0.8,0.8999999761581421,0.1000000536441803,0.2,1,0.0,-4.859500408172607,0.02000005915760994,0.2,0
0,0.99,0.044999998062849045,0.9549999833106995,0.010000001,0,1.0,-0.9519999623298645,0.7149999737739563,0.8,2
0,0.99,0.044999998062849045,0.9549999833106995,0.010000001,0,1.0,-0.9424999356269836,0.8649999499320984,0.3,0
0,1.0,0.0,1.0,0.0,0,0.0,-1.000499963760376,0.6800000071525574,0.8,2
0,1.0,0.0,1.0,0.0,0,0.0,-1.0,0.925000011920929,0.3,0
0,0.99,0.044999998062849045,0.9549999833106995,0.010000001,0,1.0,-0.9429999589920044,0.8799999952316284,0.3,3
0,1.0,1.0,0.0,0.0,0,0.0,0.9994999766349792,0.0,0.0,0
0,0.9952574,0.02134166657924652,0.9786583185195923,0.0047425926,0,0.0,-0.9729672074317932,0.6586583256721497,0.8,2
0,1.0,0.0,1.0,0.0,0,0.0,-1.0002371072769165,0.925000011920929,0.3,1
0,1.0,1.0,0.0,0.0,0,0.0,1.0,0.0,0.0,0
0,1.0,1.0,0.0,0.0,0,0.0,1.0,0.0,0.0,0
0,1.0,0.0,1.0,0.0,0,0.0,-1.0,0.875,0.5,2
0,1.0,1.0,0.0,0.0,0,0.0,1.0,0.0,0.0,0
0,1.0,0.0,1.0,0.0,0,0.0,-1.0,0.940000057220459,0.2,0
0,0.9422616,0.2598230242729187,0.7401769757270813,0.057738453,1,0.0,-5.670890808105469,0.6801770329475403,0.2,1
0,0.98,1.0,0.0,0.020000001,0,1.0,0.9351130723953247,0.0,0.0,0
0,1.0,0.0,1.0,0.0,0,0.0,-1.000499963760376,0.800000011920929,0.8,1
0,1.0,0.0,1.0,0.0,0,0.0,-1.0,0.940000057220459,0.2,0
0,0.99,0.044999998062849045,0.9549999833106995,0.010000001,0,1.0,-0.9429999589920044,0.9050000309944153,0.2,0
0,1.0,1.0,0.0,0.0,0,0.0,0.9994999766349792,0.0,0.0,0
0,0.99,0.044999998062849045,0.9549999833106995,0.010000001,0,1.0,-0.9429999589920044,0.8799999952316284,0.3,1
0,0.99,0.044999998062849045,0.9549999833106995,0.010000001,0,1.0,-0.9424999356269836,0.8649999499320984,0.3,0
0,1.0,0.0,1.0,0.0,0,0.0,-1.000499963760376,0.7000000476837158,1.0,1
0,1.0,0.0,1.0,0.0,0,0.0,-1.0,0.6399999856948853,0.8,2
0,1.0,1.0,0.0,0.0,0,0.0,1.0,0.0,0.0,0
0,0.98,1.0,0.0,0.020000001,0,1.0,0.9369999766349792,0.0,0.0,0
0,1.0,1.0,0.0,0.0,0,0.0,0.9994999766349792,0.0,0.0,0
0,1.0,0.0,1.0,0.0,0,0.0,-1.0,0.6800000071525574,0.8,1
0,1.0,0.0,1.0,0.0,0,0.0,-1.0,0.550000011920929,1.0,2
0,0.9870268,0.05837945640087128,0.9416205286979675,0.012973214,0,0.0,-0.9260526895523071,0.8666205406188965,0.3,3
0,1.0,1.0,0.0,0.0,0,0.0,0.9993513226509094,0.0,0.0,0
0,0.98229676,1.0,0.0,0.017703211,0,0.0,0.9442349076271057,0.0,0.0,0
0,1.0,0.0,1.0,0.0,0,0.0,-1.000442624092102,0.550000011920929,1.0,1
0,1.0,0.0,1.0,0.0,0,0.0,-1.0,0.550000011920929,1.0,3
0,1.0,0.0,1.0,0.0,0,0.0,-1.0,0.7599999904632568,0.8,1
0,1.0,0.0,1.0,0.0,0,0.0,-1.0,0.875,0.5,2
0,1.0,0.0,1.0,0.0,0,0.0,-1.0,0.5999999642372131,1.0,0
0,1.0,0.0,1.0,0.0,0,0.0,-1.0,0.9099999666213989,0.3,2
0,1.0,1.0,0.0,0.0,0,0.0,1.0,0.0,0.0,0
0,1.0,0.0,1.0,0.0,0,0.0,-1.0,0.800000011920929,0.8,2
0,0.8,0.8999999761581421,0.1000000536441803,0.2,1,0.0,-4.8600006103515625,0.04000005125999451,0.2,2
0,1.0,0.0,1.0,0.0,0,0.0,-1.0099999904632568,0.75,1.0,3
0,1.0,1.0,0.0,0.0,0,0.0,1.0,0.0,0.0,0
0,1.0,1.0,0.0,0.0,0,0.0,1.0,0.0,0.0,0
0,0.8,0.8999999761581421,0.10000000149011612,0.2,1,0.0,-4.860000133514404,0.009999997913837433,0.3,2
0,0.99,0.044999998062849045,0.9549999833106995,0.010000001,0,1.0,-0.9519999623298645,0.8649999499320984,0.3,2
0,1.0,1.0,0.0,0.0,0,0.0,0.9994999766349792,0.0,0.0,0
0,1.0,1.0,0.0,0.0,0,0.0,1.0,0.0,0.0,0
0,1.0,1.0,0.0,0.0,0,0.0,1.0,0.0,0.0,0
0,0.99,0.044999998062849045,0.9549999833106995,0.010000001,0,1.0,-0.9429999589920044,0.8649999499320984,0.3,1
0,1.0,0.0,1.0,0.0,0,0.0,-1.000499963760376,0.925000011920929,0.3,1
0,1.0,1.0,0.0,0.0,0,0.0,1.0,0.0,0.0,0
0,1.0,0.0,1.0,0.0,0,0.0,-1.0,0.6399999856948853,0.8,1
0,1.0,0.0,1.0,0.0,0,0.0,-1.0,0.7000000476837158,1.0,1
0,0.99,0.044999998062849045,0.9549999833106995,0.010000001,0,1.0,-0.9429999589920044,0.8799999952316284,0.3,2
0,0.99,0.044999998062849045,0.9549999833106995,0.010000001,0,1.0,-0.9424999356269836,0.8299999833106995,0.5,1
0,1.0,0.0,1.0,0.0,0,0.0,-1.000499963760376,0.800000011920929,0.8,3
0,0.99,0.044999998062849045,0.9549999833106995,0.010000001,0,1.0,-0.9429999589920044,0.9050000309944153,0.2,2
0,0.98,1.0,0.0,0.020000001,0,1.0,0.9375,0.0,0.0,0
0,1.0,0.0,1.0,0.0,0,0.0,-1.000499963760376,0.925000011920929,0.3,2
0,1.0,1.0,0.0,0.0,0,0.0,1.0,0.0,0.0,0
0,0.99,0.044999998062849045,0.9549999833106995,0.010000001,0,1.0,-0.9429999589920044,0.8050000071525574,0.5,1
0,1.0,0.0,1.0,0.0,0,0.0,-1.000499963760376,0.800000011920929,0.8,1
0,1.0,1.0,0.0,0.0,0,0.0,1.0,0.0,0.0,0
0,1.0,1.0,0.0,0.0,0,0.0,1.0,0.0,0.0,0
0,1.0,1.0,0.0,0.0,0,0.0,1.0,0.0,0.0,0
0,0.9178862,0.36951202154159546,0.6304879784584045,0.08211379,1,0.0,-5.531950950622559,0.1804879605770111,1.0,3
0,1.0,0.0,1.0,0.0,0,0.0,-1.0041056871414185,0.7749999761581421,0.5,2
0,0.99,0.044999998062849045,0.9549999833106995,0.010000001,0,1.0,-0.9429999589920044,0.8649999499320984,0.3,0
0,1.0,1.0,0.0,0.0,0,0.0,0.9994999766349792,0.0,0.0,0
0,1.0,1.0,0.0,0.0,0,0.0,1.0,0.0,0.0,0
0,1.0,0.0,1.0,0.0,0,0.0,-1.0,0.925000011920929,0.3,2
0,0.8230532,0.7962605953216553,0.20373940467834473,0.1769468,1,0.0,-4.991403102874756,0.14373940229415894,0.2,3
0,1.0,1.0,0.0,0.0,0,0.0,0.9911526441574097,0.0,0.0,0
0,0.99,0.044999998062849045,0.9549999833106995,0.010000001,0,1.0,-0.9429999589920044,0.8050000071525574,0.5,1
0,0.99,0.044999998062849045,0.9549999833106995,0.010000001,0,1.0,-0.9424999356269836,0.6349999904632568,0.8,1
0,0.98,1.0,0.0,0.020000001,0,1.0,0.9375,0.0,0.0,0
0,1.0,0.0,1.0,0.0,0,0.0,-1.000499963760376,0.9100000262260437,0.2,1
0,1.0,0.0,1.0,0.0,0,0.0,-1.0,0.925000011920929,0.3,2
0,1.0,1.0,0.0,0.0,0,0.0,1.0,0.0,0.0,0
0,1.0,1.0,0.0,0.0,0,0.0,1.0,0.0,0.0,0
0,1.0,0.0,1.0,0.0,0,0.0,-1.0,0.925000011920929,0.3,2
0,1.0,1.0,0.0,0.0,0,0.0,1.0,0.0,0.0,0
0,1.0,1.0,0.0,0.0,0,0.0,1.0,0.0,0.0,0
0,1.0,1.0,0.0,0.0,0,0.0,1.0,0.0,0.0,0
0,0.99,0.044999998062849045,0.9549999833106995,0.010000001,0,1.0,-0.9429999589920044,0.7549999952316284,0.5,3
0,1.0,1.0,0.0,0.0,0,0.0,0.9994999766349792,0.0,0.0,0
0,1.0,1.0,0.0,0.0,0,0.0,1.0,0.0,0.0,0
0,0.98,1.0,0.0,0.020000001,0,1.0,0.9369999766349792,0.0,0.0,0
0,0.9900166,0.04492533579468727,0.955074667930603,0.009983408,0,0.0,-0.9425962567329407,0.830074667930603,0.5,0
0,1.0,1.0,0.0,0.0,0,0.0,0.9995008111000061,0.0,0.0,0
0,1.0,1.0,0.0,0.0,0,0.0,1.0,0.0,0.0,0
0,1.0,0.0,1.0,0.0,0,0.0,-1.0,0.9500000476837158,0.2,0
0,1.0,0.0,1.0,0.0,0,0.0,-1.0,0.940000057220459,0.2,2
0,1.0,0.0,1.0,0.0,0,0.0,-1.0,0.75,1.0,0
0,1.0,0.0,1.0,0.0,0,0.0,-1.0,0.940000057220459,0.2,2
0,0.8,0.8999999761581421,0.1000000536441803,0.2,1,0.0,-4.8600006103515625,0.05000005662441254,0.2,0
0,1.0,0.0,1.0,0.0,0,0.0,-1.0099999904632568,0.9200000166893005,0.2,2
0,1.0,0.0,1.0,0.0,0,0.0,-1.0,0.800000011920929,0.8,1
0,1.0,0.0,1.0,0.0,0,0.0,-1.0,0.875,0.5,2
0,1.0,0.0,1.0,0.0,0,0.0,-1.0,0.6800000071525574,0.8,2
0,1.0,1.0,0.0,0.0,0,0.0,1.0,0.0,0.0,0
0,0.90765953,0.4155321419239044,0.584467887878418,0.09234048,1,0.0,-5.473659515380859,0.4344679117202759,0.5,1
0,0.98,1.0,0.0,0.020000001,0,1.0,0.9333829879760742,0.0,0.0,0
0,1.0,0.0,1.0,0.0,0,0.0,-1.000499963760376,0.7000000476837158,1.0,3
0,1.0,0.0,1.0,0.0,0,0.0,-1.0,0.7000000476837158,1.0,1
0,1.0,0.0,1.0,0.0,0,0.0,-1.0,0.550000011920929,1.0,1
0,1.0,1.0,0.0,0.0,0,0.0,1.0,0.0,0.0,0
0,1.0,0.0,1.0,0.0,0,0.0,-1.0,0.875,0.5,1
0,1.0,0.0,1.0,0.0,0,0.0,-1.0,0.7999999523162842,0.5,2
0,0.98,1.0,0.0,0.020000001,0,1.0,0.9369999766349792,0.0,0.0,0
0,1.0,0.0,1.0,0.0,0,0.0,-1.000499963760376,0.9200000166893005,0.2,3
0,0.98,1.0,0.0,0.020000001,0,1.0,0.9369999766349792,0.0,0.0,0
0,0.99,0.044999998062849045,0.9549999833106995,0.010000001,0,1.0,-0.9424999356269836,0.7549999952316284,0.8,2
0,1.0,0.0,1.0,0.0,0,0.0,-1.000499963760376,0.925000011920929,0.3,2
0,0.99,0.044999998062849045,0.9549999833106995,0.010000001,0,1.0,-0.9429999589920044,0.7049999237060547,1.0,2
0,1.0,0.0,1.0,0.0,0,0.0,-1.000499963760376,0.9099999666213989,0.3,2
0,1.0,0.0,1.0,0.0,0,0.0,-1.0,0.5999999642372131,1.0,0
0,1.0,0.0,1.0,0.0,0,0.0,-1.0,0.7999999523162842,0.5,3
0,0.99,0.044999998062849045,0.9549999833106995,0.010000001,0,1.0,-0.9429999589920044,0.5949999690055847,0.8,0
0,1.0,0.0,1.0,0.0,0,0.0,-1.000499963760376,0.7599999904632568,0.8,0
0,1.0,0.0,1.0,0.0,0,0.0,-1.0,0.875,0.5,3
0,1.0,0.0,1.0,0.0,0,0.0,-1.0,0.800000011920929,0.8,2
0,0.9715231,0.12814606726169586,0.8718539476394653,0.028476907,0,0.0,-0.8376816511154175,0.7918539643287659,0.2,0
0,1.0,1.0,0.0,0.0,0,0.0,0.9985761642456055,0.0,0.0,0
0,1.0,0.0,1.0,0.0,0,0.0,-1.0,0.800000011920929,0.8,0
0,1.0,0.0,1.0,0.0,0,0.0,-1.0,0.5999999642372131,1.0,1
0,0.9391205,0.27395787835121155,0.7260421514511108,0.06087953,1,0.0,-5.652986526489258,0.326042115688324,1.0,3
0,0.98097456,1.0,0.0,0.01902547,0,0.0,0.9379770755767822,0.0,0.0,0
0,0.9776265,0.10068070888519287,0.8993192911148071,0.022373492,0,0.0,-0.8719954490661621,0.8393193483352661,0.2,2
0,0.8,0.8999999761581421,0.1000000536441803,0.2,1,0.0,-4.85888147354126,-0.21999993920326233,0.8,1
0,1.0,0.0,1.0,0.0,0,0.0,-1.0099999904632568,0.925000011920929,0.3,3
0,1.0,0.0,1.0,0.0,0,0.0,-1.0,0.9200000166893005,0.2,2
0,1.0,0.0,1.0,0.0,0,0.0,-1.0,0.875,0.5,2
0,1.0,0.0,1.0,0.0,0,0.0,-1.0,0.940000057220459,0.2,3
0,0.99,0.044999998062849045,0.9549999833106995,0.010000001,0,1.0,-0.9429999589920044,0.5049999356269836,1.0,1
0,0.99,0.044999998062849045,0.9549999833106995,0.010000001,0,1.0,-0.9424999356269836,0.8650000095367432,0.2,0
0,1.0,0.0,1.0,0.0,0,0.0,-1.000499963760376,0.8500000238418579,0.5,3
0,1.0,0.0,1.0,0.0,0,0.0,-1.0,0.800000011920929,0.8,3
0,1.0,0.0,1.0,0.0,0,0.0,-1.0,0.925000011920929,0.3,3
0,1.0,1.0,0.0,0.0,0,0.0,1.0,0.0,0.0,0
0,1.0,0.0,1.0,0.0,0,0.0,-1.0,0.875,0.5,2
0,1.0,0.0,1.0,0.0,0,0.0,-1.0,0.5999999642372131,1.0,1
0,1.0,0.0,1.0,0.0,0,0.0,-1.0,0.875,0.5,0
0,1.0,0.0,1.0,0.0,0,0.0,-1.0,0.9100000262260437,0.2,2
0,1.0,0.0,1.0,0.0,0,0.0,-1.0,0.6800000071525574,0.8,2
0,1.0,0.0,1.0,0.0,0,0.0,-1.0,0.7749999761581421,0.5,0
0,0.98,1.0,0.0,0.020000001,0,1.0,0.9369999766349792,0.0,0.0,0
0,1.0,1.0,0.0,0.0,0,0.0,0.9994999766349792,0.0,0.0,0
0,1.0,0.0,1.0,0.0,0,0.0,-1.0,0.800000011920929,0.8,3
0,1.0,0.0,1.0,0.0,0,0.0,-1.0,0.8500000238418579,0.5,1
0,1.0,0.0,1.0,0.0,0,0.0,-1.0,0.9500000476837158,0.2,3
0,1.0,1.0,0.0,0.0,0,0.0,1.0,0.0,0.0,0
0,0.898286,0.45771312713623047,0.5422868728637695,0.10171403,1,0.0,-5.420229911804199,0.30228686332702637,0.8,0
0,1.0,0.0,1.0,0.0,0,0.0,-1.0050857067108154,0.875,0.5,2
0,1.0,0.0,1.0,0.0,0,0.0,-1.0,0.9500000476837158,0.2,0
0,0.8098161,0.855827271938324,0.14417272806167603,0.19018385,1,0.0,-4.915951728820801,0.019172728061676025,0.5,3
0,0.99,0.044999998062849045,0.9549999833106995,0.010000001,0,1.0,-0.9515091180801392,0.7149999737739563,0.8,2
0,0.98,1.0,0.0,0.020000001,0,1.0,0.9375,0.0,0.0,0
0,0.99,0.044999998062849045,0.9549999833106995,0.010000001,0,1.0,-0.9424999356269836,0.9050000309944153,0.2,0
0,0.99,0.044999998062849045,0.9549999833106995,0.010000001,0,1.0,-0.9424999356269836,0.7549999952316284,0.8,1
0,1.0,0.0,1.0,0.0,0,0.0,-1.000499963760376,0.875,0.5,2
0,0.98,1.0,0.0,0.020000001,0,1.0,0.9369999766349792,0.0,0.0,0
0,1.0,0.0,1.0,0.0,0,0.0,-1.000499963760376,0.925000011920929,0.3,2
0,1.0,0.0,1.0,0.0,0,0.0,-1.0,0.7749999761581421,0.5,3
0,1.0,1.0,0.0,0.0,0,0.0,1.0,0.0,0.0,0
0,1.0,1.0,0.0,0.0,0,0.0,1.0,0.0,0.0,0
0,1.0,0.0,1.0,0.0,0,0.0,-1.0,0.875,0.5,0
0,1.0,1.0,0.0,0.0,0,0.0,1.0,0.0,0.0,0
0,1.0,0.0,1.0,0.0,0,0.0,-1.0,0.75,1.0,0
0,1.0,0.0,1.0,0.0,0,0.0,-1.0,0.925000011920929,0.3,0
0,1.0,0.0,1.0,0.0,0,0.0,-1.0,0.925000011920929,0.3,0
0,1.0,0.0,1.0,0.0,0,0.0,-1.0,0.875,0.5,0
0,0.99,0.044999998062849045,0.9549999833106995,0.010000001,0,1.0,-0.9429999589920044,0.5549999475479126,1.0,0
0,1.0,0.0,1.0,0.0,0,0.0,-1.000499963760376,0.800000011920929,0.8,2
0,1.0,1.0,0.0,0.0,0,0.0,1.0,0.0,0.0,0
0,1.0,0.0,1.0,0.0,0,0.0,-1.0,0.940000057220459,0.2,0
0,1.0,0.0,1.0,0.0,0,0.0,-1.0,0.940000057220459,0.2,3
0,1.0,0.0,1.0,0.0,0,0.0,-1.0,0.800000011920929,0.8,3
0,1.0,0.0,1.0,0.0,0,0.0,-1.0,0.925000011920929,0.3,2
0,0.92890126,0.3199443817138672,0.6800556182861328,0.07109875,1,0.0,-5.5947370529174805,0.44005560874938965,0.8,2
0,0.98,1.0,0.0,0.020000001,0,1.0,0.9344450831413269,0.0,0.0,0
0,1.0,0.0,1.0,0.0,0,0.0,-1.000499963760376,0.6800000071525574,0.8,0
0,0.9829989,0.07650493830442429,0.9234950542449951,0.017001098,0,0.0,-0.9030937552452087,0.7234950065612793,0.5,1
0,1.0,0.0,1.0,0.0,0,0.0,-1.0008500814437866,0.5999999642372131,1.0,0
0,1.0,1.0,0.0,0.0,0,0.0,1.0,0.0,0.0,0
0,1.0,0.0,1.0,0.0,0,0.0,-1.0,0.925000011920929,0.3,3
0,0.96,1.0,0.0,0.040000003,0,1.0,0.8740000128746033,0.0,0.0,0
0,0.85323,0.660464882850647,0.339535117149353,0.14676999,1,0.0,-5.162411212921143,0.08953511714935303,1.0,0
0,0.99,0.044999998062849045,0.9549999833106995,0.010000001,0,1.0,-0.949338436126709,0.6349999904632568,0.8,0
0,0.99,0.044999998062849045,0.9549999833106995,0.010000001,0,1.0,-0.9424999356269836,0.8299999833106995,0.5,1
0,0.99,0.044999998062849045,0.9549999833106995,0.010000001,0,1.0,-0.9424999356269836,0.7549999952316284,0.5,1
0,1.0,1.0,0.0,0.0,0,0.0,0.9994999766349792,0.0,0.0,0
0,1.0,0.0,1.0,0.0,0,0.0,-1.0,0.9500000476837158,0.2,1
0,1.0,0.0,1.0,0.0,0,0.0,-1.0,0.875,0.5,2
0,1.0,0.0,1.0,0.0,0,0.0,-1.0,0.940000057220459,0.2,2
0,0.99,0.044999998062849045,0.9549999833106995,0.010000001,0,1.0,-0.9429999589920044,0.9050000309944153,0.2,0
0,1.0,0.0,1.0,0.0,0,0.0,-1.000499963760376,0.5999999642372131,1.0,2
0,1.0,0.0,1.0,0.0,0,0.0,-1.0,0.8500000238418579,0.5,3
0,1.0,0.0,1.0,0.0,0,0.0,-1.0,0.8500000238418579,0.5,0
0,1.0,0.0,1.0,0.0,0,0.0,-1.0,0.800000011920929,0.8,2
0,0.99,0.044999998062849045,0.9549999833106995,0.010000001,0,1.0,-0.9429999589920044,0.7549999952316284,0.5,3
0,1.0,1.0,0.0,0.0,0,0.0,0.9994999766349792,0.0,0.0,0
0,0.98,1.0,0.0,0.020000001,0,1.0,0.9369999766349792,0.0,0.0,0
0,1.0,0.0,1.0,0.0,0,0.0,-1.000499963760376,0.8500000238418579,0.5,1
0,1.0,0.0,1.0,0.0,0,0.0,-1.0,0.75,1.0,0
0,0.86880857,0.5903613567352295,0.4096386432647705,0.13119142,1,0.0,-5.252208709716797,0.3496386408805847,0.2,1
0,0.99,0.044999998062849045,0.9549999833106995,0.010000001,0,1.0,-0.9485595226287842,0.7549999952316284,0.8,2
0,0.99,0.044999998062849045,0.9549999833106995,0.010000001,0,1.0,-0.9424999356269836,0.5949999690055847,0.8,0
0,1.0,1.0,0.0,0.0,0,0.0,0.9994999766349792,0.0,0.0,0
0,0.99,0.044999998062849045,0.9549999833106995,0.010000001,0,1.0,-0.9429999589920044,0.8799999952316284,0.3,0
0,1.0,0.0,1.0,0.0,0,0.0,-1.000499963760376,0.925000011920929,0.3,2
0,0.99,0.044999998062849045,0.9549999833106995,0.010000001,0,1.0,-0.9429999589920044,0.5049999356269836,1.0,2
0,1.0,0.0,1.0,0.0,0,0.0,-1.000499963760376,0.9500000476837158,0.2,1
0,0.9379097,0.27940633893013,0.7205936312675476,0.062090304,1,0.0,-5.646085739135742,0.6305935978889465,0.3,1
0,1.0,0.0,1.0,0.0,0,0.0,-1.003104567527771,0.925000011920929,0.3,1
0,1.0,0.0,1.0,0.0,0,0.0,-1.0,0.7599999904632568,0.8,1
0,1.0,1.0,0.0,0.0,0,0.0,1.0,0.0,0.0,0
0,1.0,0.0,1.0,0.0,0,0.0,-1.0,0.7999999523162842,0.5,1
0,0.99,0.044999998062849045,0.9549999833106995,0.010000001,0,1.0,-0.9429999589920044,0.8299999833106995,0.5,0
0,0.99923724,0.003432369325309992,0.9965676665306091,0.0007627487,0,0.0,-0.9960761666297913,0.946567714214325,0.2,2
0,0.99,0.044999998062849045,0.9549999833106995,0.010000001,0,1.0,-0.9429618120193481,0.8950000405311584,0.2,2
0,1.0,0.0,1.0,0.0,0,0.0,-1.000499963760376,0.9099999666213989,0.3,3
0,0.99,0.044999998062849045,0.9549999833106995,0.010000001,0,1.0,-0.9429999589920044,0.8799999952316284,0.3,0
0,1.0,1.0,0.0,0.0,0,0.0,0.9994999766349792,0.0,0.0,0
0,0.99,0.044999998062849045,0.9549999833106995,0.010000001,0,1.0,-0.9429999589920044,0.9050000309944153,0.2,1
0,0.98,1.0,0.0,0.020000001,0,1.0,0.9375,0.0,0.0,0
0,1.0,1.0,0.0,0.0,0,0.0,0.9994999766349792,0.0,0.0,0
0,0.9915513,1.0,0.0,0.008448708,0,0.0,0.9733865261077881,0.0,0.0,0
0,0.98,1.0,0.0,0.020000001,0,1.0,0.9372112154960632,0.0,0.0,0
0,0.99,0.044999998062849045,0.9549999833106995,0.010000001,0,1.0,-0.9424999356269836,0.7549999952316284,0.8,3
0,0.99,0.044999998062849045,0.9549999833106995,0.010000001,0,1.0,-0.9424999356269836,0.8799999952316284,0.3,2
0,0.9931662,1.0,0.0,0.0068337917,0,0.0,0.9783152341842651,0.0,0.0,0
0,0.9336201,0.2987096905708313,0.7012903094291687,0.066379935,1,0.0,-5.621463775634766,0.4512902796268463,1.0,3
0,1.0,0.0,1.0,0.0,0,0.0,-1.0033190250396729,0.6800000071525574,0.8,1
0,1.0,0.0,1.0,0.0,0,0.0,-1.0,0.9500000476837158,0.2,2
0,0.98,1.0,0.0,0.020000001,0,1.0,0.9369999766349792,0.0,0.0,0
0,1.0,1.0,0.0,0.0,0,0.0,0.9994999766349792,0.0,0.0,0
0,0.99,0.044999998062849045,0.9549999833106995,0.010000001,0,1.0,-0.9429999589920044,0.7549999952316284,0.5,0
0,1.0,1.0,0.0,0.0,0,0.0,0.9994999766349792,0.0,0.0,0
0,0.8298383,0.7657278180122375,0.23427218198776245,0.17016175,1,0.0,-5.030078411102295,0.1842721849679947,0.2,0
0,1.0,0.0,1.0,0.0,0,0.0,-1.0085080862045288,0.75,1.0,1
0,1.0,0.0,1.0,0.0,0,0.0,-1.0,0.925000011920929,0.3,1
0,1.0,1.0,0.0,0.0,0,0.0,1.0,0.0,0.0,0
0,0.98,1.0,0.0,0.020000001,0,1.0,0.9369999766349792,0.0,0.0,0
0,1.0,1.0,0.0,0.0,0,0.0,0.9994999766349792,0.0,0.0,0
0,0.99,0.044999998062849045,0.9549999833106995,0.010000001,0,1.0,-0.9429999589920044,0.7549999952316284,0.5,3
0,1.0,0.0,1.0,0.0,0,0.0,-1.000499963760376,0.940000057220459,0.2,1
0,0.98,1.0,0.0,0.020000001,0,1.0,0.9369999766349792,0.0,0.0,0
0,1.0,0.0,1.0,0.0,0,0.0,-1.000499963760376,0.5999999642372131,1.0,3
0,1.0,0.0,1.0,0.0,0,0.0,-1.0,0.6399999856948853,0.8,1
0,1.0,1.0,0.0,0.0,0,0.0,1.0,0.0,0.0,0
0,0.98,1.0,0.0,0.020000001,0,1.0,0.9369999766349792,0.0,0.0,0
0,1.0,0.0,1.0,0.0,0,0.0,-1.000499963760376,0.925000011920929,0.3,3
0,1.0,0.0,1.0,0.0,0,0.0,-1.0,0.9500000476837158,0.2,2
0,0.99,0.044999998062849045,0.9549999833106995,0.010000001,0,1.0,-0.9429999589920044,0.8050000071525574,0.5,2
0,0.99,0.044999998062849045,0.9549999833106995,0.010000001,0,1.0,-0.9424999356269836,0.7049999237060547,1.0,3
0,1.0,0.0,1.0,0.0,0,0.0,-1.000499963760376,0.940000057220459,0.2,3
0,1.0,0.0,1.0,0.0,0,0.0,-1.0,0.9099999666213989,0.3,2
0,1.0,0.0,1.0,0.0,0,0.0,-1.0,0.9200000166893005,0.2,2
0,0.96,1.0,0.0,0.040000003,0,1.0,0.8740000128746033,0.0,0.0,0
0,1.0,0.0,1.0,0.0,0,0.0,-1.0010000467300415,0.9099999666213989,0.3,0
0,0.96,1.0,0.0,0.040000003,0,1.0,0.8740000128746033,0.0,0.0,0
0,0.8,0.8999999761581421,0.10000000149011612,0.2,1,0.0,-4.858999729156494,0.009999997913837433,0.3,2
0,1.0,0.0,1.0,0.0,0,0.0,-1.0099999904632568,0.925000011920929,0.3,1
0,1.0,0.0,1.0,0.0,0,0.0,-1.0,0.9099999666213989,0.3,2
0,1.0,0.0,1.0,0.0,0,0.0,-1.0,0.9500000476837158,0.2,2
0,1.0,0.0,1.0,0.0,0,0.0,-1.0,0.75,1.0,2
0,0.96,1.0,0.0,0.040000003,0,1.0,0.8740000128746033,0.0,0.0,0
0,0.96,1.0,0.0,0.040000003,0,1.0,0.875,0.0,0.0,0
0,0.83959293,0.721831738948822,0.2781682312488556,0.16040705,1,0.0,-5.08467960357666,-0.041831761598587036,0.8,2
0,1.0,0.0,1.0,0.0,0,0.0,-1.0080204010009766,0.9500000476837158,0.2,2
0,1.0,0.0,1.0,0.0,0,0.0,-1.0,0.9500000476837158,0.2,2
0,1.0,0.0,1.0,0.0,0,0.0,-1.0,0.9200000166893005,0.2,3
0,0.99,0.044999998062849045,0.9549999833106995,0.010000001,0,1.0,-0.9429999589920044,0.8799999952316284,0.3,3
0,0.99,0.044999998062849045,0.9549999833106995,0.010000001,0,1.0,-0.9424999356269836,0.8799999952316284,0.3,2
0,1.0,0.0,1.0,0.0,0,0.0,-1.000499963760376,0.75,1.0,1
0,1.0,0.0,1.0,0.0,0,0.0,-1.0,0.7000000476837158,1.0,1
0,1.0,0.0,1.0,0.0,0,0.0,-1.0,0.925000011920929,0.3,3
0,1.0,0.0,1.0,0.0,0,0.0,-1.0,0.7999999523162842,0.5,2
0,1.0,0.0,1.0,0.0,0,0.0,-1.0,0.7000000476837158,1.0,1
0,1.0,0.0,1.0,0.0,0,0.0,-1.0,0.9500000476837158,0.2,0
0,1.0,0.0,1.0,0.0,0,0.0,-1.0,0.6800000071525574,0.8,2
0,1.0,0.0,1.0,0.0,0,0.0,-1.0,0.9200000166893005,0.2,2
0,1.0,0.0,1.0,0.0,0,0.0,-1.0,0.9200000166893005,0.2,1
0,0.99,0.044999998062849045,0.9549999833106995,0.010000001,0,1.0,-0.9429999589920044,0.6349999904632568,0.8,3
0,1.0,0.0,1.0,0.0,0,0.0,-1.000499963760376,0.925000011920929,0.3,3
0,0.98,1.0,0.0,0.020000001,0,1.0,0.9369999766349792,0.0,0.0,0
0,1.0,1.0,0.0,0.0,0,0.0,0.9994999766349792,0.0,0.0,0
0,0.98008716,0.08960771560668945,0.9103923439979553,0.019912828,0,0.0,-0.8864970207214355,0.8603923916816711,0.2,2
0,1.0,1.0,0.0,0.0,0,0.0,0.9990043640136719,0.0,0.0,0
0,0.96,1.0,0.0,0.040000003,0,1.0,0.8740000128746033,0.0,0.0,0
0,1.0,0.0,1.0,0.0,0,0.0,-1.0010000467300415,0.800000011920929,0.8,3
0,1.0,0.0,1.0,0.0,0,0.0,-1.0,0.75,1.0,2
0,0.96,1.0,0.0,0.040000003,0,1.0,0.8740000128746033,0.0,0.0,0
0,0.8,0.8999999761581421,0.1000000536441803,0.2,1,0.0,-4.859000205993652,0.04000005125999451,0.2,3
0,0.8,0.8999999761581421,0.1000000536441803,0.2,1,0.0,-4.850000381469727,-0.09999994188547134,0.8,0
0,1.0,0.0,1.0,0.0,0,0.0,-1.0099999904632568,0.75,1.0,3
0,1.0,0.0,1.0,0.0,0,0.0,-1.0,0.5999999642372131,1.0,3
0,1.0,0.0,1.0,0.0,0,0.0,-1.0,0.940000057220459,0.2,1
0,1.0,0.0,1.0,0.0,0,0.0,-1.0,0.925000011920929,0.3,1
0,0.98,1.0,0.0,0.020000001,0,1.0,0.9369999766349792,0.0,0.0,0
0,1.0,0.0,1.0,0.0,0,0.0,-1.000499963760376,0.5999999642372131,1.0,0
0,0.99,0.044999998062849045,0.9549999833106995,0.010000001,0,1.0,-0.9429999589920044,0.8799999952316284,0.3,0
0,0.99,0.044999998062849045,0.9549999833106995,0.010000001,0,1.0,-0.9424999356269836,0.9050000309944153,0.2,3
0,1.0,0.0,1.0,0.0,0,0.0,-1.000499963760376,0.9500000476837158,0.2,0
0,1.0,0.0,1.0,0.0,0,0.0,-1.0,0.6399999856948853,0.8,0
0,1.0,0.0,1.0,0.0,0,0.0,-1.0,0.800000011920929,0.8,1
0,0.98,1.0,0.0,0.020000001,0,1.0,0.9369999766349792,0.0,0.0,0
0,1.0,0.0,1.0,0.0,0,0.0,-1.000499963760376,0.9500000476837158,0.2,0
0,0.98,1.0,0.0,0.020000001,0,1.0,0.9369999766349792,0.0,0.0,0
0,1.0,1.0,0.0,0.0,0,0.0,0.9994999766349792,0.0,0.0,0
0,1.0,0.0,1.0,0.0,0,0.0,-1.0,0.75,1.0,3
0,1.0,0.0,1.0,0.0,0,0.0,-1.0,0.9500000476837158,0.2,1
0,0.99,0.044999998062849045,0.9549999833106995,0.010000001,0,1.0,-0.9429999589920044,0.6549999713897705,1.0,3
0,1.0,0.0,1.0,0.0,0,0.0,-1.000499963760376,0.875,0.5,3
0,1.0,1.0,0.0,0.0,0,0.0,1.0,0.0,0.0,0
0,1.0,0.0,1.0,0.0,0,0.0,-1.0,0.7999999523162842,0.5,2
0,1.0,0.0,1.0,0.0,0,0.0,-1.0,0.7999999523162842,0.5,3
0,1.0,0.0,1.0,0.0,0,0.0,-1.0,0.5999999642372131,1.0,3
0,0.99,0.044999998062849045,0.9549999833106995,0.010000001,0,1.0,-0.9429999589920044,0.7300000190734863,0.5,0
0,0.8,0.8999999761581421,0.10000000149011612,0.2,1,0.0,-4.859499931335449,0.009999997913837433,0.3,3
0,0.96572983,0.15421579778194427,0.8457842469215393,0.03427018,0,0.0,-0.8112330436706543,0.6457842588424683,0.8,2
0,0.82811403,0.7734867930412292,0.22651320695877075,0.17188595,1,0.0,-5.018536567687988,0.10151320695877075,0.5,3
0,1.0,0.0,1.0,0.0,0,0.0,-1.008594274520874,0.940000057220459,0.2,3
0,0.99,0.044999998062849045,0.9549999833106995,0.010000001,0,1.0,-0.9429999589920044,0.6549999713897705,1.0,2
0,0.98,1.0,0.0,0.020000001,0,1.0,0.9375,0.0,0.0,0
0,1.0,1.0,0.0,0.0,0,0.0,0.9994999766349792,0.0,0.0,0
0,1.0,0.0,1.0,0.0,0,0.0,-1.0,0.925000011920929,0.3,3
0,1.0,0.0,1.0,0.0,0,0.0,-1.0,0.9099999666213989,0.3,3
0,0.98,1.0,0.0,0.020000001,0,1.0,0.9369999766349792,0.0,0.0,0
0,0.98,1.0,0.0,0.020000001,0,1.0,0.9375,0.0,0.0,0
0,0.99,0.044999998062849045,0.9549999833106995,0.010000001,0,1.0,-0.9424999356269836,0.8799999952316284,0.3,3
0,1.0,1.0,0.0,0.0,0,0.0,0.9994999766349792,0.0,0.0,0
0,0.99,0.044999998062849045,0.9549999833106995,0.010000001,0,1.0,-0.9429999589920044,0.8799999952316284,0.3,0
0,1.0,0.0,1.0,0.0,0,0.0,-1.000499963760376,0.75,1.0,3
0,1.0,1.0,0.0,0.0,0,0.0,1.0,0.0,0.0,0
0,1.0,1.0,0.0,0.0,0,0.0,1.0,0.0,0.0,0
0,1.0,0.0,1.0,0.0,0,0.0,-1.0,0.875,0.5,2
0,0.99,0.044999998062849045,0.9549999833106995,0.010000001,0,1.0,-0.9429999589920044,0.7549999952316284,0.8,2
0,1.0,0.0,1.0,0.0,0,0.0,-1.000499963760376,0.75,1.0,3
0,1.0,0.0,1.0,0.0,0,0.0,-1.0,0.925000011920929,0.3,2
0,1.0,0.0,1.0,0.0,0,0.0,-1.0,0.5999999642372131,1.0,1
0,1.0,1.0,0.0,0.0,0,0.0,1.0,0.0,0.0,0
0,1.0,0.0,1.0,0.0,0,0.0,-1.0,0.7999999523162842,0.5,0
0,1.0,1.0,0.0,0.0,0,0.0,1.0,0.0,0.0,0
0,1.0,0.0,1.0,0.0,0,0.0,-1.0,0.875,0.5,3
0,1.0,0.0,1.0,0.0,0,0.0,-1.0,0.9100000262260437,0.2,3
0,1.0,0.0,1.0,0.0,0,0.0,-1.0,0.5999999642372131,1.0,3
0,0.95487255,0.2030734121799469,0.7969266176223755,0.04512743,0,0.0,-0.7427737712860107,0.5719265937805176,0.5,3
0,1.0,0.0,1.0,0.0,0,0.0,-1.0022563934326172,0.7749999761581421,0.5,3
0,1.0,1.0,0.0,0.0,0,0.0,1.0,0.0,0.0,0
0,0.9784349,0.09704272449016571,0.9029572606086731,0.02156505,0,0.0,-0.8770791888237,0.702957272529602,0.5,0
0,1.0,0.0,1.0,0.0,0,0.0,-1.0010782480239868,0.925000011920929,0.3,0
0,1.0,0.0,1.0,0.0,0,0.0,-1.0,0.9200000166893005,0.2,0
0,1.0,0.0,1.0,0.0,0,0.0,-1.0,0.875,0.5,1
0,0.884047,0.5217885375022888,0.4782114624977112,0.11595302,1,0.0,-5.3390679359436035,0.39821144938468933,0.2,0
0,1.0,0.0,1.0,0.0,0,0.0,-1.0057976245880127,0.925000011920929,0.3,3
0,0.9006337,0.44714829325675964,0.552851676940918,0.09936629,1,0.0,-5.433611869812012,0.5028517246246338,0.2,0
0,1.0,0.0,1.0,0.0,0,0.0,-1.004968285560608,0.800000011920929,0.8,2
0,0.99,0.044999998062849045,0.9549999833106995,0.010000001,0,1.0,-0.9429999589920044,0.9050000309944153,0.2,2
0,1.0,0.0,1.0,0.0,0,0.0,-1.000499963760376,0.7749999761581421,0.5,3
0,1.0,0.0,1.0,0.0,0,0.0,-1.0,0.9099999666213989,0.3,2
0,1.0,1.0,0.0,0.0,0,0.0,1.0,0.0,0.0,0
0,1.0,1.0,0.0,0.0,0,0.0,1.0,0.0,0.0,0
0,1.0,0.0,1.0,0.0,0,0.0,-1.0,0.7999999523162842,0.5,0
0,0.99,0.044999998062849045,0.9549999833106995,0.010000001,0,1.0,-0.9429999589920044,0.7549999952316284,0.8,0
0,1.0,1.0,0.0,0.0,0,0.0,0.9994999766349792,0.0,0.0,0
0,1.0,1.0,0.0,0.0,0,0.0,1.0,0.0,0.0,0
0,1.0,0.0,1.0,0.0,0,0.0,-1.0,0.9500000476837158,0.2,3
0,1.0,1.0,0.0,0.0,0,0.0,1.0,0.0,0.0,0
0,1.0,0.0,1.0,0.0,0,0.0,-1.0,0.940000057220459,0.2,0
0,1.0,0.0,1.0,0.0,0,0.0,-1.0,0.875,0.5,3
0,0.99,0.044999998062849045,0.9549999833106995,0.010000001,0,1.0,-0.9429999589920044,0.7049999237060547,1.0,2
0,1.0,0.0,1.0,0.0,0,0.0,-1.000499963760376,0.800000011920929,0.8,1
0,0.98,1.0,0.0,0.020000001,0,1.0,0.9369999766349792,0.0,0.0,0
0,1.0,0.0,1.0,0.0,0,0.0,-1.000499963760376,0.75,1.0,0
0,0.99,0.044999998062849045,0.9549999833106995,0.010000001,0,1.0,-0.9429999589920044,0.8950000405311584,0.2,3
0,1.0,0.0,1.0,0.0,0,0.0,-1.000499963760376,0.800000011920929,0.8,0
0,1.0,0.0,1.0,0.0,0,0.0,-1.0,0.925000011920929,0.3,1
0,0.99,0.044999998062849045,0.9549999833106995,0.010000001,0,1.0,-0.9429999589920044,0.9050000309944153,0.2,3
0,0.99,0.044999998062849045,0.9549999833106995,0.010000001,0,1.0,-0.9424999356269836,0.7049999237060547,1.0,3
0,1.0,0.0,1.0,0.0,0,0.0,-1.000499963760376,0.6399999856948853,0.8,2
0,1.0,1.0,0.0,0.0,0,0.0,1.0,0.0,0.0,0
0,1.0,0.0,1.0,0.0,0,0.0,-1.0,0.75,1.0,2
0,0.96,1.0,0.0,0.040000003,0,1.0,0.8740000128746033,0.0,0.0,0
0,1.0,1.0,0.0,0.0,0,0.0,0.9990000128746033,0.0,0.0,0
0,0.96,1.0,0.0,0.040000003,0,1.0,0.8740000128746033,0.0,0.0,0
0,1.0,1.0,0.0,0.0,0,0.0,0.9990000128746033,0.0,0.0,0
0,1.0,0.0,1.0,0.0,0,0.0,-1.0,0.875,0.5,3
0,1.0,1.0,0.0,0.0,0,0.0,1.0,0.0,0.0,0
0,1.0,0.0,1.0,0.0,0,0.0,-1.0,0.9099999666213989,0.3,3
0,1.0,1.0,0.0,0.0,0,0.0,1.0,0.0,0.0,0
0,0.8,0.8999999761581421,0.10000002384185791,0.2,1,0.0,-4.8600006103515625,-0.02499997988343239,0.5,0
0,1.0,1.0,0.0,0.0,0,0.0,0.9900000095367432,0.0,0.0,0
0,1.0,0.0,1.0,0.0,0,0.0,-1.0,0.800000011920929,0.8,1
0,0.96,1.0,0.0,0.040000003,0,1.0,0.8740000128746033,0.0,0.0,0
0,1.0,0.0,1.0,0.0,0,0.0,-1.0010000467300415,0.9500000476837158,0.2,0
0,1.0,0.0,1.0,0.0,0,0.0,-1.0,0.75,1.0,1
0,0.95916075,0.18377672135829926,0.8162232637405396,0.040839273,0,0.0,-0.7672160863876343,0.5162233114242554,1.0,1
0,0.92268,0.3479398488998413,0.6520601511001587,0.07731997,1,0.0,-5.557234287261963,0.4020601212978363,1.0,1
0,1.0,0.0,1.0,0.0,0,0.0,-1.0038659572601318,0.7749999761581421,0.5,3
0,0.99,0.044999998062849045,0.9549999833106995,0.010000001,0,1.0,-0.9429999589920044,0.9050000309944153,0.2,2
0,0.99,0.044999998062849045,0.9549999833106995,0.010000001,0,1.0,-0.9424999356269836,0.9050000309944153,0.2,2
0,1.0,0.0,1.0,0.0,0,0.0,-1.000499963760376,0.9500000476837158,0.2,3
0,1.0,1.0,0.0,0.0,0,0.0,1.0,0.0,0.0,0
0,1.0,0.0,1.0,0.0,0,0.0,-1.0,0.925000011920929,0.3,2
0,1.0,0.0,1.0,0.0,0,0.0,-1.0,0.6399999856948853,0.8,3
0,1.0,0.0,1.0,0.0,0,0.0,-1.0,0.9099999666213989,0.3,2
0,1.0,0.0,1.0,0.0,0,0.0,-1.0,0.7000000476837158,1.0,1
0,1.0,0.0,1.0,0.0,0,0.0,-1.0,0.9100000262260437,0.2,2
0,1.0,0.0,1.0,0.0,0,0.0,-1.0,0.925000011920929,0.3,3
0,0.99,0.044999998062849045,0.9549999833106995,0.010000001,0,1.0,-0.9429999589920044,0.8799999952316284,0.3,2
0,0.99,0.044999998062849045,0.9549999833106995,0.010000001,0,1.0,-0.9424999356269836,0.9050000309944153,0.2,1
0,0.99,0.044999998062849045,0.9549999833106995,0.010000001,0,1.0,-0.9424999356269836,0.8299999833106995,0.5,2
0,1.0,0.0,1.0,0.0,0,0.0,-1.000499963760376,0.800000011920929,0.8,0
0,1.0,0.0,1.0,0.0,0,0.0,-1.0,0.800000011920929,0.8,1
0,1.0,1.0,0.0,0.0,0,0.0,1.0,0.0,0.0,0
0,1.0,0.0,1.0,0.0,0,0.0,-1.0,0.9500000476837158,0.2,1
0,1.0,0.0,1.0,0.0,0,0.0,-1.0,0.925000011920929,0.3,2
0,1.0,0.0,1.0,0.0,0,0.0,-1.0,0.6800000071525574,0.8,0
0,1.0,0.0,1.0,0.0,0,0.0,-1.0,0.75,1.0,2
0,1.0,0.0,1.0,0.0,0,0.0,-1.0,0.925000011920929,0.3,0
0,0.96,1.0,0.0,0.040000003,0,1.0,0.8740000128746033,0.0,0.0,0
0,1.0,1.0,0.0,0.0,0,0.0,0.9990000128746033,0.0,0.0,0
0,1.0,1.0,0.0,0.0,0,0.0,1.0,0.0,0.0,0
0,1.0,0.0,1.0,0.0,0,0.0,-1.0,0.6800000071525574,0.8,1
0,0.94472593,0.2487333118915558,0.7512667179107666,0.05527407,1,0.0,-5.684937953948975,0.6712667346000671,0.2,2
0,1.0,0.0,1.0,0.0,0,0.0,-1.0027637481689453,0.875,0.5,2
0,1.0,1.0,0.0,0.0,0,0.0,1.0,0.0,0.0,0
0,0.96,1.0,0.0,0.040000003,0,1.0,0.8740000128746033,0.0,0.0,0
0,0.96,1.0,0.0,0.040000003,0,1.0,0.875,0.0,0.0,0
0,1.0,0.0,1.0,0.0,0,0.0,-1.0010000467300415,0.925000011920929,0.3,1
0,0.8,0.8999999761581421,0.10000002384185791,0.2,1,0.0,-4.8600006103515625,-0.02499997988343239,0.5,0
0,1.0,0.0,1.0,0.0,0,0.0,-1.0099999904632568,0.9100000262260437,0.2,1
0,1.0,0.0,1.0,0.0,0,0.0,-1.0,0.800000011920929,0.8,1
0,1.0,0.0,1.0,0.0,0,0.0,-1.0,0.550000011920929,1.0,3
0,0.9929082,0.03191324323415756,0.9680867791175842,0.0070918323,0,0.0,-0.9595765471458435,0.7280867695808411,0.8,2
0,0.99,0.044999998062849045,0.9549999833106995,0.010000001,0,1.0,-0.9426453709602356,0.875,0.2,1
0,0.99,0.044999998062849045,0.9549999833106995,0.010000001,0,1.0,-0.9424999356269836,0.7049999237060547,1.0,1
0,1.0,0.0,1.0,0.0,0,0.0,-1.000499963760376,0.75,1.0,1
0,0.99,0.044999998062849045,0.9549999833106995,0.010000001,0,1.0,-0.9429999589920044,0.8799999952316284,0.3,2
0,1.0,0.0,1.0,0.0,0,0.0,-1.000499963760376,0.75,1.0,1
0,1.0,0.0,1.0,0.0,0,0.0,-1.0,0.75,1.0,1
0,1.0,0.0,1.0,0.0,0,0.0,-1.0,0.925000011920929,0.3,2
0,0.98,1.0,0.0,0.020000001,0,1.0,0.9369999766349792,0.0,0.0,0
0,1.0,0.0,1.0,0.0,0,0.0,-1.000499963760376,0.9100000262260437,0.2,1
0,1.0,1.0,0.0,0.0,0,0.0,1.0,0.0,0.0,0
0,0.99,0.044999998062849045,0.9549999833106995,0.010000001,0,1.0,-0.9429999589920044,0.8649999499320984,0.3,3
0,1.0,0.0,1.0,0.0,0,0.0,-1.000499963760376,0.9099999666213989,0.3,1
0,0.99,0.044999998062849045,0.9549999833106995,0.010000001,0,1.0,-0.9429999589920044,0.875,0.2,0
0,0.99,0.044999998062849045,0.9549999833106995,0.010000001,0,1.0,-0.9424999356269836,0.7300000190734863,0.5,2
0,0.98,1.0,0.0,0.020000001,0,1.0,0.9375,0.0,0.0,0
1,0.91441655,0.38512563705444336,0.6148743629455566,0.08558348,1,0.0,-5.512174129486084,0.5398743748664856,0.3,0
1,1.0,0.0,1.0,0.0,0,0.0,-1.0042791366577148,0.940000057220459,0.2,0
1,0.99,0.044999998062849045,0.9549999833106995,0.010000001,0,1.0,-0.9429999589920044,0.8799999952316284,0.3,1
1,1.0,0.0,1.0,0.0,0,0.0,-1.000499963760376,0.7000000476837158,1.0,1
1,1.0,0.0,1.0,0.0,0,0.0,-1.0,0.6800000071525574,0.8,0
1,0.98,1.0,0.0,0.020000001,0,1.0,0.9369999766349792,0.0,0.0,0
1,0.99,0.044999998062849045,0.9549999833106995,0.010000001,0,1.0,-0.9424999356269836,0.8649999499320984,0.3,3
1,1.0,0.0,1.0,0.0,0,0.0,-1.000499963760376,0.7999999523162842,0.5,0
1,0.99,0.044999998062849045,0.9549999833106995,0.010000001,0,1.0,-0.9429999589920044,0.7149999737739563,0.8,0
1,0.99,0.044999998062849045,0.9549999833106995,0.010000001,0,1.0,-0.9424999356269836,0.6349999904632568,0.8,1
1,1.0,0.0,1.0,0.0,0,0.0,-1.000499963760376,0.9200000166893005,0.2,0
1,1.0,1.0,0.0,0.0,0,0.0,1.0,0.0,0.0,0
1,0.98,1.0,0.0,0.020000001,0,1.0,0.9369999766349792,0.0,0.0,0
1,1.0,1.0,0.0,0.0,0,0.0,0.9994999766349792,0.0,0.0,0
1,1.0,0.0,1.0,0.0,0,0.0,-1.0,0.7749999761581421,0.5,0
1,0.99,0.044999998062849045,0.9549999833106995,0.010000001,0,1.0,-0.9429999589920044,0.875,0.2,3
1,1.0,1.0,0.0,0.0,0,0.0,0.9994999766349792,0.0,0.0,0
1,0.99,0.044999998062849045,0.9549999833106995,0.010000001,0,1.0,-0.9429999589920044,0.875,0.2,1
1,1.0,0.0,1.0,0.0,0,0.0,-1.000499963760376,0.9500000476837158,0.2,0
1,1.0,1.0,0.0,0.0,0,0.0,1.0,0.0,0.0,0
1,1.0,0.0,1.0,0.0,0,0.0,-1.0,0.5999999642372131,1.0,1
1,0.8949648,0.4726583957672119,0.5273416042327881,0.10503521,1,0.0,-5.401299953460693,0.437341570854187,0.3,2
1,1.0,0.0,1.0,0.0,0,0.0,-1.0052517652511597,0.6399999856948853,0.8,2
1,1.0,0.0,1.0,0.0,0,0.0,-1.0,0.9500000476837158,0.2,3
1,0.99,0.044999998062849045,0.9549999833106995,0.010000001,0,1.0,-0.9429999589920044,0.6349999904632568,0.8,2
1,0.99,0.044999998062849045,0.9549999833106995,0.010000001,0,1.0,-0.9424999356269836,0.5049999356269836,1.0,0
1,1.0,0.0,1.0,0.0,0,0.0,-1.000499963760376,0.940000057220459,0.2,0
1,1.0,0.0,1.0,0.0,0,0.0,-1.0,0.9099999666213989,0.3,3
1,1.0,0.0,1.0,0.0,0,0.0,-1.0,0.75,1.0,0
1,1.0,1.0,0.0,0.0,0,0.0,1.0,0.0,0.0,0
1,0.9990521,0.004265489988029003,0.9957345724105835,0.0009478867,0,0.0,-0.9945971965789795,0.7557345628738403,0.8,1
1,1.0,0.0,1.0,0.0,0,0.0,-1.0000474452972412,0.925000011920929,0.3,1
1,0.89817095,0.4582308232784271,0.5417692065238953,0.101829074,1,0.0,-5.419574737548828,0.3417692184448242,0.8,2
1,0.99,0.044999998062849045,0.9549999833106995,0.010000001,0,1.0,-0.9470914006233215,0.8050000071525574,0.5,1
1,0.99,0.044999998062849045,0.9549999833106995,0.010000001,0,1.0,-0.9424999356269836,0.8050000071525574,0.5,2
1,1.0,0.0,1.0,0.0,0,0.0,-1.000499963760376,0.925000011920929,0.3,3
1,1.0,0.0,1.0,0.0,0,0.0,-1.0,0.925000011920929,0.3,0
1,1.0,1.0,0.0,0.0,0,0.0,1.0,0.0,0.0,0
1,0.99,0.044999998062849045,0.9549999833106995,0.010000001,0,1.0,-0.9429999589920044,0.6349999904632568,0.8,3
1,1.0,1.0,0.0,0.0,0,0.0,0.9994999766349792,0.0,0.0,0
1,0.98,1.0,0.0,0.020000001,0,1.0,0.9369999766349792,0.0,0.0,0
1,1.0,1.0,0.0,0.0,0,0.0,0.9994999766349792,0.0,0.0,0
1,0.99,0.044999998062849045,0.9549999833106995,0.010000001,0,1.0,-0.9429999589920044,0.9050000309944153,0.2,0
1,0.99,0.044999998062849045,0.9549999833106995,0.010000001,0,1.0,-0.9424999356269836,0.7049999237060547,1.0,2
1,0.99,0.044999998062849045,0.9549999833106995,0.010000001,0,1.0,-0.9424999356269836,0.9050000309944153,0.2,0
1,0.99,0.044999998062849045,0.9549999833106995,0.010000001,0,1.0,-0.9424999356269836,0.8649999499320984,0.3,3
1,1.0,0.0,1.0,0.0,0,0.0,-1.000499963760376,0.8500000238418579,0.5,0
1,1.0,0.0,1.0,0.0,0,0.0,-1.0,0.875,0.5,2
1,0.92450744,0.3397166430950165,0.6602833867073059,0.07549258,1,0.0,-5.569692134857178,0.6002834439277649,0.2,0
1,1.0,0.0,1.0,0.0,0,0.0,-1.003774642944336,0.800000011920929,0.8,0
1,1.0,0.0,1.0,0.0,0,0.0,-1.0,0.550000011920929,1.0,2
1,1.0,0.0,1.0,0.0,0,0.0,-1.0,0.75,1.0,3
1,1.0,0.0,1.0,0.0,0,0.0,-1.0,0.940000057220459,0.2,1
1,0.99,0.044999998062849045,0.9549999833106995,0.010000001,0,1.0,-0.9429999589920044,0.7549999952316284,0.8,0
1,1.0,0.0,1.0,0.0,0,0.0,-1.000499963760376,0.8500000238418579,0.5,1
1,1.0,0.0,1.0,0.0,0,0.0,-1.0,0.9500000476837158,0.2,1
1,0.99,0.044999998062849045,0.9549999833106995,0.010000001,0,1.0,-0.9429999589920044,0.8299999833106995,0.5,1
1,0.98,1.0,0.0,0.020000001,0,1.0,0.9375,0.0,0.0,0
1,1.0,0.0,1.0,0.0,0,0.0,-1.000499963760376,0.7749999761581421,0.5,2
1,1.0,1.0,0.0,0.0,0,0.0,1.0,0.0,0.0,0
1,1.0,0.0,1.0,0.0,0,0.0,-1.0,0.75,1.0,1
1,1.0,0.0,1.0,0.0,0,0.0,-1.0,0.9100000262260437,0.2,1
1,1.0,0.0,1.0,0.0,0,0.0,-1.0,0.7749999761581421,0.5,0
1,0.8461794,0.6921926140785217,0.30780738592147827,0.15382059,1,0.0,-5.123222351074219,-0.012192606925964355,0.8,3
1,0.99,0.044999998062849045,0.9549999833106995,0.010000001,0,1.0,-0.9496909379959106,0.875,0.2,2
1,1.0,0.0,1.0,0.0,0,0.0,-1.000499963760376,0.8500000238418579,0.5,1
1,1.0,0.0,1.0,0.0,0,0.0,-1.0,0.9500000476837158,0.2,2
1,1.0,1.0,0.0,0.0,0,0.0,1.0,0.0,0.0,0
1,1.0,0.0,1.0,0.0,0,0.0,-1.0,0.75,1.0,1
1,1.0,0.0,1.0,0.0,0,0.0,-1.0,0.925000011920929,0.3,2
1,0.99,0.044999998062849045,0.9549999833106995,0.010000001,0,1.0,-0.9429999589920044,0.5049999356269836,1.0,1
1,1.0,0.0,1.0,0.0,0,0.0,-1.000499963760376,0.800000011920929,0.8,2
1,0.9825507,1.0,0.0,0.017449295,0,0.0,0.9450346827507019,0.0,0.0,0
1,0.99,0.044999998062849045,0.9549999833106995,0.010000001,0,1.0,-0.9425637125968933,0.8299999833106995,0.5,3
1,0.8,0.8999999761581421,0.1000000536441803,0.2,1,0.0,-4.859500408172607,-0.09999994188547134,0.8,2
1,1.0,1.0,0.0,0.0,0,0.0,0.9900000095367432,0.0,0.0,0
1,1.0,0.0,1.0,0.0,0,0.0,-1.0,0.75,1.0,1
1,0.98,1.0,0.0,0.020000001,0,1.0,0.9369999766349792,0.0,0.0,0
1,1.0,1.0,0.0,0.0,0,0.0,0.9994999766349792,0.0,0.0,0
1,1.0,0.0,1.0,0.0,0,0.0,-1.0,0.9099999666213989,0.3,1
1,1.0,0.0,1.0,0.0,0,0.0,-1.0,0.800000011920929,0.8,1
1,1.0,0.0,1.0,0.0,0,0.0,-1.0,0.75,1.0,1
1,1.0,1.0,0.0,0.0,0,0.0,1.0,0.0,0.0,0
1,1.0,0.0,1.0,0.0,0,0.0,-1.0,0.800000011920929,0.8,1
1,1.0,1.0,0.0,0.0,0,0.0,1.0,0.0,0.0,0
1,1.0,0.0,1.0,0.0,0,0.0,-1.0,0.9200000166893005,0.2,3
1,1.0,0.0,1.0,0.0,0,0.0,-1.0,0.550000011920929,1.0,1
1,0.99,0.044999998062849045,0.9549999833106995,0.010000001,0,1.0,-0.9429999589920044,0.7300000190734863,0.5,0
1,1.0,0.0,1.0,0.0,0,0.0,-1.000499963760376,0.550000011920929,1.0,1
1,1.0,1.0,0.0,0.0,0,0.0,1.0,0.0,0.0,0
1,1.0,0.0,1.0,0.0,0,0.0,-1.0,0.6800000071525574,0.8,1
1,0.96782833,1.0,0.0,0.032171655,0,0.0,0.8986592292785645,0.0,0.0,0
1,1.0,0.0,1.0,0.0,0,0.0,-1.0008043050765991,0.9099999666213989,0.3,2
1,1.0,0.0,1.0,0.0,0,0.0,-1.0,0.9500000476837158,0.2,0
1,1.0,1.0,0.0,0.0,0,0.0,1.0,0.0,0.0,0
1,1.0,0.0,1.0,0.0,0,0.0,-1.0,0.875,0.5,1
1,0.96,1.0,0.0,0.040000003,0,1.0,0.8740000128746033,0.0,0.0,0
1,1.0,0.0,1.0,0.0,0,0.0,-1.0010000467300415,0.9500000476837158,0.2,2
1,0.9478758,0.2345588207244873,0.7654411792755127,0.052124184,1,0.0,-5.702892303466797,0.5254411697387695,0.8,1
1,0.98,1.0,0.0,0.020000001,0,1.0,0.9353938102722168,0.0,0.0,0
1,1.0,0.0,1.0,0.0,0,0.0,-1.000499963760376,0.9500000476837158,0.2,0
1,0.98000175,0.08999207615852356,0.9100079536437988,0.019998241,0,0.0,-0.8860101699829102,0.6100080013275146,1.0,2
1,0.8,0.8999999761581421,0.10000002384185791,0.2,1,0.0,-4.8590006828308105,-0.04999998211860657,0.5,1
1,0.99,0.044999998062849045,0.9549999833106995,0.010000001,0,1.0,-0.9519999623298645,0.7549999952316284,0.8,2
1,0.99,0.044999998062849045,0.9549999833106995,0.010000001,0,1.0,-0.9424999356269836,0.875,0.2,1
1,1.0,1.0,0.0,0.0,0,0.0,0.9994999766349792,0.0,0.0,0
1,1.0,0.0,1.0,0.0,0,0.0,-1.0,0.9200000166893005,0.2,3
1,1.0,0.0,1.0,0.0,0,0.0,-1.0,0.7000000476837158,1.0,1
1,1.0,0.0,1.0,0.0,0,0.0,-1.0,0.940000057220459,0.2,2
1,1.0,0.0,1.0,0.0,0,0.0,-1.0,0.875,0.5,0
1,0.98,1.0,0.0,0.020000001,0,1.0,0.9369999766349792,0.0,0.0,0
1,1.0,1.0,0.0,0.0,0,0.0,0.9994999766349792,0.0,0.0,0
1,1.0,0.0,1.0,0.0,0,0.0,-1.0,0.940000057220459,0.2,0
1,1.0,0.0,1.0,0.0,0,0.0,-1.0,0.925000011920929,0.3,0
1,0.9870321,1.0,0.0,0.012967909,0,0.0,0.9591510891914368,0.0,0.0,0
1,1.0,0.0,1.0,0.0,0,0.0,-1.0003242492675781,0.925000011920929,0.3,0
1,1.0,1.0,0.0,0.0,0,0.0,1.0,0.0,0.0,0
1,1.0,0.0,1.0,0.0,0,0.0,-1.0,0.9500000476837158,0.2,0
1,1.0,1.0,0.0,0.0,0,0.0,1.0,0.0,0.0,0
1,0.99,0.044999998062849045,0.9549999833106995,0.010000001,0,1.0,-0.9429999589920044,0.7549999952316284,0.8,2
1,1.0,0.0,1.0,0.0,0,0.0,-1.000499963760376,0.75,1.0,0
1,0.98,1.0,0.0,0.020000001,0,1.0,0.9369999766349792,0.0,0.0,0
1,0.99,0.044999998062849045,0.9549999833106995,0.010000001,0,1.0,-0.9424999356269836,0.9050000309944153,0.2,0
1,0.99,0.044999998062849045,0.9549999833106995,0.010000001,0,1.0,-0.9424999356269836,0.6349999904632568,0.8,2
1,0.8,0.8999999761581421,0.10000002384185791,0.2,1,0.0,-4.859500408172607,-0.29999998211860657,1.0,1
1,1.0,1.0,0.0,0.0,0,0.0,0.9900000095367432,0.0,0.0,0
1,1.0,0.0,1.0,0.0,0,0.0,-1.0,0.925000011920929,0.3,2
1,1.0,0.0,1.0,0.0,0,0.0,-1.0,0.800000011920929,0.8,2
1,0.96,1.0,0.0,0.040000003,0,1.0,0.8740000128746033,0.0,0.0,0
1,1.0,0.0,1.0,0.0,0,0.0,-1.0010000467300415,0.9100000262260437,0.2,3
1,1.0,1.0,0.0,0.0,0,0.0,1.0,0.0,0.0,0
1,1.0,0.0,1.0,0.0,0,0.0,-1.0,0.75,1.0,3
1,1.0,0.0,1.0,0.0,0,0.0,-1.0,0.9500000476837158,0.2,2
1,1.0,0.0,1.0,0.0,0,0.0,-1.0,0.875,0.5,2
1,1.0,1.0,0.0,0.0,0,0.0,1.0,0.0,0.0,0
1,1.0,1.0,0.0,0.0,0,0.0,1.0,0.0,0.0,0
1,1.0,1.0,0.0,0.0,0,0.0,1.0,0.0,0.0,0
1,0.96,1.0,0.0,0.040000003,0,1.0,0.8740000128746033,0.0,0.0,0
1,0.93996894,0.2701397240161896,0.7298603057861328,0.060031053,1,0.0,-5.65682315826416,0.529860258102417,0.5,2
1,1.0,0.0,1.0,0.0,0,0.0,-1.0030015707015991,0.940000057220459,0.2,1
1,0.99,0.044999998062849045,0.9549999833106995,0.010000001,0,1.0,-0.9429999589920044,0.8299999833106995,0.5,2
1,1.0,0.0,1.0,0.0,0,0.0,-1.000499963760376,0.9500000476837158,0.2,3
1,1.0,0.0,1.0,0.0,0,0.0,-1.0,0.925000011920929,0.3,2
1,1.0,0.0,1.0,0.0,0,0.0,-1.0,0.75,1.0,3
1,0.99,0.044999998062849045,0.9549999833106995,0.010000001,0,1.0,-0.9429999589920044,0.8799999952316284,0.3,2
1,0.99,0.044999998062849045,0.9549999833106995,0.010000001,0,1.0,-0.9424999356269836,0.8950000405311584,0.2,3
1,0.998419,0.007114666514098644,0.9928853511810303,0.0015810371,0,0.0,-0.9913299679756165,0.6728853583335876,0.8,1
1,1.0,1.0,0.0,0.0,0,0.0,0.9999209642410278,0.0,0.0,0
1,1.0,0.0,1.0,0.0,0,0.0,-1.0,0.75,1.0,3
1,1.0,0.0,1.0,0.0,0,0.0,-1.0,0.9500000476837158,0.2,2
1,1.0,1.0,0.0,0.0,0,0.0,1.0,0.0,0.0,0
1,1.0,0.0,1.0,0.0,0,0.0,-1.0,0.925000011920929,0.3,3
1,0.96,1.0,0.0,0.040000003,0,1.0,0.8740000128746033,0.0,0.0,0
1,1.0,0.0,1.0,0.0,0,0.0,-1.0010000467300415,0.9099999666213989,0.3,2
1,1.0,0.0,1.0,0.0,0,0.0,-1.0,0.925000011920929,0.3,3
1,1.0,1.0,0.0,0.0,0,0.0,1.0,0.0,0.0,0
1,1.0,1.0,0.0,0.0,0,0.0,1.0,0.0,0.0,0
1,0.8689009,0.5899460911750793,0.41005390882492065,0.13109913,1,0.0,-5.252735614776611,0.3200538754463196,0.3,3
1,1.0,1.0,0.0,0.0,0,0.0,0.9934450387954712,0.0,0.0,0
1,1.0,0.0,1.0,0.0,0,0.0,-1.0,0.75,1.0,3
1,1.0,0.0,1.0,0.0,0,0.0,-1.0,0.925000011920929,0.3,0
1,1.0,0.0,1.0,0.0,0,0.0,-1.0,0.9099999666213989,0.3,3
1,0.99,0.044999998062849045,0.9549999833106995,0.010000001,0,1.0,-0.9429999589920044,0.7149999737739563,0.8,3
1,1.0,0.0,1.0,0.0,0,0.0,-1.000499963760376,0.75,1.0,3
1,0.999425,0.00258752703666687,0.9974124431610107,0.000575006,0,0.0,-0.996722400188446,0.9074124097824097,0.3,1
1,1.0,0.0,1.0,0.0,0,0.0,-1.0000287294387817,0.9200000166893005,0.2,0
1,1.0,0.0,1.0,0.0,0,0.0,-1.0,0.9100000262260437,0.2,3
1,0.95011944,0.22446253895759583,0.7755374908447266,0.049880564,0,0.0,-0.7156808376312256,0.7255375385284424,0.2,0
1,1.0,1.0,0.0,0.0,0,0.0,0.9975059628486633,0.0,0.0,0
1,0.8568307,0.64426189661026,0.35573810338974,0.14316931,1,0.0,-5.183935165405273,0.2657380700111389,0.3,3
1,0.99,0.044999998062849045,0.9549999833106995,0.010000001,0,1.0,-0.9491584300994873,0.8799999952316284,0.3,1
1,1.0,0.0,1.0,0.0,0,0.0,-1.000499963760376,0.5999999642372131,1.0,0
1,0.98,1.0,0.0,0.020000001,0,1.0,0.9369999766349792,0.0,0.0,0
1,1.0,0.0,1.0,0.0,0,0.0,-1.000499963760376,0.75,1.0,2
1,1.0,1.0,0.0,0.0,0,0.0,1.0,0.0,0.0,0
1,1.0,0.0,1.0,0.0,0,0.0,-1.0,0.925000011920929,0.3,2
1,1.0,0.0,1.0,0.0,0,0.0,-1.0,0.940000057220459,0.2,3
1,0.98067987,1.0,0.0,0.019320106,0,0.0,0.9391416907310486,0.0,0.0,0
1,0.99,0.044999998062849045,0.9549999833106995,0.010000001,0,1.0,-0.9425169229507446,0.9050000309944153,0.2,0
1,1.0,1.0,0.0,0.0,0,0.0,0.9994999766349792,0.0,0.0,0
1,1.0,0.0,1.0,0.0,0,0.0,-1.0,0.9500000476837158,0.2,3
1,0.98,1.0,0.0,0.020000001,0,1.0,0.9369999766349792,0.0,0.0,0
1,0.99,0.044999998062849045,0.9549999833106995,0.010000001,0,1.0,-0.9424999356269836,0.7049999237060547,1.0,3
1,1.0,0.0,1.0,0.0,0,0.0,-1.000499963760376,0.9099999666213989,0.3,3
1,1.0,0.0,1.0,0.0,0,0.0,-1.0,0.925000011920929,0.3,1
1,0.80611515,0.8724818825721741,0.12751811742782593,0.19388488,1,0.0,-4.8948564529418945,-0.12248189002275467,1.0,3
1,0.99,0.044999998062849045,0.9549999833106995,0.010000001,0,1.0,-0.9516941905021667,0.5049999356269836,1.0,2
1,0.99,0.044999998062849045,0.9549999833106995,0.010000001,0,1.0,-0.9424999356269836,0.8950000405311584,0.2,2
1,0.99,0.044999998062849045,0.9549999833106995,0.010000001,0,1.0,-0.9424999356269836,0.9050000309944153,0.2,0
1,1.0,0.0,1.0,0.0,0,0.0,-1.000499963760376,0.7599999904632568,0.8,1
1,1.0,1.0,0.0,0.0,0,0.0,1.0,0.0,0.0,0
1,1.0,1.0,0.0,0.0,0,0.0,1.0,0.0,0.0,0
1,0.99,0.044999998062849045,0.9549999833106995,0.010000001,0,1.0,-0.9429999589920044,0.5549999475479126,1.0,1
1,0.99,0.044999998062849045,0.9549999833106995,0.010000001,0,1.0,-0.9424999356269836,0.8799999952316284,0.3,2
1,1.0,1.0,0.0,0.0,0,0.0,0.9994999766349792,0.0,0.0,0
1,1.0,0.0,1.0,0.0,0,0.0,-1.0,0.7999999523162842,0.5,3
1,0.96,1.0,0.0,0.040000003,0,1.0,0.8740000128746033,0.0,0.0,0
1,1.0,0.0,1.0,0.0,0,0.0,-1.0010000467300415,0.8500000238418579,0.5,1
1,0.8763562,0.5563971996307373,0.4436028003692627,0.12364383,1,0.0,-5.295230388641357,0.1936028003692627,1.0,3
1,0.99,0.044999998062849045,0.9549999833106995,0.010000001,0,1.0,-0.9481821060180664,0.7549999952316284,0.8,1
1,1.0,0.0,1.0,0.0,0,0.0,-1.000499963760376,0.875,0.5,2
1,1.0,0.0,1.0,0.0,0,0.0,-1.0,0.9500000476837158,0.2,1
1,1.0,0.0,1.0,0.0,0,0.0,-1.0,0.7599999904632568,0.8,3
1,1.0,0.0,1.0,0.0,0,0.0,-1.0,0.7999999523162842,0.5,3
1,0.99,0.044999998062849045,0.9549999833106995,0.010000001,0,1.0,-0.9429999589920044,0.6549999713897705,1.0,0
1,1.0,1.0,0.0,0.0,0,0.0,0.9994999766349792,0.0,0.0,0
1,0.99,0.044999998062849045,0.9549999833106995,0.010000001,0,1.0,-0.9429999589920044,0.7549999952316284,0.8,2
1,1.0,0.0,1.0,0.0,0,0.0,-1.000499963760376,0.9100000262260437,0.2,0
1,1.0,0.0,1.0,0.0,0,0.0,-1.0,0.925000011920929,0.3,0
1,1.0,0.0,1.0,0.0,0,0.0,-1.0,0.550000011920929,1.0,2
1,0.99,0.044999998062849045,0.9549999833106995,0.010000001,0,1.0,-0.9429999589920044,0.8649999499320984,0.3,1
1,0.8095691,0.856938898563385,0.143061101436615,0.19043086,1,0.0,-4.914044380187988,0.01806110143661499,0.5,3
1,0.99,0.044999998062849045,0.9549999833106995,0.010000001,0,1.0,-0.9515214562416077,0.8799999952316284,0.3,3
1,0.99,0.044999998062849045,0.9549999833106995,0.010000001,0,1.0,-0.9424999356269836,0.8649999499320984,0.3,0
1,1.0,1.0,0.0,0.0,0,0.0,0.9994999766349792,0.0,0.0,0
1,1.0,0.0,1.0,0.0,0,0.0,-1.0,0.800000011920929,0.8,3
1,1.0,0.0,1.0,0.0,0,0.0,-1.0,0.9200000166893005,0.2,0
1,1.0,0.0,1.0,0.0,0,0.0,-1.0,0.9099999666213989,0.3,2
1,1.0,0.0,1.0,0.0,0,0.0,-1.0,0.6399999856948853,0.8,3
1,1.0,1.0,0.0,0.0,0,0.0,1.0,0.0,0.0,0
1,1.0,1.0,0.0,0.0,0,0.0,1.0,0.0,0.0,0
1,1.0,0.0,1.0,0.0,0,0.0,-1.0,0.8500000238418579,0.5,0
1,1.0,0.0,1.0,0.0,0,0.0,-1.0,0.8500000238418579,0.5,2
1,0.98,1.0,0.0,0.020000001,0,1.0,0.9369999766349792,0.0,0.0,0
1,0.8,0.8999999761581421,0.1000000536441803,0.2,1,0.0,-4.859500408172607,-0.09999994188547134,0.8,3
1,1.0,0.0,1.0,0.0,0,0.0,-1.0099999904632568,0.9500000476837158,0.2,1
1,0.99,0.044999998062849045,0.9549999833106995,0.010000001,0,1.0,-0.9429999589920044,0.8799999952316284,0.3,3
1,1.0,0.0,1.0,0.0,0,0.0,-1.000499963760376,0.9500000476837158,0.2,2
1,1.0,0.0,1.0,0.0,0,0.0,-1.0,0.940000057220459,0.2,0
1,1.0,0.0,1.0,0.0,0,0.0,-1.0,0.9099999666213989,0.3,3
1,1.0,0.0,1.0,0.0,0,0.0,-1.0,0.9500000476837158,0.2,0
1,0.99,0.044999998062849045,0.9549999833106995,0.010000001,0,1.0,-0.9429999589920044,0.8649999499320984,0.3,0
1,1.0,1.0,0.0,0.0,0,0.0,0.9994999766349792,0.0,0.0,0
1,1.0,0.0,1.0,0.0,0,0.0,-1.0,0.9100000262260437,0.2,2
1,1.0,0.0,1.0,0.0,0,0.0,-1.0,0.925000011920929,0.3,3
1,1.0,1.0,0.0,0.0,0,0.0,1.0,0.0,0.0,0
1,1.0,0.0,1.0,0.0,0,0.0,-1.0,0.6800000071525574,0.8,3
1,1.0,0.0,1.0,0.0,0,0.0,-1.0,0.7599999904632568,0.8,1
1,1.0,1.0,0.0,0.0,0,0.0,1.0,0.0,0.0,0
1,1.0,0.0,1.0,0.0,0,0.0,-1.0,0.75,1.0,2
1,1.0,0.0,1.0,0.0,0,0.0,-1.0,0.800000011920929,0.8,3
1,0.96,1.0,0.0,0.040000003,0,1.0,0.8740000128746033,0.0,0.0,0
1,1.0,0.0,1.0,0.0,0,0.0,-1.0010000467300415,0.940000057220459,0.2,1
1,1.0,0.0,1.0,0.0,0,0.0,-1.0,0.9500000476837158,0.2,1
1,0.93461674,0.29422470927238464,0.7057753205299377,0.06538328,1,0.0,-5.627315521240234,0.6557753682136536,0.2,2
1,1.0,0.0,1.0,0.0,0,0.0,-1.0032691955566406,0.9200000166893005,0.2,2
1,0.99,0.044999998062849045,0.9549999833106995,0.010000001,0,1.0,-0.9429999589920044,0.7049999237060547,1.0,1
1,1.0,0.0,1.0,0.0,0,0.0,-1.000499963760376,0.800000011920929,0.8,1
1,1.0,0.0,1.0,0.0,0,0.0,-1.0,0.6800000071525574,0.8,3
1,1.0,0.0,1.0,0.0,0,0.0,-1.0,0.7749999761581421,0.5,1
1,1.0,0.0,1.0,0.0,0,0.0,-1.0,0.940000057220459,0.2,3
1,1.0,0.0,1.0,0.0,0,0.0,-1.0,0.75,1.0,0
1,1.0,0.0,1.0,0.0,0,0.0,-1.0,0.9099999666213989,0.3,0
1,1.0,0.0,1.0,0.0,0,0.0,-1.0,0.9099999666213989,0.3,1
1,0.96,1.0,0.0,0.040000003,0,1.0,0.8740000128746033,0.0,0.0,0
1,1.0,1.0,0.0,0.0,0,0.0,0.9990000128746033,0.0,0.0,0
1,0.8838201,0.5228093862533569,0.47719061374664307,0.116179876,1,0.0,-5.337775230407715,0.15719063580036163,0.8,2
1,1.0,0.0,1.0,0.0,0,0.0,-1.00580894947052,0.875,0.5,1
1,0.98,1.0,0.0,0.020000001,0,1.0,0.9369999766349792,0.0,0.0,0
1,1.0,0.0,1.0,0.0,0,0.0,-1.000499963760376,0.8500000238418579,0.5,1
1,0.99,0.044999998062849045,0.9549999833106995,0.010000001,0,1.0,-0.9429999589920044,0.8799999952316284,0.3,1
1,1.0,0.0,1.0,0.0,0,0.0,-1.000499963760376,0.6800000071525574,0.8,2
1,1.0,0.0,1.0,0.0,0,0.0,-1.0,0.8500000238418579,0.5,3
1,0.98,1.0,0.0,0.020000001,0,1.0,0.9369999766349792,0.0,0.0,0
1,1.0,1.0,0.0,0.0,0,0.0,0.9994999766349792,0.0,0.0,0
1,1.0,0.0,1.0,0.0,0,0.0,-1.0,0.940000057220459,0.2,0
1,1.0,1.0,0.0,0.0,0,0.0,1.0,0.0,0.0,0
1,1.0,0.0,1.0,0.0,0,0.0,-1.0,0.875,0.5,1
1,1.0,0.0,1.0,0.0,0,0.0,-1.0,0.9500000476837158,0.2,3
1,1.0,0.0,1.0,0.0,0,0.0,-1.0,0.875,0.5,2
1,1.0,0.0,1.0,0.0,0,0.0,-1.0,0.7999999523162842,0.5,0
1,0.96,1.0,0.0,0.040000003,0,1.0,0.8740000128746033,0.0,0.0,0
1,0.8,0.8999999761581421,0.1000000536441803,0.2,1,0.0,-4.859000205993652,-0.21999993920326233,0.8,3
1,0.99,0.044999998062849045,0.9549999833106995,0.010000001,0,1.0,-0.9519999623298645,0.8799999952316284,0.3,3
1,1.0,1.0,0.0,0.0,0,0.0,0.9994999766349792,0.0,0.0,0
1,0.9924844,0.03382015973329544,0.9661798477172852,0.0075155916,0,0.0,-0.9571611881256104,0.8911798596382141,0.3,1
1,1.0,1.0,0.0,0.0,0,0.0,0.9996241927146912,0.0,0.0,0
1,0.98,1.0,0.0,0.020000001,0,1.0,0.9369999766349792,0.0,0.0,0
1,0.99,0.044999998062849045,0.9549999833106995,0.010000001,0,1.0,-0.9424999356269836,0.8799999952316284,0.3,2
1,1.0,0.0,1.0,0.0,0,0.0,-1.000499963760376,0.925000011920929,0.3,0
1,1.0,0.0,1.0,0.0,0,0.0,-1.0,0.6800000071525574,0.8,3
1,1.0,1.0,0.0,0.0,0,0.0,1.0,0.0,0.0,0
1,1.0,0.0,1.0,0.0,0,0.0,-1.0,0.940000057220459,0.2,0
1,0.8938986,0.47745615243911743,0.5225438475608826,0.10610137,1,0.0,-5.3952226638793945,0.4325438439846039,0.2,3
1,0.99,0.044999998062849045,0.9549999833106995,0.010000001,0,1.0,-0.9473050236701965,0.8299999833106995,0.5,1
1,0.98,1.0,0.0,0.020000001,0,1.0,0.9375,0.0,0.0,0
1,1.0,1.0,0.0,0.0,0,0.0,0.9994999766349792,0.0,0.0,0
1,0.99,0.044999998062849045,0.9549999833106995,0.010000001,0,1.0,-0.9429999589920044,0.8799999952316284,0.3,1
1,0.99,0.044999998062849045,0.9549999833106995,0.010000001,0,1.0,-0.9424999356269836,0.8649999499320984,0.3,0
1,0.99,0.044999998062849045,0.9549999833106995,0.010000001,0,1.0,-0.9424999356269836,0.9050000309944153,0.2,0
1,1.0,0.0,1.0,0.0,0,0.0,-1.000499963760376,0.9500000476837158,0.2,1
1,1.0,0.0,1.0,0.0,0,0.0,-1.0,0.9099999666213989,0.3,2
1,1.0,0.0,1.0,0.0,0,0.0,-1.0,0.8500000238418579,0.5,3
1,1.0,0.0,1.0,0.0,0,0.0,-1.0,0.7000000476837158,1.0,1
1,0.99,0.044999998062849045,0.9549999833106995,0.010000001,0,1.0,-0.9429999589920044,0.875,0.2,0
1,0.99,0.044999998062849045,0.9549999833106995,0.010000001,0,1.0,-0.9424999356269836,0.8299999833106995,0.5,3
1,0.98,1.0,0.0,0.020000001,0,1.0,0.9375,0.0,0.0,0
1,0.99,0.044999998062849045,0.9549999833106995,0.010000001,0,1.0,-0.9424999356269836,0.8799999952316284,0.3,2
1,0.89728135,0.46223387122154236,0.53776615858078,0.102718644,1,0.0,-5.414003849029541,0.4777661859989166,0.2,1
1,0.99170727,0.037317223846912384,0.9626827239990234,0.008292717,0,0.0,-0.9570380449295044,0.8876827359199524,0.3,1
1,1.0,0.0,1.0,0.0,0,0.0,-1.0004146099090576,0.75,1.0,2
1,1.0,0.0,1.0,0.0,0,0.0,-1.0,0.6800000071525574,0.8,3
1,1.0,0.0,1.0,0.0,0,0.0,-1.0,0.875,0.5,2
1,0.99,0.044999998062849045,0.9549999833106995,0.010000001,0,1.0,-0.9429999589920044,0.8799999952316284,0.3,2
1,1.0,0.0,1.0,0.0,0,0.0,-1.000499963760376,0.9500000476837158,0.2,0
1,0.99,0.044999998062849045,0.9549999833106995,0.010000001,0,1.0,-0.9429999589920044,0.7049999237060547,1.0,2
1,1.0,0.0,1.0,0.0,0,0.0,-1.000499963760376,0.550000011920929,1.0,0
1,1.0,0.0,1.0,0.0,0,0.0,-1.0,0.940000057220459,0.2,3
1,1.0,1.0,0.0,0.0,0,0.0,1.0,0.0,0.0,0
1,0.8,0.8999999761581421,0.10000000149011612,0.2,1,0.0,-4.860000133514404,0.02499999850988388,0.3,3
1,1.0,0.0,1.0,0.0,0,0.0,-1.0099999904632568,0.7999999523162842,0.5,2
1,1.0,0.0,1.0,0.0,0,0.0,-1.0,0.7599999904632568,0.8,2
1,0.98,1.0,0.0,0.020000001,0,1.0,0.9369999766349792,0.0,0.0,0
1,1.0,1.0,0.0,0.0,0,0.0,0.9994999766349792,0.0,0.0,0
1,1.0,0.0,1.0,0.0,0,0.0,-1.0,0.7599999904632568,0.8,2
1,1.0,0.0,1.0,0.0,0,0.0,-1.0,0.9500000476837158,0.2,3
1,1.0,1.0,0.0,0.0,0,0.0,1.0,0.0,0.0,0
1,0.98,1.0,0.0,0.020000001,0,1.0,0.9369999766349792,0.0,0.0,0
1,1.0,1.0,0.0,0.0,0,0.0,0.9994999766349792,0.0,0.0,0
1,1.0,0.0,1.0,0.0,0,0.0,-1.0,0.800000011920929,0.8,3
1,1.0,0.0,1.0,0.0,0,0.0,-1.0,0.875,0.5,0
1,1.0,1.0,0.0,0.0,0,0.0,1.0,0.0,0.0,0
1,1.0,0.0,1.0,0.0,0,0.0,-1.0,0.875,0.5,3
1,1.0,0.0,1.0,0.0,0,0.0,-1.0,0.9099999666213989,0.3,1
1,1.0,1.0,0.0,0.0,0,0.0,1.0,0.0,0.0,0
1,1.0,1.0,0.0,0.0,0,0.0,1.0,0.0,0.0,0
1,0.95700115,0.19349470734596252,0.8065053224563599,0.042998828,0,0.0,-0.7549067735671997,0.3565053343772888,1.0,2
1,1.0,1.0,0.0,0.0,0,0.0,0.9978500604629517,0.0,0.0,0
1,1.0,1.0,0.0,0.0,0,0.0,1.0,0.0,0.0,0
1,1.0,1.0,0.0,0.0,0,0.0,1.0,0.0,0.0,0
1,1.0,1.0,0.0,0.0,0,0.0,1.0,0.0,0.0,0
1,1.0,1.0,0.0,0.0,0,0.0,1.0,0.0,0.0,0
1,0.83563477,0.7396435141563416,0.26035651564598083,0.16436523,1,0.0,-5.0631184577941895,0.17035651206970215,0.3,3
1,1.0,1.0,0.0,0.0,0,0.0,0.9917817115783691,0.0,0.0,0
1,0.99,0.044999998062849045,0.9549999833106995,0.010000001,0,1.0,-0.9429999589920044,0.6349999904632568,0.8,1
1,0.96,1.0,0.0,0.040000003,0,1.0,0.8744999766349792,0.0,0.0,0
1,0.8,0.8999999761581421,0.10000002384185791,0.2,1,0.0,-4.859000205993652,-0.3499999940395355,1.0,2
1,1.0,0.0,1.0,0.0,0,0.0,-1.0099999904632568,0.875,0.5,2
1,0.99,0.044999998062849045,0.9549999833106995,0.010000001,0,1.0,-0.9429999589920044,0.9050000309944153,0.2,0
1,0.98,1.0,0.0,0.020000001,0,1.0,0.9375,0.0,0.0,0
1,1.0,0.0,1.0,0.0,0,0.0,-1.000499963760376,0.5999999642372131,1.0,3
1,1.0,0.0,1.0,0.0,0,0.0,-1.0,0.550000011920929,1.0,0
1,0.99,0.044999998062849045,0.9549999833106995,0.010000001,0,1.0,-0.9429999589920044,0.8299999833106995,0.5,2
1,0.99,0.044999998062849045,0.9549999833106995,0.010000001,0,1.0,-0.9424999356269836,0.9050000309944153,0.2,2
1,1.0,0.0,1.0,0.0,0,0.0,-1.000499963760376,0.800000011920929,0.8,2
1,1.0,0.0,1.0,0.0,0,0.0,-1.0,0.7749999761581421,0.5,2
1,0.99,0.044999998062849045,0.9549999833106995,0.010000001,0,1.0,-0.9429999589920044,0.9050000309944153,0.2,0
1,1.0,0.0,1.0,0.0,0,0.0,-1.000499963760376,0.9099999666213989,0.3,0
1,1.0,1.0,0.0,0.0,0,0.0,1.0,0.0,0.0,0
1,1.0,1.0,0.0,0.0,0,0.0,1.0,0.0,0.0,0
1,0.99,0.044999998062849045,0.9549999833106995,0.010000001,0,1.0,-0.9429999589920044,0.5549999475479126,1.0,3
1,0.99,0.044999998062849045,0.9549999833106995,0.010000001,0,1.0,-0.9424999356269836,0.5049999356269836,1.0,2
1,1.0,0.0,1.0,0.0,0,0.0,-1.000499963760376,0.940000057220459,0.2,3
1,0.98,1.0,0.0,0.020000001,0,1.0,0.9369999766349792,0.0,0.0,0
1,1.0,0.0,1.0,0.0,0,0.0,-1.000499963760376,0.6399999856948853,0.8,1
1,1.0,0.0,1.0,0.0,0,0.0,-1.0,0.925000011920929,0.3,3
1,1.0,0.0,1.0,0.0,0,0.0,-1.0,0.925000011920929,0.3,2
1,0.99,0.044999998062849045,0.9549999833106995,0.010000001,0,1.0,-0.9429999589920044,0.8050000071525574,0.5,2
1,1.0,0.0,1.0,0.0,0,0.0,-1.000499963760376,0.925000011920929,0.3,2
1,1.0,1.0,0.0,0.0,0,0.0,1.0,0.0,0.0,0
1,1.0,1.0,0.0,0.0,0,0.0,1.0,0.0,0.0,0
1,1.0,0.0,1.0,0.0,0,0.0,-1.0,0.9500000476837158,0.2,3
1,0.8646898,0.6088957786560059,0.39110422134399414,0.13531017,1,0.0,-5.228732109069824,0.14110422134399414,1.0,0
1,1.0,0.0,1.0,0.0,0,0.0,-1.0067654848098755,0.7999999523162842,0.5,3
1,0.96,1.0,0.0,0.040000003,0,1.0,0.8740000128746033,0.0,0.0,0
1,1.0,0.0,1.0,0.0,0,0.0,-1.0010000467300415,0.9200000166893005,0.2,3
1,0.96,1.0,0.0,0.040000003,0,1.0,0.8740000128746033,0.0,0.0,0
1,1.0,1.0,0.0,0.0,0,0.0,0.9990000128746033,0.0,0.0,0
1,1.0,0.0,1.0,0.0,0,0.0,-1.0,0.9500000476837158,0.2,0
1,1.0,0.0,1.0,0.0,0,0.0,-1.0,0.925000011920929,0.3,2
1,1.0,1.0,0.0,0.0,0,0.0,1.0,0.0,0.0,0
1,1.0,1.0,0.0,0.0,0,0.0,1.0,0.0,0.0,0
1,1.0,0.0,1.0,0.0,0,0.0,-1.0,0.7749999761581421,0.5,2
1,1.0,1.0,0.0,0.0,0,0.0,1.0,0.0,0.0,0
1,1.0,1.0,0.0,0.0,0,0.0,1.0,0.0,0.0,0
1,1.0,1.0,0.0,0.0,0,0.0,1.0,0.0,0.0,0
1,0.8979002,0.45944902300834656,0.540550947189331,0.10209979,1,0.0,-5.418031692504883,0.48055097460746765,0.2,1
1,0.98,1.0,0.0,0.020000001,0,1.0,0.9328950047492981,0.0,0.0,0
1,1.0,1.0,0.0,0.0,0,0.0,0.9994999766349792,0.0,0.0,0
1,0.98,1.0,0.0,0.020000001,0,1.0,0.9369999766349792,0.0,0.0,0
1,0.99,0.044999998062849045,0.9549999833106995,0.010000001,0,1.0,-0.9424999356269836,0.8799999952316284,0.3,3
1,1.0,0.0,1.0,0.0,0,0.0,-1.000499963760376,0.875,0.5,2
1,1.0,0.0,1.0,0.0,0,0.0,-1.0,0.6800000071525574,0.8,0
1,0.99,0.044999998062849045,0.9549999833106995,0.010000001,0,1.0,-0.9429999589920044,0.9050000309944153,0.2,0
1,0.99,0.044999998062849045,0.9549999833106995,0.010000001,0,1.0,-0.9424999356269836,0.9050000309944153,0.2,3
1,1.0,1.0,0.0,0.0,0,0.0,0.9994999766349792,0.0,0.0,0
1,1.0,0.0,1.0,0.0,0,0.0,-1.0,0.7599999904632568,0.8,0
1,1.0,0.0,1.0,0.0,0,0.0,-1.0,0.800000011920929,0.8,3
1,1.0,0.0,1.0,0.0,0,0.0,-1.0,0.925000011920929,0.3,3
1,1.0,0.0,1.0,0.0,0,0.0,-1.0,0.5999999642372131,1.0,3
1,1.0,0.0,1.0,0.0,0,0.0,-1.0,0.800000011920929,0.8,3
1,0.85285,0.6621749401092529,0.3378250300884247,0.14715,1,0.0,-5.161245346069336,0.2778250277042389,0.2,0
1,0.98,1.0,0.0,0.020000001,0,1.0,0.9306424856185913,0.0,0.0,0
1,1.0,0.0,1.0,0.0,0,0.0,-1.000499963760376,0.925000011920929,0.3,1
1,0.9991631,1.0,0.0,0.00083692075,0,0.0,0.9973637461662292,0.0,0.0,0
1,0.99,0.044999998062849045,0.9549999833106995,0.010000001,0,1.0,-0.9429790377616882,0.8050000071525574,0.5,0
1,1.0,0.0,1.0,0.0,0,0.0,-1.000499963760376,0.9100000262260437,0.2,3
1,0.99,0.044999998062849045,0.9549999833106995,0.010000001,0,1.0,-0.9429999589920044,0.8799999952316284,0.3,2
1,1.0,0.0,1.0,0.0,0,0.0,-1.000499963760376,0.875,0.5,2
1,1.0,0.0,1.0,0.0,0,0.0,-1.0,0.9500000476837158,0.2,2
1,0.99,0.044999998062849045,0.9549999833106995,0.010000001,0,1.0,-0.9429999589920044,0.9050000309944153,0.2,0
1,0.99,0.044999998062849045,0.9549999833106995,0.010000001,0,1.0,-0.9424999356269836,0.8649999499320984,0.3,0
1,0.96011627,0.17947666347026825,0.8205233216285706,0.039883703,0,0.0,-0.7721628546714783,0.5955233573913574,0.5,0
1,1.0,0.0,1.0,0.0,0,0.0,-1.0019941329956055,0.875,0.5,3
1,1.0,0.0,1.0,0.0,0,0.0,-1.0,0.925000011920929,0.3,1
1,1.0,0.0,1.0,0.0,0,0.0,-1.0,0.6399999856948853,0.8,0
1,1.0,0.0,1.0,0.0,0,0.0,-1.0,0.9099999666213989,0.3,3
1,0.9855508,0.06502125412225723,0.9349787831306458,0.014449167,0,0.0,-0.9176398515701294,0.8599787950515747,0.3,1
1,1.0,0.0,1.0,0.0,0,0.0,-1.0007224082946777,0.875,0.5,0
1,1.0,0.0,1.0,0.0,0,0.0,-1.0,0.5999999642372131,1.0,2
1,1.0,1.0,0.0,0.0,0,0.0,1.0,0.0,0.0,0
1,1.0,1.0,0.0,0.0,0,0.0,1.0,0.0,0.0,0
1,0.96,1.0,0.0,0.040000003,0,1.0,0.8740000128746033,0.0,0.0,0
1,1.0,1.0,0.0,0.0,0,0.0,0.9990000128746033,0.0,0.0,0
1,0.927538,0.32607898116111755,0.6739210486412048,0.072462,1,0.0,-5.5869669914245605,0.4739210605621338,0.8,0
1,0.99,0.044999998062849045,0.9549999833106995,0.010000001,0,1.0,-0.9456230401992798,0.8950000405311584,0.2,3
1,0.99,0.044999998062849045,0.9549999833106995,0.010000001,0,1.0,-0.9424999356269836,0.7049999237060547,1.0,3
1,1.0,1.0,0.0,0.0,0,0.0,0.9994999766349792,0.0,0.0,0
1,0.81180817,0.8468630313873291,0.1531369388103485,0.18819182,1,0.0,-4.92730712890625,0.07813693583011627,0.3,0
1,0.99,0.044999998062849045,0.9549999833106995,0.010000001,0,1.0,-0.9514095187187195,0.6349999904632568,0.8,2
1,1.0,0.0,1.0,0.0,0,0.0,-1.000499963760376,0.7000000476837158,1.0,0
1,1.0,0.0,1.0,0.0,0,0.0,-1.0,0.875,0.5,0
1,0.99,0.044999998062849045,0.9549999833106995,0.010000001,0,1.0,-0.9429999589920044,0.5549999475479126,1.0,1
1,1.0,0.0,1.0,0.0,0,0.0,-1.000499963760376,0.9500000476837158,0.2,0
1,1.0,1.0,0.0,0.0,0,0.0,1.0,0.0,0.0,0
1,1.0,0.0,1.0,0.0,0,0.0,-1.0,0.75,1.0,2
1,1.0,0.0,1.0,0.0,0,0.0,-1.0,0.925000011920929,0.3,3
1,0.99,0.044999998062849045,0.9549999833106995,0.010000001,0,1.0,-0.9429999589920044,0.7549999952316284,0.5,0
1,0.99,0.044999998062849045,0.9549999833106995,0.010000001,0,1.0,-0.9424999356269836,0.8799999952316284,0.3,0
1,1.0,0.0,1.0,0.0,0,0.0,-1.000499963760376,0.925000011920929,0.3,1
1,1.0,0.0,1.0,0.0,0,0.0,-1.0,0.9200000166893005,0.2,3
1,1.0,0.0,1.0,0.0,0,0.0,-1.0,0.800000011920929,0.8,2
1,1.0,1.0,0.0,0.0,0,0.0,1.0,0.0,0.0,0
1,1.0,0.0,1.0,0.0,0,0.0,-1.0,0.8500000238418579,0.5,0
1,0.99,0.044999998062849045,0.9549999833106995,0.010000001,0,1.0,-0.9429999589920044,0.8799999952316284,0.3,0
1,0.98,1.0,0.0,0.020000001,0,1.0,0.9375,0.0,0.0,0
1,0.98,1.0,0.0,0.020000001,0,1.0,0.9375,0.0,0.0,0
1,1.0,1.0,0.0,0.0,0,0.0,0.9994999766349792,0.0,0.0,0
1,1.0,0.0,1.0,0.0,0,0.0,-1.0,0.75,1.0,0
1,1.0,0.0,1.0,0.0,0,0.0,-1.0,0.9099999666213989,0.3,0
1,1.0,0.0,1.0,0.0,0,0.0,-1.0,0.5999999642372131,1.0,0
1,0.8,0.8999999761581421,0.10000002384185791,0.2,1,0.0,-4.8600006103515625,-0.1499999761581421,1.0,0
1,1.0,0.0,1.0,0.0,0,0.0,-1.0099999904632568,0.9500000476837158,0.2,0
1,0.99,0.044999998062849045,0.9549999833106995,0.010000001,0,1.0,-0.9429999589920044,0.7049999237060547,1.0,0
1,0.9595398,0.18207089602947235,0.8179290890693665,0.0404602,0,0.0,-0.768876850605011,0.5929291248321533,0.5,0
1,1.0,1.0,0.0,0.0,0,0.0,0.9979770183563232,0.0,0.0,0
1,1.0,0.0,1.0,0.0,0,0.0,-1.0,0.8500000238418579,0.5,2
1,1.0,0.0,1.0,0.0,0,0.0,-1.0,0.875,0.5,1
1,1.0,0.0,1.0,0.0,0,0.0,-1.0,0.940000057220459,0.2,3
1,1.0,0.0,1.0,0.0,0,0.0,-1.0,0.9200000166893005,0.2,2
1,1.0,0.0,1.0,0.0,0,0.0,-1.0,0.9500000476837158,0.2,1
1,1.0,0.0,1.0,0.0,0,0.0,-1.0,0.875,0.5,3
1,1.0,1.0,0.0,0.0,0,0.0,1.0,0.0,0.0,0
1,0.8663054,0.6016255617141724,0.39837446808815,0.13369457,1,0.0,-5.237941265106201,0.15837445855140686,0.8,1
1,0.99,0.044999998062849045,0.9549999833106995,0.010000001,0,1.0,-0.9486846923828125,0.8050000071525574,0.5,1
1,0.98,1.0,0.0,0.020000001,0,1.0,0.9375,0.0,0.0,0
1,0.98,1.0,0.0,0.020000001,0,1.0,0.9375,0.0,0.0,0
1,1.0,1.0,0.0,0.0,0,0.0,0.9994999766349792,0.0,0.0,0
1,0.98,1.0,0.0,0.020000001,0,1.0,0.9369999766349792,0.0,0.0,0
1,1.0,0.0,1.0,0.0,0,0.0,-1.000499963760376,0.800000011920929,0.8,1
1,0.99,0.044999998062849045,0.9549999833106995,0.010000001,0,1.0,-0.9429999589920044,0.6549999713897705,1.0,2
1,0.99,0.044999998062849045,0.9549999833106995,0.010000001,0,1.0,-0.9424999356269836,0.7549999952316284,0.5,0
1,0.99,0.044999998062849045,0.9549999833106995,0.010000001,0,1.0,-0.9424999356269836,0.5549999475479126,1.0,3
1,1.0,0.0,1.0,0.0,0,0.0,-1.000499963760376,0.75,1.0,2
1,0.98,1.0,0.0,0.020000001,0,1.0,0.9369999766349792,0.0,0.0,0
1,0.99,0.044999998062849045,0.9549999833106995,0.010000001,0,1.0,-0.9424999356269836,0.6349999904632568,0.8,1
1,1.0,1.0,0.0,0.0,0,0.0,0.9994999766349792,0.0,0.0,0
1,1.0,0.0,1.0,0.0,0,0.0,-1.0,0.800000011920929,0.8,0
1,1.0,0.0,1.0,0.0,0,0.0,-1.0,0.875,0.5,2
1,1.0,1.0,0.0,0.0,0,0.0,1.0,0.0,0.0,0
1,0.96,1.0,0.0,0.040000003,0,1.0,0.8740000128746033,0.0,0.0,0
1,1.0,0.0,1.0,0.0,0,0.0,-1.0010000467300415,0.9200000166893005,0.2,1
1,1.0,1.0,0.0,0.0,0,0.0,1.0,0.0,0.0,0
1,0.96,1.0,0.0,0.040000003,0,1.0,0.8740000128746033,0.0,0.0,0
1,1.0,1.0,0.0,0.0,0,0.0,0.9990000128746033,0.0,0.0,0
1,0.91076845,0.4015420079231262,0.5984579920768738,0.08923156,1,0.0,-5.491380214691162,0.2984579801559448,1.0,3
1,0.98,1.0,0.0,0.020000001,0,1.0,0.9335384368896484,0.0,0.0,0
1,0.99,0.044999998062849045,0.9549999833106995,0.010000001,0,1.0,-0.9424999356269836,0.5049999356269836,1.0,2
1,1.0,1.0,0.0,0.0,0,0.0,0.9994999766349792,0.0,0.0,0
1,1.0,1.0,0.0,0.0,0,0.0,1.0,0.0,0.0,0
1,1.0,0.0,1.0,0.0,0,0.0,-1.0,0.75,1.0,1
1,1.0,0.0,1.0,0.0,0,0.0,-1.0,0.550000011920929,1.0,2
1,1.0,0.0,1.0,0.0,0,0.0,-1.0,0.7599999904632568,0.8,1
1,1.0,0.0,1.0,0.0,0,0.0,-1.0,0.7599999904632568,0.8,0
1,0.8209378,0.805779755115509,0.19422024488449097,0.17906217,1,0.0,-4.979345798492432,-0.05577976256608963,1.0,1
1,0.99,0.044999998062849045,0.9549999833106995,0.010000001,0,1.0,-0.9509530663490295,0.7549999952316284,0.5,1
1,1.0,0.0,1.0,0.0,0,0.0,-1.000499963760376,0.9500000476837158,0.2,1
1,1.0,0.0,1.0,0.0,0,0.0,-1.0,0.875,0.5,2
1,1.0,1.0,0.0,0.0,0,0.0,1.0,0.0,0.0,0
1,1.0,0.0,1.0,0.0,0,0.0,-1.0,0.925000011920929,0.3,2
1,1.0,0.0,1.0,0.0,0,0.0,-1.0,0.5999999642372131,1.0,3
1,1.0,0.0,1.0,0.0,0,0.0,-1.0,0.940000057220459,0.2,2
1,1.0,1.0,0.0,0.0,0,0.0,1.0,0.0,0.0,0
1,0.99,0.044999998062849045,0.9549999833106995,0.010000001,0,1.0,-0.9429999589920044,0.8799999952316284,0.3,2
1,1.0,0.0,1.0,0.0,0,0.0,-1.000499963760376,0.6399999856948853,0.8,2
1,1.0,0.0,1.0,0.0,0,0.0,-1.0,0.9500000476837158,0.2,1
1,0.99,0.044999998062849045,0.9549999833106995,0.010000001,0,1.0,-0.9429999589920044,0.9050000309944153,0.2,3
1,1.0,0.0,1.0,0.0,0,0.0,-1.000499963760376,0.550000011920929,1.0,1
1,1.0,0.0,1.0,0.0,0,0.0,-1.0,0.940000057220459,0.2,1
1,0.98,1.0,0.0,0.020000001,0,1.0,0.9369999766349792,0.0,0.0,0
2,1.0,0.0,1.0,0.0,0,0.0,-1.0,0.9099999666213989,0.3,3
2,0.8,0.8999999761581421,0.10000000149011612,0.2,1,0.0,-4.860000133514404,0.02499999850988388,0.3,1
2,1.0,0.0,1.0,0.0,0,0.0,-1.0099999904632568,0.6800000071525574,0.8,0
2,0.99,0.044999998062849045,0.9549999833106995,0.010000001,0,1.0,-0.9429999589920044,0.7549999952316284,0.8,2
2,1.0,0.0,1.0,0.0,0,0.0,-1.000499963760376,0.9099999666213989,0.3,0
2,1.0,0.0,1.0,0.0,0,0.0,-1.0,0.5999999642372131,1.0,1
2,1.0,0.0,1.0,0.0,0,0.0,-1.0,0.9500000476837158,0.2,0
2,1.0,0.0,1.0,0.0,0,0.0,-1.0,0.925000011920929,0.3,0
2,0.99,0.044999998062849045,0.9549999833106995,0.010000001,0,1.0,-0.9429999589920044,0.7149999737739563,0.8,0
2,0.99,0.044999998062849045,0.9549999833106995,0.010000001,0,1.0,-0.9424999356269836,0.8299999833106995,0.5,2
2,1.0,0.0,1.0,0.0,0,0.0,-1.000499963760376,0.7599999904632568,0.8,0
2,1.0,1.0,0.0,0.0,0,0.0,1.0,0.0,0.0,0
2,0.99,0.044999998062849045,0.9549999833106995,0.010000001,0,1.0,-0.9429999589920044,0.8799999952316284,0.3,0
2,1.0,0.0,1.0,0.0,0,0.0,-1.000499963760376,0.800000011920929,0.8,2
2,1.0,0.0,1.0,0.0,0,0.0,-1.0,0.75,1.0,0
2,1.0,0.0,1.0,0.0,0,0.0,-1.0,0.800000011920929,0.8,2
2,1.0,0.0,1.0,0.0,0,0.0,-1.0,0.9200000166893005,0.2,2
2,1.0,0.0,1.0,0.0,0,0.0,-1.0,0.9500000476837158,0.2,1
2,0.99,0.044999998062849045,0.9549999833106995,0.010000001,0,1.0,-0.9429999589920044,0.8050000071525574,0.5,2
2,1.0,1.0,0.0,0.0,0,0.0,0.9994999766349792,0.0,0.0,0
2,0.85127485,0.6692633032798767,0.3307366967201233,0.14872518,1,0.0,-5.152266502380371,0.2057366818189621,0.5,3
2,1.0,0.0,1.0,0.0,0,0.0,-1.0074362754821777,0.7000000476837158,1.0,1
2,0.99,0.044999998062849045,0.9549999833106995,0.010000001,0,1.0,-0.9429999589920044,0.7549999952316284,0.8,3
2,1.0,0.0,1.0,0.0,0,0.0,-1.000499963760376,0.9200000166893005,0.2,0
2,1.0,0.0,1.0,0.0,0,0.0,-1.0,0.5999999642372131,1.0,3
2,1.0,1.0,0.0,0.0,0,0.0,1.0,0.0,0.0,0
2,1.0,1.0,0.0,0.0,0,0.0,1.0,0.0,0.0,0
2,0.9328492,0.30217844247817993,0.6978215575218201,0.067150764,1,0.0,-5.6172404289245605,0.607821524143219,0.3,3
2,1.0,0.0,1.0,0.0,0,0.0,-1.0033575296401978,0.7000000476837158,1.0,2
2,1.0,0.0,1.0,0.0,0,0.0,-1.0,0.800000011920929,0.8,1
2,1.0,0.0,1.0,0.0,0,0.0,-1.0,0.9500000476837158,0.2,2
2,1.0,0.0,1.0,0.0,0,0.0,-1.0,0.800000011920929,0.8,2
2,1.0,1.0,0.0,0.0,0,0.0,1.0,0.0,0.0,0
2,1.0,1.0,0.0,0.0,0,0.0,1.0,0.0,0.0,0
2,0.98,1.0,0.0,0.020000001,0,1.0,0.9369999766349792,0.0,0.0,0
2,0.98,1.0,0.0,0.020000001,0,1.0,0.9375,0.0,0.0,0
2,0.9988339,0.00524752726778388,0.9947524666786194,0.0011661173,0,0.0,-0.9937364459037781,0.9447525143623352,0.2,0
2,0.99,0.044999998062849045,0.9549999833106995,0.010000001,0,1.0,-0.9429416060447693,0.8050000071525574,0.5,0
2,1.0,0.0,1.0,0.0,0,0.0,-1.000499963760376,0.925000011920929,0.3,3
2,1.0,1.0,0.0,0.0,0,0.0,1.0,0.0,0.0,0
2,1.0,1.0,0.0,0.0,0,0.0,1.0,0.0,0.0,0
2,1.0,0.0,1.0,0.0,0,0.0,-1.0,0.800000011920929,0.8,0
2,0.99,0.044999998062849045,0.9549999833106995,0.010000001,0,1.0,-0.9429999589920044,0.6349999904632568,0.8,3
2,1.0,0.0,1.0,0.0,0,0.0,-1.000499963760376,0.9099999666213989,0.3,0
2,1.0,0.0,1.0,0.0,0,0.0,-1.0,0.7000000476837158,1.0,2
2,1.0,1.0,0.0,0.0,0,0.0,1.0,0.0,0.0,0
2,1.0,0.0,1.0,0.0,0,0.0,-1.0,0.7000000476837158,1.0,2
2,0.8,0.8999999761581421,0.1000000536441803,0.2,1,0.0,-4.8600006103515625,-0.21999993920326233,0.8,0
2,0.98,1.0,0.0,0.020000001,0,1.0,0.9279999732971191,0.0,0.0,0
2,1.0,0.0,1.0,0.0,0,0.0,-1.000499963760376,0.9500000476837158,0.2,1
2,1.0,0.0,1.0,0.0,0,0.0,-1.0,0.8500000238418579,0.5,0
2,1.0,1.0,0.0,0.0,0,0.0,1.0,0.0,0.0,0
2,1.0,0.0,1.0,0.0,0,0.0,-1.0,0.875,0.5,3
2,1.0,0.0,1.0,0.0,0,0.0,-1.0,0.7749999761581421,0.5,2
2,0.96,1.0,0.0,0.040000003,0,1.0,0.8740000128746033,0.0,0.0,0
2,1.0,0.0,1.0,0.0,0,0.0,-1.0010000467300415,0.8500000238418579,0.5,0
2,1.0,0.0,1.0,0.0,0,0.0,-1.0,0.7599999904632568,0.8,0
2,1.0,1.0,0.0,0.0,0,0.0,1.0,0.0,0.0,0
2,0.8,0.8999999761581421,0.10000000149011612,0.2,1,0.0,-4.860000133514404,0.02499999850988388,0.3,1
2,1.0,0.0,1.0,0.0,0,0.0,-1.0099999904632568,0.9200000166893005,0.2,2
2,0.98,1.0,0.0,0.020000001,0,1.0,0.9369999766349792,0.0,0.0,0
2,1.0,1.0,0.0,0.0,0,0.0,0.9994999766349792,0.0,0.0,0
2,1.0,0.0,1.0,0.0,0,0.0,-1.0,0.9500000476837158,0.2,1
2,1.0,0.0,1.0,0.0,0,0.0,-1.0,0.8500000238418579,0.5,3
2,1.0,0.0,1.0,0.0,0,0.0,-1.0,0.9500000476837158,0.2,1
2,1.0,0.0,1.0,0.0,0,0.0,-1.0,0.75,1.0,3
2,1.0,0.0,1.0,0.0,0,0.0,-1.0,0.75,1.0,0
2,0.98,1.0,0.0,0.020000001,0,1.0,0.9369999766349792,0.0,0.0,0
2,1.0,0.0,1.0,0.0,0,0.0,-1.000499963760376,0.940000057220459,0.2,1
2,1.0,0.0,1.0,0.0,0,0.0,-1.0,0.9500000476837158,0.2,2
2,1.0,0.0,1.0,0.0,0,0.0,-1.0,0.8500000238418579,0.5,2
2,1.0,1.0,0.0,0.0,0,0.0,1.0,0.0,0.0,0
2,0.98,1.0,0.0,0.020000001,0,1.0,0.9369999766349792,0.0,0.0,0
2,1.0,1.0,0.0,0.0,0,0.0,0.9994999766349792,0.0,0.0,0
2,1.0,1.0,0.0,0.0,0,0.0,1.0,0.0,0.0,0
2,1.0,1.0,0.0,0.0,0,0.0,1.0,0.0,0.0,0
2,1.0,1.0,0.0,0.0,0,0.0,1.0,0.0,0.0,0
2,1.0,0.0,1.0,0.0,0,0.0,-1.0,0.9200000166893005,0.2,1
2,0.89419794,0.47610926628112793,0.5238907337188721,0.10580206,1,0.0,-5.396928310394287,0.4738907516002655,0.2,2
2,1.0,1.0,0.0,0.0,0,0.0,0.9947099089622498,0.0,0.0,0
2,0.99,0.044999998062849045,0.9549999833106995,0.010000001,0,1.0,-0.9429999589920044,0.7549999952316284,0.8,1
2,1.0,0.0,1.0,0.0,0,0.0,-1.000499963760376,0.7000000476837158,1.0,1
2,1.0,0.0,1.0,0.0,0,0.0,-1.0,0.940000057220459,0.2,0
2,0.99,0.044999998062849045,0.9549999833106995,0.010000001,0,1.0,-0.9429999589920044,0.8799999952316284,0.3,1
2,1.0,0.0,1.0,0.0,0,0.0,-1.000499963760376,0.75,1.0,1
2,1.0,0.0,1.0,0.0,0,0.0,-1.0,0.7000000476837158,1.0,1
2,0.8,0.8999999761581421,0.10000002384185791,0.2,1,0.0,-4.8600006103515625,-0.19999998807907104,1.0,2
2,1.0,0.0,1.0,0.0,0,0.0,-1.0099999904632568,0.875,0.5,3
2,1.0,1.0,0.0,0.0,0,0.0,1.0,0.0,0.0,0
2,0.99,0.044999998062849045,0.9549999833106995,0.010000001,0,1.0,-0.9429999589920044,0.8299999833106995,0.5,0
2,0.99,0.044999998062849045,0.9549999833106995,0.010000001,0,1.0,-0.9424999356269836,0.8649999499320984,0.3,2
2,1.0,0.0,1.0,0.0,0,0.0,-1.000499963760376,0.9200000166893005,0.2,1
2,0.99,0.044999998062849045,0.9549999833106995,0.010000001,0,1.0,-0.9429999589920044,0.8649999499320984,0.3,0
2,0.99,0.044999998062849045,0.9549999833106995,0.010000001,0,1.0,-0.9424999356269836,0.8050000071525574,0.5,0
2,1.0,0.0,1.0,0.0,0,0.0,-1.000499963760376,0.9099999666213989,0.3,3
2,1.0,0.0,1.0,0.0,0,0.0,-1.0,0.6399999856948853,0.8,1
2,1.0,1.0,0.0,0.0,0,0.0,1.0,0.0,0.0,0
2,1.0,0.0,1.0,0.0,0,0.0,-1.0,0.940000057220459,0.2,2
2,1.0,1.0,0.0,0.0,0,0.0,1.0,0.0,0.0,0
2,0.99,0.044999998062849045,0.9549999833106995,0.010000001,0,1.0,-0.9429999589920044,0.8650000095367432,0.2,3
2,1.0,0.0,1.0,0.0,0,0.0,-1.000499963760376,0.940000057220459,0.2,2
2,1.0,0.0,1.0,0.0,0,0.0,-1.0,0.7599999904632568,0.8,0
2,0.99,0.044999998062849045,0.9549999833106995,0.010000001,0,1.0,-0.9429999589920044,0.7549999952316284,0.5,2
2,1.0,0.0,1.0,0.0,0,0.0,-1.000499963760376,0.9500000476837158,0.2,2
2,0.97791576,0.09937898069620132,0.9006209969520569,0.02208422,0,0.0,-0.8741199374198914,0.50062096118927,1.0,2
2,1.0,1.0,0.0,0.0,0,0.0,0.9988957643508911,0.0,0.0,0
2,0.964513,0.15969158709049225,0.840308427810669,0.035487022,0,0.0,-0.7977240085601807,0.6003084182739258,0.8,3
2,1.0,0.0,1.0,0.0,0,0.0,-1.0017743110656738,0.9500000476837158,0.2,0
2,0.8,0.8999999761581421,0.1000000536441803,0.2,1,0.0,-4.8600006103515625,-0.25999993085861206,0.8,2
2,1.0,0.0,1.0,0.0,0,0.0,-1.0099999904632568,0.9099999666213989,0.3,0
2,0.99,0.044999998062849045,0.9549999833106995,0.010000001,0,1.0,-0.9429999589920044,0.7049999237060547,1.0,2
2,0.98,1.0,0.0,0.020000001,0,1.0,0.9375,0.0,0.0,0
2,0.90221274,0.4400427043437958,0.5599573254585266,0.09778726,1,0.0,-5.442112445831299,0.46995729207992554,0.3,1
2,1.0,0.0,1.0,0.0,0,0.0,-1.0048893690109253,0.5999999642372131,1.0,3
2,1.0,1.0,0.0,0.0,0,0.0,1.0,0.0,0.0,0
2,1.0,1.0,0.0,0.0,0,0.0,1.0,0.0,0.0,0
2,1.0,1.0,0.0,0.0,0,0.0,1.0,0.0,0.0,0
2,1.0,1.0,0.0,0.0,0,0.0,1.0,0.0,0.0,0
2,0.99,0.044999998062849045,0.9549999833106995,0.010000001,0,1.0,-0.9429999589920044,0.5949999690055847,0.8,2
2,0.99,0.044999998062849045,0.9549999833106995,0.010000001,0,1.0,-0.9424999356269836,0.6549999713897705,1.0,1
2,1.0,1.0,0.0,0.0,0,0.0,0.9994999766349792,0.0,0.0,0
2,0.98,1.0,0.0,0.020000001,0,1.0,0.9369999766349792,0.0,0.0,0
2,0.99,0.044999998062849045,0.9549999833106995,0.010000001,0,1.0,-0.9424999356269836,0.7049999237060547,1.0,0
2,0.99,0.044999998062849045,0.9549999833106995,0.010000001,0,1.0,-0.9424999356269836,0.8299999833106995,0.5,2
2,1.0,0.0,1.0,0.0,0,0.0,-1.000499963760376,0.9500000476837158,0.2,1
2,0.98,1.0,0.0,0.020000001,0,1.0,0.9369999766349792,0.0,0.0,0
2,1.0,0.0,1.0,0.0,0,0.0,-1.000499963760376,0.9200000166893005,0.2,3
2,1.0,0.0,1.0,0.0,0,0.0,-1.0,0.925000011920929,0.3,3
2,1.0,0.0,1.0,0.0,0,0.0,-1.0,0.9100000262260437,0.2,2
2,0.99,0.044999998062849045,0.9549999833106995,0.010000001,0,1.0,-0.9429999589920044,0.7300000190734863,0.5,2
2,1.0,1.0,0.0,0.0,0,0.0,0.9994999766349792,0.0,0.0,0
2,1.0,0.0,1.0,0.0,0,0.0,-1.0,0.9500000476837158,0.2,2
2,1.0,1.0,0.0,0.0,0,0.0,1.0,0.0,0.0,0
2,0.98,1.0,0.0,0.020000001,0,1.0,0.9369999766349792,0.0,0.0,0
2,0.96,1.0,0.0,0.040000003,0,1.0,0.8744999766349792,0.0,0.0,0
2,1.0,0.0,1.0,0.0,0,0.0,-1.0010000467300415,0.9500000476837158,0.2,2
2,1.0,0.0,1.0,0.0,0,0.0,-1.0,0.925000011920929,0.3,1
2,1.0,1.0,0.0,0.0,0,0.0,1.0,0.0,0.0,0
2,1.0,1.0,0.0,0.0,0,0.0,1.0,0.0,0.0,0
2,1.0,1.0,0.0,0.0,0,0.0,1.0,0.0,0.0,0
2,1.0,0.0,1.0,0.0,0,0.0,-1.0,0.7000000476837158,1.0,0
2,1.0,0.0,1.0,0.0,0,0.0,-1.0,0.875,0.5,2
2,0.98482394,0.06829214841127396,0.9317078590393066,0.0151760345,0,0.0,-0.9134966731071472,0.8517078757286072,0.2,0
2,1.0,0.0,1.0,0.0,0,0.0,-1.0007587671279907,0.925000011920929,0.3,1
2,1.0,0.0,1.0,0.0,0,0.0,-1.0,0.800000011920929,0.8,0
2,0.861924,0.6213420033454895,0.3786579966545105,0.138076,1,0.0,-5.2129669189453125,0.17865800857543945,0.8,2
2,1.0,1.0,0.0,0.0,0,0.0,0.9930961728096008,0.0,0.0,0
2,1.0,0.0,1.0,0.0,0,0.0,-1.0,0.9100000262260437,0.2,0
2,1.0,0.0,1.0,0.0,0,0.0,-1.0,0.7599999904632568,0.8,1
2,1.0,0.0,1.0,0.0,0,0.0,-1.0,0.75,1.0,0
2,1.0,0.0,1.0,0.0,0,0.0,-1.0,0.5999999642372131,1.0,3
2,0.96,1.0,0.0,0.040000003,0,1.0,0.8740000128746033,0.0,0.0,0
2,1.0,0.0,1.0,0.0,0,0.0,-1.0010000467300415,0.925000011920929,0.3,0
2,1.0,0.0,1.0,0.0,0,0.0,-1.0,0.925000011920929,0.3,3
2,0.97168607,0.12741270661354065,0.8725873231887817,0.028313935,0,0.0,-0.8386105895042419,0.5725873708724976,1.0,0
2,0.8,0.8999999761581421,0.1000000536441803,0.2,1,0.0,-4.858584880828857,0.04000005125999451,0.2,2
2,1.0,0.0,1.0,0.0,0,0.0,-1.0099999904632568,0.9500000476837158,0.2,2
2,0.98,1.0,0.0,0.020000001,0,1.0,0.9369999766349792,0.0,0.0,0
2,1.0,0.0,1.0,0.0,0,0.0,-1.000499963760376,0.75,1.0,1
2,0.99,0.044999998062849045,0.9549999833106995,0.010000001,0,1.0,-0.9429999589920044,0.8649999499320984,0.3,3
2,1.0,0.0,1.0,0.0,0,0.0,-1.000499963760376,0.940000057220459,0.2,2
2,1.0,0.0,1.0,0.0,0,0.0,-1.0,0.6399999856948853,0.8,3
2,1.0,0.0,1.0,0.0,0,0.0,-1.0,0.800000011920929,0.8,0
2,1.0,1.0,0.0,0.0,0,0.0,1.0,0.0,0.0,0
2,1.0,0.0,1.0,0.0,0,0.0,-1.0,0.7000000476837158,1.0,3
2,1.0,0.0,1.0,0.0,0,0.0,-1.0,0.925000011920929,0.3,1
2,1.0,0.0,1.0,0.0,0,0.0,-1.0,0.9500000476837158,0.2,2
2,1.0,0.0,1.0,0.0,0,0.0,-1.0,0.9099999666213989,0.3,3
2,1.0,0.0,1.0,0.0,0,0.0,-1.0,0.925000011920929,0.3,3
2,0.98,1.0,0.0,0.020000001,0,1.0,0.9369999766349792,0.0,0.0,0
2,1.0,0.0,1.0,0.0,0,0.0,-1.000499963760376,0.940000057220459,0.2,0
2,0.9899852,0.04506636783480644,0.9549336433410645,0.010014749,0,0.0,-0.9429159760475159,0.7299336194992065,0.5,2
2,1.0,1.0,0.0,0.0,0,0.0,0.9994992613792419,0.0,0.0,0
2,1.0,0.0,1.0,0.0,0,0.0,-1.0,0.550000011920929,1.0,2
2,0.98529977,0.06615100055932999,0.9338489770889282,0.014700222,0,0.0,-0.9162086844444275,0.7338489294052124,0.5,2
2,1.0,1.0,0.0,0.0,0,0.0,0.9992650151252747,0.0,0.0,0
2,1.0,0.0,1.0,0.0,0,0.0,-1.0,0.9100000262260437,0.2,1
2,1.0,1.0,0.0,0.0,0,0.0,1.0,0.0,0.0,0
2,1.0,0.0,1.0,0.0,0,0.0,-1.0,0.875,0.5,3
2,1.0,0.0,1.0,0.0,0,0.0,-1.0,0.550000011920929,1.0,3
2,1.0,0.0,1.0,0.0,0,0.0,-1.0,0.940000057220459,0.2,2
2,1.0,0.0,1.0,0.0,0,0.0,-1.0,0.875,0.5,3
2,1.0,1.0,0.0,0.0,0,0.0,1.0,0.0,0.0,0
2,0.9712143,0.1295357048511505,0.8704642653465271,0.028785711,0,0.0,-0.8359213471412659,0.8204643130302429,0.2,3
2,1.0,0.0,1.0,0.0,0,0.0,-1.0014393329620361,0.940000057220459,0.2,3
2,1.0,0.0,1.0,0.0,0,0.0,-1.0,0.925000011920929,0.3,1
2,1.0,0.0,1.0,0.0,0,0.0,-1.0,0.8500000238418579,0.5,3
2,1.0,0.0,1.0,0.0,0,0.0,-1.0,0.75,1.0,3
2,0.8,0.8999999761581421,0.10000002384185791,0.2,1,0.0,-4.8600006103515625,-0.1499999761581421,1.0,1
2,0.9669586,0.14868628978729248,0.8513137102127075,0.0330414,0,0.0,-0.818359911441803,0.7913137674331665,0.2,3
2,0.9681209,0.14345617592334747,0.8565438389778137,0.031879153,0,0.0,-0.8167530298233032,0.7665438055992126,0.3,0
2,0.96,1.0,0.0,0.040000003,0,1.0,0.8744060397148132,0.0,0.0,0
2,1.0,1.0,0.0,0.0,0,0.0,0.9990000128746033,0.0,0.0,0
2,1.0,0.0,1.0,0.0,0,0.0,-1.0,0.7999999523162842,0.5,2
2,1.0,1.0,0.0,0.0,0,0.0,1.0,0.0,0.0,0
2,1.0,1.0,0.0,0.0,0,0.0,1.0,0.0,0.0,0
2,1.0,1.0,0.0,0.0,0,0.0,1.0,0.0,0.0,0
2,0.95987654,0.180555522441864,0.819444477558136,0.04012345,0,0.0,-0.7712963819503784,0.7444444894790649,0.3,3
2,1.0,0.0,1.0,0.0,0,0.0,-1.00200617313385,0.5999999642372131,1.0,2
2,1.0,0.0,1.0,0.0,0,0.0,-1.0,0.925000011920929,0.3,1
2,1.0,0.0,1.0,0.0,0,0.0,-1.0,0.9500000476837158,0.2,3
2,1.0,0.0,1.0,0.0,0,0.0,-1.0,0.550000011920929,1.0,0
2,1.0,0.0,1.0,0.0,0,0.0,-1.0,0.9200000166893005,0.2,3
2,1.0,0.0,1.0,0.0,0,0.0,-1.0,0.7000000476837158,1.0,0
2,1.0,0.0,1.0,0.0,0,0.0,-1.0,0.875,0.5,2
2,1.0,0.0,1.0,0.0,0,0.0,-1.0,0.925000011920929,0.3,1
2,1.0,0.0,1.0,0.0,0,0.0,-1.0,0.9500000476837158,0.2,0
2,0.99161094,1.0,0.0,0.008389032,0,0.0,0.9735745191574097,0.0,0.0,0
2,0.9361191,0.2874641716480255,0.7125357985496521,0.06388093,1,0.0,-5.635669231414795,0.6525358557701111,0.2,3
2,1.0,0.0,1.0,0.0,0,0.0,-1.0031940937042236,0.9500000476837158,0.2,2
2,0.99,0.044999998062849045,0.9549999833106995,0.010000001,0,1.0,-0.9429999589920044,0.6349999904632568,0.8,0
2,0.98,1.0,0.0,0.020000001,0,1.0,0.9375,0.0,0.0,0
2,1.0,1.0,0.0,0.0,0,0.0,0.9994999766349792,0.0,0.0,0
2,1.0,1.0,0.0,0.0,0,0.0,1.0,0.0,0.0,0
2,1.0,0.0,1.0,0.0,0,0.0,-1.0,0.800000011920929,0.8,0
2,1.0,0.0,1.0,0.0,0,0.0,-1.0,0.7999999523162842,0.5,3
2,1.0,1.0,0.0,0.0,0,0.0,1.0,0.0,0.0,0
2,1.0,1.0,0.0,0.0,0,0.0,1.0,0.0,0.0,0
2,1.0,1.0,0.0,0.0,0,0.0,1.0,0.0,0.0,0
2,0.8,0.8999999761581421,0.1000000536441803,0.2,1,0.0,-4.8600006103515625,-0.13999994099140167,0.8,3
2,1.0,0.0,1.0,0.0,0,0.0,-1.0099999904632568,0.925000011920929,0.3,2
2,0.99,0.044999998062849045,0.9549999833106995,0.010000001,0,1.0,-0.9429999589920044,0.7549999952316284,0.5,0
2,1.0,0.0,1.0,0.0,0,0.0,-1.000499963760376,0.9099999666213989,0.3,3
2,1.0,1.0,0.0,0.0,0,0.0,1.0,0.0,0.0,0
2,0.98,1.0,0.0,0.020000001,0,1.0,0.9369999766349792,0.0,0.0,0
2,0.99,0.044999998062849045,0.9549999833106995,0.010000001,0,1.0,-0.9424999356269836,0.8799999952316284,0.3,2
2,0.99,0.044999998062849045,0.9549999833106995,0.010000001,0,1.0,-0.9424999356269836,0.8649999499320984,0.3,3
2,1.0,0.0,1.0,0.0,0,0.0,-1.000499963760376,0.6800000071525574,0.8,0
2,1.0,0.0,1.0,0.0,0,0.0,-1.0,0.7999999523162842,0.5,2
2,0.99,0.044999998062849045,0.9549999833106995,0.010000001,0,1.0,-0.9429999589920044,0.8799999952316284,0.3,0
2,1.0,1.0,0.0,0.0,0,0.0,0.9994999766349792,0.0,0.0,0
2,1.0,0.0,1.0,0.0,0,0.0,-1.0,0.9500000476837158,0.2,1
2,0.99,0.044999998062849045,0.9549999833106995,0.010000001,0,1.0,-0.9429999589920044,0.7300000190734863,0.5,2
2,0.99,0.044999998062849045,0.9549999833106995,0.010000001,0,1.0,-0.9424999356269836,0.9050000309944153,0.2,0
2,1.0,0.0,1.0,0.0,0,0.0,-1.000499963760376,0.7999999523162842,0.5,2
2,1.0,0.0,1.0,0.0,0,0.0,-1.0,0.800000011920929,0.8,0
2,0.8,0.8999999761581421,0.1000000536441803,0.2,1,0.0,-4.8600006103515625,0.05000005662441254,0.2,3
2,1.0,1.0,0.0,0.0,0,0.0,0.9900000095367432,0.0,0.0,0
2,1.0,0.0,1.0,0.0,0,0.0,-1.0,0.940000057220459,0.2,3
2,1.0,1.0,0.0,0.0,0,0.0,1.0,0.0,0.0,0
2,1.0,1.0,0.0,0.0,0,0.0,1.0,0.0,0.0,0
2,0.99,0.044999998062849045,0.9549999833106995,0.010000001,0,1.0,-0.9429999589920044,0.7549999952316284,0.8,0
2,1.0,0.0,1.0,0.0,0,0.0,-1.000499963760376,0.9099999666213989,0.3,3
2,1.0,0.0,1.0,0.0,0,0.0,-1.0,0.7999999523162842,0.5,2
2,1.0,1.0,0.0,0.0,0,0.0,1.0,0.0,0.0,0
2,1.0,0.0,1.0,0.0,0,0.0,-1.0,0.5999999642372131,1.0,3
2,1.0,0.0,1.0,0.0,0,0.0,-1.0,0.9500000476837158,0.2,0
2,1.0,0.0,1.0,0.0,0,0.0,-1.0,0.9200000166893005,0.2,0
2,0.878008,0.5489639639854431,0.4510360360145569,0.12199199,1,0.0,-5.304646015167236,0.20103603601455688,1.0,0
2,1.0,0.0,1.0,0.0,0,0.0,-1.0060995817184448,0.75,1.0,2
2,1.0,0.0,1.0,0.0,0,0.0,-1.0,0.9500000476837158,0.2,3
2,1.0,0.0,1.0,0.0,0,0.0,-1.0,0.75,1.0,1
2,1.0,0.0,1.0,0.0,0,0.0,-1.0,0.9500000476837158,0.2,3
2,1.0,0.0,1.0,0.0,0,0.0,-1.0,0.9500000476837158,0.2,3
2,1.0,0.0,1.0,0.0,0,0.0,-1.0,0.9099999666213989,0.3,1
2,1.0,0.0,1.0,0.0,0,0.0,-1.0,0.940000057220459,0.2,1
2,1.0,0.0,1.0,0.0,0,0.0,-1.0,0.9099999666213989,0.3,3
2,1.0,1.0,0.0,0.0,0,0.0,1.0,0.0,0.0,0
2,1.0,1.0,0.0,0.0,0,0.0,1.0,0.0,0.0,0
2,1.0,1.0,0.0,0.0,0,0.0,1.0,0.0,0.0,0
2,0.98,1.0,0.0,0.020000001,0,1.0,0.9369999766349792,0.0,0.0,0
2,0.99,0.044999998062849045,0.9549999833106995,0.010000001,0,1.0,-0.9424999356269836,0.8950000405311584,0.2,1
2,1.0,0.0,1.0,0.0,0,0.0,-1.000499963760376,0.875,0.5,3
2,0.96,1.0,0.0,0.040000003,0,1.0,0.8740000128746033,0.0,0.0,0
2,0.8,0.8999999761581421,0.10000002384185791,0.2,1,0.0,-4.859000205993652,-0.02499997988343239,0.5,0
2,0.99,0.044999998062849045,0.9549999833106995,0.010000001,0,1.0,-0.9519999623298645,0.8799999952316284,0.3,3
2,0.99,0.044999998062849045,0.9549999833106995,0.010000001,0,1.0,-0.9424999356269836,0.6349999904632568,0.8,0
2,0.99,0.044999998062849045,0.9549999833106995,0.010000001,0,1.0,-0.9424999356269836,0.7049999237060547,1.0,2
2,1.0,1.0,0.0,0.0,0,0.0,0.9994999766349792,0.0,0.0,0
2,1.0,0.0,1.0,0.0,0,0.0,-1.0,0.9099999666213989,0.3,0
2,0.98,1.0,0.0,0.020000001,0,1.0,0.9369999766349792,0.0,0.0,0
2,0.99,0.044999998062849045,0.9549999833106995,0.010000001,0,1.0,-0.9424999356269836,0.5049999356269836,1.0,0
2,1.0,1.0,0.0,0.0,0,0.0,0.9994999766349792,0.0,0.0,0
2,1.0,1.0,0.0,0.0,0,0.0,1.0,0.0,0.0,0
2,0.95587903,0.19854439795017242,0.8014556169509888,0.04412098,0,0.0,-0.7485104203224182,0.5614556074142456,0.8,0
2,1.0,0.0,1.0,0.0,0,0.0,-1.0022060871124268,0.925000011920929,0.3,3
2,1.0,0.0,1.0,0.0,0,0.0,-1.0,0.9099999666213989,0.3,1
2,1.0,0.0,1.0,0.0,0,0.0,-1.0,0.800000011920929,0.8,2
2,0.8,0.8999999761581421,0.10000002384185791,0.2,1,0.0,-4.8600006103515625,-0.02499997988343239,0.5,1
2,0.99,0.044999998062849045,0.9549999833106995,0.010000001,0,1.0,-0.9519999623298645,0.8799999952316284,0.3,3
2,0.99,0.044999998062849045,0.9549999833106995,0.010000001,0,1.0,-0.9424999356269836,0.7149999737739563,0.8,0
2,0.99,0.044999998062849045,0.9549999833106995,0.010000001,0,1.0,-0.9424999356269836,0.9050000309944153,0.2,3
2,1.0,0.0,1.0,0.0,0,0.0,-1.000499963760376,0.9500000476837158,0.2,3
2,1.0,0.0,1.0,0.0,0,0.0,-1.0,0.550000011920929,1.0,3
2,1.0,1.0,0.0,0.0,0,0.0,1.0,0.0,0.0,0
2,1.0,0.0,1.0,0.0,0,0.0,-1.0,0.875,0.5,1
2,0.99,0.044999998062849045,0.9549999833106995,0.010000001,0,1.0,-0.9429999589920044,0.8299999833106995,0.5,0
2,1.0,0.0,1.0,0.0,0,0.0,-1.000499963760376,0.75,1.0,3
2,1.0,0.0,1.0,0.0,0,0.0,-1.0,0.8500000238418579,0.5,3
2,0.9965092,0.015708517283201218,0.9842914938926697,0.0034907819,0,0.0,-0.9801025390625,0.7342914342880249,1.0,0
2,1.0,0.0,1.0,0.0,0,0.0,-1.0001745223999023,0.7000000476837158,1.0,1
2,1.0,0.0,1.0,0.0,0,0.0,-1.0,0.8500000238418579,0.5,3
2,1.0,0.0,1.0,0.0,0,0.0,-1.0,0.925000011920929,0.3,0
2,0.96,1.0,0.0,0.040000003,0,1.0,0.8740000128746033,0.0,0.0,0
2,1.0,0.0,1.0,0.0,0,0.0,-1.0010000467300415,0.9200000166893005,0.2,1
2,0.96,1.0,0.0,0.040000003,0,1.0,0.8740000128746033,0.0,0.0,0
2,1.0,0.0,1.0,0.0,0,0.0,-1.0010000467300415,0.925000011920929,0.3,0
2,0.944146,0.25134313106536865,0.7486568689346313,0.05585403,1,0.0,-5.6816325187683105,0.6736568808555603,0.3,1
2,0.99,0.044999998062849045,0.9549999833106995,0.010000001,0,1.0,-0.944792628288269,0.6349999904632568,0.8,1
2,1.0,0.0,1.0,0.0,0,0.0,-1.000499963760376,0.9500000476837158,0.2,2
2,0.99,0.044999998062849045,0.9549999833106995,0.010000001,0,1.0,-0.9429999589920044,0.8950000405311584,0.2,3
2,0.99,0.044999998062849045,0.9549999833106995,0.010000001,0,1.0,-0.9424999356269836,0.9050000309944153,0.2,0
2,1.0,0.0,1.0,0.0,0,0.0,-1.000499963760376,0.7999999523162842,0.5,2
2,1.0,0.0,1.0,0.0,0,0.0,-1.0,0.9500000476837158,0.2,2
2,1.0,0.0,1.0,0.0,0,0.0,-1.0,0.7599999904632568,0.8,2
2,1.0,1.0,0.0,0.0,0,0.0,1.0,0.0,0.0,0
2,1.0,0.0,1.0,0.0,0,0.0,-1.0,0.9500000476837158,0.2,0
2,1.0,0.0,1.0,0.0,0,0.0,-1.0,0.875,0.5,0
2,1.0,0.0,1.0,0.0,0,0.0,-1.0,0.800000011920929,0.8,0
2,0.96,1.0,0.0,0.040000003,0,1.0,0.8740000128746033,0.0,0.0,0
2,0.96,1.0,0.0,0.040000003,0,1.0,0.875,0.0,0.0,0
2,0.9665266,0.15063031017780304,0.8493697047233582,0.033473402,0,0.0,-0.8082016110420227,0.6493697166442871,0.8,2
2,1.0,0.0,1.0,0.0,0,0.0,-1.001673698425293,0.9500000476837158,0.2,0
2,1.0,0.0,1.0,0.0,0,0.0,-1.0,0.7749999761581421,0.5,3
2,0.96,1.0,0.0,0.040000003,0,1.0,0.8740000128746033,0.0,0.0,0
2,1.0,1.0,0.0,0.0,0,0.0,0.9990000128746033,0.0,0.0,0
2,1.0,1.0,0.0,0.0,0,0.0,1.0,0.0,0.0,0
2,0.96,1.0,0.0,0.040000003,0,1.0,0.8740000128746033,0.0,0.0,0
2,0.96,1.0,0.0,0.040000003,0,1.0,0.875,0.0,0.0,0
2,1.0,0.0,1.0,0.0,0,0.0,-1.0010000467300415,0.940000057220459,0.2,3
2,0.971044,0.13030187785625458,0.869698166847229,0.028955972,0,0.0,-0.8349510431289673,0.6296981573104858,0.8,1
2,1.0,0.0,1.0,0.0,0,0.0,-1.0014477968215942,0.9200000166893005,0.2,2
2,1.0,1.0,0.0,0.0,0,0.0,1.0,0.0,0.0,0
2,1.0,0.0,1.0,0.0,0,0.0,-1.0,0.75,1.0,1
2,1.0,0.0,1.0,0.0,0,0.0,-1.0,0.9100000262260437,0.2,2
2,1.0,0.0,1.0,0.0,0,0.0,-1.0,0.7000000476837158,1.0,2
2,1.0,1.0,0.0,0.0,0,0.0,1.0,0.0,0.0,0
2,1.0,0.0,1.0,0.0,0,0.0,-1.0,0.940000057220459,0.2,2
2,0.96,1.0,0.0,0.040000003,0,1.0,0.8740000128746033,0.0,0.0,0
2,0.8610101,0.6254547834396362,0.37454521656036377,0.13898996,1,0.0,-5.206757545471191,0.22454522550106049,0.5,3
2,1.0,1.0,0.0,0.0,0,0.0,0.9930505156517029,0.0,0.0,0
2,0.9230034,0.3464847505092621,0.6535152792930603,0.07699661,1,0.0,-5.561119556427002,0.5935153365135193,0.2,2
2,1.0,1.0,0.0,0.0,0,0.0,0.9961501955986023,0.0,0.0,0
2,1.0,0.0,1.0,0.0,0,0.0,-1.0,0.9500000476837158,0.2,0
2,1.0,0.0,1.0,0.0,0,0.0,-1.0,0.925000011920929,0.3,2
2,1.0,1.0,0.0,0.0,0,0.0,1.0,0.0,0.0,0
2,0.99,0.044999998062849045,0.9549999833106995,0.010000001,0,1.0,-0.9429999589920044,0.7149999737739563,0.8,2
2,1.0,0.0,1.0,0.0,0,0.0,-1.000499963760376,0.9100000262260437,0.2,2
2,0.99,0.044999998062849045,0.9549999833106995,0.010000001,0,1.0,-0.9429999589920044,0.8299999833106995,0.5,2
2,1.0,1.0,0.0,0.0,0,0.0,0.9994999766349792,0.0,0.0,0
2,0.99,0.044999998062849045,0.9549999833106995,0.010000001,0,1.0,-0.9429999589920044,0.9050000309944153,0.2,0
2,0.99,0.044999998062849045,0.9549999833106995,0.010000001,0,1.0,-0.9424999356269836,0.5549999475479126,1.0,2
2,1.0,0.0,1.0,0.0,0,0.0,-1.000499963760376,0.7599999904632568,0.8,1
2,0.99,0.044999998062849045,0.9549999833106995,0.010000001,0,1.0,-0.9429999589920044,0.8799999952316284,0.3,1
2,1.0,0.0,1.0,0.0,0,0.0,-1.000499963760376,0.8500000238418579,0.5,1
2,0.99,0.044999998062849045,0.9549999833106995,0.010000001,0,1.0,-0.9429999589920044,0.6349999904632568,0.8,3
2,1.0,0.0,1.0,0.0,0,0.0,-1.000499963760376,0.550000011920929,1.0,2
2,1.0,0.0,1.0,0.0,0,0.0,-1.0,0.9200000166893005,0.2,2
2,1.0,0.0,1.0,0.0,0,0.0,-1.0,0.8500000238418579,0.5,0
2,0.99,0.044999998062849045,0.9549999833106995,0.010000001,0,1.0,-0.9429999589920044,0.8299999833106995,0.5,2
2,0.9944363,0.025036489591002464,0.9749634861946106,0.0055636647,0,0.0,-0.9682307243347168,0.8499634861946106,0.5,0
2,0.99,0.044999998062849045,0.9549999833106995,0.010000001,0,1.0,-0.9427217245101929,0.5049999356269836,1.0,2
2,0.99414104,0.02636520192027092,0.9736347794532776,0.005858934,0,0.0,-0.9665181636810303,0.7336347699165344,0.8,2
2,1.0,0.0,1.0,0.0,0,0.0,-1.0002928972244263,0.9500000476837158,0.2,0
2,1.0,0.0,1.0,0.0,0,0.0,-1.0,0.8500000238418579,0.5,3
2,0.8,0.8999999761581421,0.10000000149011612,0.2,1,0.0,-4.860000133514404,0.02499999850988388,0.3,3
2,1.0,0.0,1.0,0.0,0,0.0,-1.0099999904632568,0.925000011920929,0.3,0
2,0.97589856,1.0,0.0,0.024101464,0,0.0,0.9240804314613342,0.0,0.0,0
2,0.92628396,0.3317221701145172,0.6682778000831604,0.07371604,1,0.0,-5.5792155265808105,0.5782777667045593,0.3,0
2,1.0,0.0,1.0,0.0,0,0.0,-1.0036858320236206,0.925000011920929,0.3,2
2,0.99,0.044999998062849045,0.9549999833106995,0.010000001,0,1.0,-0.9429999589920044,0.8799999952316284,0.3,3
2,1.0,0.0,1.0,0.0,0,0.0,-1.000499963760376,0.9500000476837158,0.2,3
2,1.0,0.0,1.0,0.0,0,0.0,-1.0,0.800000011920929,0.8,2
2,1.0,0.0,1.0,0.0,0,0.0,-1.0,0.9099999666213989,0.3,3
2,1.0,0.0,1.0,0.0,0,0.0,-1.0,0.6399999856948853,0.8,1
2,1.0,0.0,1.0,0.0,0,0.0,-1.0,0.9500000476837158,0.2,3
2,1.0,0.0,1.0,0.0,0,0.0,-1.0,0.940000057220459,0.2,3
2,1.0,0.0,1.0,0.0,0,0.0,-1.0,0.9200000166893005,0.2,3
2,1.0,1.0,0.0,0.0,0,0.0,1.0,0.0,0.0,0
2,0.99,0.044999998062849045,0.9549999833106995,0.010000001,0,1.0,-0.9429999589920044,0.7049999237060547,1.0,3
2,1.0,1.0,0.0,0.0,0,0.0,0.9994999766349792,0.0,0.0,0
2,1.0,0.0,1.0,0.0,0,0.0,-1.0,0.7749999761581421,0.5,3
2,0.99,0.044999998062849045,0.9549999833106995,0.010000001,0,1.0,-0.9429999589920044,0.7549999952316284,0.5,2
2,1.0,1.0,0.0,0.0,0,0.0,0.9994999766349792,0.0,0.0,0
2,0.98,1.0,0.0,0.020000001,0,1.0,0.9369999766349792,0.0,0.0,0
2,1.0,1.0,0.0,0.0,0,0.0,0.9994999766349792,0.0,0.0,0
2,1.0,1.0,0.0,0.0,0,0.0,1.0,0.0,0.0,0
2,1.0,0.0,1.0,0.0,0,0.0,-1.0,0.75,1.0,2
2,1.0,0.0,1.0,0.0,0,0.0,-1.0,0.925000011920929,0.3,2
2,1.0,1.0,0.0,0.0,0,0.0,1.0,0.0,0.0,0
2,1.0,1.0,0.0,0.0,0,0.0,1.0,0.0,0.0,0
2,1.0,0.0,1.0,0.0,0,0.0,-1.0,0.6800000071525574,0.8,0
2,0.8,0.8999999761581421,0.10000002384185791,0.2,1,0.0,-4.8600006103515625,-0.09999997913837433,0.5,1
2,1.0,0.0,1.0,0.0,0,0.0,-1.0099999904632568,0.800000011920929,0.8,3
2,0.8339189,0.7473647594451904,0.25263524055480957,0.16608106,1,0.0,-5.053337574005127,0.2026352435350418,0.2,3
2,1.0,0.0,1.0,0.0,0,0.0,-1.0083039999008179,0.800000011920929,0.8,3
2,0.99499106,0.022540196776390076,0.9774598479270935,0.005008933,0,0.0,-0.9714491963386536,0.9274598956108093,0.2,1
2,1.0,0.0,1.0,0.0,0,0.0,-1.0002504587173462,0.7000000476837158,1.0,3
2,0.99311525,0.030981337651610374,0.9690186977386475,0.006884742,0,0.0,-0.9607570767402649,0.8940187096595764,0.3,3
2,1.0,0.0,1.0,0.0,0,0.0,-1.0003442764282227,0.6800000071525574,0.8,2
2,1.0,0.0,1.0,0.0,0,0.0,-1.0,0.925000011920929,0.3,0
2,1.0,0.0,1.0,0.0,0,0.0,-1.0,0.940000057220459,0.2,2
2,0.98,1.0,0.0,0.020000001,0,1.0,0.9369999766349792,0.0,0.0,0
2,1.0,1.0,0.0,0.0,0,0.0,0.9994999766349792,0.0,0.0,0
2,1.0,0.0,1.0,0.0,0,0.0,-1.0,0.6800000071525574,0.8,1
2,1.0,0.0,1.0,0.0,0,0.0,-1.0,0.9500000476837158,0.2,1
2,1.0,1.0,0.0,0.0,0,0.0,1.0,0.0,0.0,0
2,1.0,0.0,1.0,0.0,0,0.0,-1.0,0.9200000166893005,0.2,1
2,1.0,1.0,0.0,0.0,0,0.0,1.0,0.0,0.0,0
2,1.0,0.0,1.0,0.0,0,0.0,-1.0,0.940000057220459,0.2,3
2,1.0,0.0,1.0,0.0,0,0.0,-1.0,0.800000011920929,0.8,3
2,0.99,0.044999998062849045,0.9549999833106995,0.010000001,0,1.0,-0.9429999589920044,0.875,0.2,3
2,1.0,0.0,1.0,0.0,0,0.0,-1.000499963760376,0.925000011920929,0.3,0
2,1.0,0.0,1.0,0.0,0,0.0,-1.0,0.800000011920929,0.8,2
2,1.0,0.0,1.0,0.0,0,0.0,-1.0,0.9500000476837158,0.2,1
2,1.0,0.0,1.0,0.0,0,0.0,-1.0,0.6399999856948853,0.8,2
2,0.98,1.0,0.0,0.020000001,0,1.0,0.9369999766349792,0.0,0.0,0
2,1.0,0.0,1.0,0.0,0,0.0,-1.000499963760376,0.9099999666213989,0.3,2
2,0.9496983,0.2263573855161667,0.7736426591873169,0.05030164,1,0.0,-5.71328067779541,0.7236427068710327,0.2,1
2,1.0,0.0,1.0,0.0,0,0.0,-1.0025150775909424,0.940000057220459,0.2,3
2,1.0,0.0,1.0,0.0,0,0.0,-1.0,0.925000011920929,0.3,1
2,1.0,1.0,0.0,0.0,0,0.0,1.0,0.0,0.0,0
2,1.0,0.0,1.0,0.0,0,0.0,-1.0,0.75,1.0,1
2,1.0,0.0,1.0,0.0,0,0.0,-1.0,0.550000011920929,1.0,1
2,0.9009262,0.44583216309547424,0.5541678667068481,0.09907382,1,0.0,-5.435279846191406,0.30416786670684814,1.0,0
2,1.0,0.0,1.0,0.0,0,0.0,-1.0049537420272827,0.6800000071525574,0.8,1
2,1.0,0.0,1.0,0.0,0,0.0,-1.0,0.5999999642372131,1.0,3
2,1.0,1.0,0.0,0.0,0,0.0,1.0,0.0,0.0,0
2,1.0,0.0,1.0,0.0,0,0.0,-1.0,0.800000011920929,0.8,3
2,1.0,0.0,1.0,0.0,0,0.0,-1.0,0.925000011920929,0.3,3
2,0.99,0.044999998062849045,0.9549999833106995,0.010000001,0,1.0,-0.9429999589920044,0.8950000405311584,0.2,3
2,1.0,0.0,1.0,0.0,0,0.0,-1.000499963760376,0.875,0.5,0
2,0.98,1.0,0.0,0.020000001,0,1.0,0.9369999766349792,0.0,0.0,0
2,1.0,0.0,1.0,0.0,0,0.0,-1.000499963760376,0.940000057220459,0.2,2
2,1.0,1.0,0.0,0.0,0,0.0,1.0,0.0,0.0,0
2,1.0,0.0,1.0,0.0,0,0.0,-1.0,0.7749999761581421,0.5,3
2,1.0,0.0,1.0,0.0,0,0.0,-1.0,0.8500000238418579,0.5,0
2,0.99,0.044999998062849045,0.9549999833106995,0.010000001,0,1.0,-0.9429999589920044,0.7049999237060547,1.0,1
2,0.99,0.044999998062849045,0.9549999833106995,0.010000001,0,1.0,-0.9424999356269836,0.9050000309944153,0.2,2
2,0.99,0.044999998062849045,0.9549999833106995,0.010000001,0,1.0,-0.9424999356269836,0.9050000309944153,0.2,3
2,1.0,0.0,1.0,0.0,0,0.0,-1.000499963760376,0.875,0.5,0
2,1.0,1.0,0.0,0.0,0,0.0,1.0,0.0,0.0,0
2,1.0,0.0,1.0,0.0,0,0.0,-1.0,0.5999999642372131,1.0,1
2,1.0,0.0,1.0,0.0,0,0.0,-1.0,0.6399999856948853,0.8,0
2,0.96,1.0,0.0,0.040000003,0,1.0,0.8740000128746033,0.0,0.0,0
2,1.0,0.0,1.0,0.0,0,0.0,-1.0010000467300415,0.875,0.5,3
2,1.0,0.0,1.0,0.0,0,0.0,-1.0,0.7749999761581421,0.5,1
2,1.0,0.0,1.0,0.0,0,0.0,-1.0,0.9500000476837158,0.2,2
2,1.0,0.0,1.0,0.0,0,0.0,-1.0,0.9099999666213989,0.3,0
2,1.0,1.0,0.0,0.0,0,0.0,1.0,0.0,0.0,0
2,1.0,0.0,1.0,0.0,0,0.0,-1.0,0.9500000476837158,0.2,0
2,1.0,0.0,1.0,0.0,0,0.0,-1.0,0.7000000476837158,1.0,0
2,0.82246757,0.7988958954811096,0.20110413432121277,0.17753242,1,0.0,-4.988065242767334,0.12110413610935211,0.2,0
2,1.0,0.0,1.0,0.0,0,0.0,-1.0088765621185303,0.75,1.0,0
2,0.8,0.8999999761581421,0.1000000536441803,0.2,1,0.0,-4.8600006103515625,-0.09999994188547134,0.8,1
2,0.99,0.044999998062849045,0.9549999833106995,0.010000001,0,1.0,-0.9519999623298645,0.7549999952316284,0.5,1
2,1.0,1.0,0.0,0.0,0,0.0,0.9994999766349792,0.0,0.0,0
2,1.0,1.0,0.0,0.0,0,0.0,1.0,0.0,0.0,0
2,1.0,0.0,1.0,0.0,0,0.0,-1.0,0.9500000476837158,0.2,1
2,0.99,0.044999998062849045,0.9549999833106995,0.010000001,0,1.0,-0.9429999589920044,0.875,0.2,2
2,1.0,0.0,1.0,0.0,0,0.0,-1.000499963760376,0.75,1.0,3
2,1.0,0.0,1.0,0.0,0,0.0,-1.0,0.5999999642372131,1.0,1
2,1.0,1.0,0.0,0.0,0,0.0,1.0,0.0,0.0,0
2,0.99,0.044999998062849045,0.9549999833106995,0.010000001,0,1.0,-0.9429999589920044,0.9050000309944153,0.2,1
2,1.0,0.0,1.0,0.0,0,0.0,-1.000499963760376,0.7999999523162842,0.5,0
2,1.0,1.0,0.0,0.0,0,0.0,1.0,0.0,0.0,0
2,1.0,1.0,0.0,0.0,0,0.0,1.0,0.0,0.0,0
2,1.0,0.0,1.0,0.0,0,0.0,-1.0,0.925000011920929,0.3,1
2,1.0,1.0,0.0,0.0,0,0.0,1.0,0.0,0.0,0
2,1.0,1.0,0.0,0.0,0,0.0,1.0,0.0,0.0,0
2,1.0,0.0,1.0,0.0,0,0.0,-1.0,0.9099999666213989,0.3,1
2,1.0,0.0,1.0,0.0,0,0.0,-1.0,0.8500000238418579,0.5,2
2,0.98,1.0,0.0,0.020000001,0,1.0,0.9369999766349792,0.0,0.0,0
2,1.0,0.0,1.0,0.0,0,0.0,-1.000499963760376,0.7000000476837158,1.0,2
2,1.0,0.0,1.0,0.0,0,0.0,-1.0,0.800000011920929,0.8,1
2,0.98,1.0,0.0,0.020000001,0,1.0,0.9369999766349792,0.0,0.0,0
2,1.0,0.0,1.0,0.0,0,0.0,-1.000499963760376,0.800000011920929,0.8,0
2,0.99,0.044999998062849045,0.9549999833106995,0.010000001,0,1.0,-0.9429999589920044,0.7549999952316284,0.8,2
2,1.0,1.0,0.0,0.0,0,0.0,0.9994999766349792,0.0,0.0,0
2,1.0,0.0,1.0,0.0,0,0.0,-1.0,0.7599999904632568,0.8,0
2,1.0,1.0,0.0,0.0,0,0.0,1.0,0.0,0.0,0
2,1.0,0.0,1.0,0.0,0,0.0,-1.0,0.940000057220459,0.2,2
2,1.0,0.0,1.0,0.0,0,0.0,-1.0,0.8500000238418579,0.5,2
2,1.0,0.0,1.0,0.0,0,0.0,-1.0,0.9099999666213989,0.3,1
2,1.0,0.0,1.0,0.0,0,0.0,-1.0,0.7000000476837158,1.0,0
2,0.97021693,0.1340237855911255,0.8659762144088745,0.029783064,0,0.0,-0.830236554145813,0.46597617864608765,1.0,3
2,1.0,0.0,1.0,0.0,0,0.0,-1.0014891624450684,0.940000057220459,0.2,2
2,0.8351198,0.741960883140564,0.25803911685943604,0.1648802,1,0.0,-5.060183525085449,0.13303911685943604,0.5,0
2,1.0,0.0,1.0,0.0,0,0.0,-1.0082440376281738,0.550000011920929,1.0,3
2,1.0,0.0,1.0,0.0,0,0.0,-1.0,0.9200000166893005,0.2,2
2,0.9464897,0.24079634249210358,0.7592036724090576,0.053510305,1,0.0,-5.694991111755371,0.6842036843299866,0.3,2
2,1.0,0.0,1.0,0.0,0,0.0,-1.0026755332946777,0.8500000238418579,0.5,3
2,1.0,0.0,1.0,0.0,0,0.0,-1.0,0.9500000476837158,0.2,3
2,1.0,1.0,0.0,0.0,0,0.0,1.0,0.0,0.0,0
2,0.99,0.044999998062849045,0.9549999833106995,0.010000001,0,1.0,-0.9429999589920044,0.5049999356269836,1.0,0
2,1.0,0.0,1.0,0.0,0,0.0,-1.000499963760376,0.875,0.5,1
2,0.99,0.044999998062849045,0.9549999833106995,0.010000001,0,1.0,-0.9429999589920044,0.8799999952316284,0.3,2
2,1.0,0.0,1.0,0.0,0,0.0,-1.000499963760376,0.940000057220459,0.2,2
2,0.9928537,0.03215823695063591,0.9678417444229126,0.007146275,0,0.0,-0.9592662453651428,0.9078418016433716,0.2,3
2,1.0,0.0,1.0,0.0,0,0.0,-1.0003572702407837,0.7000000476837158,1.0,1
2,1.0,1.0,0.0,0.0,0,0.0,1.0,0.0,0.0,0
2,1.0,0.0,1.0,0.0,0,0.0,-1.0,0.6800000071525574,0.8,0
2,0.99,0.044999998062849045,0.9549999833106995,0.010000001,0,1.0,-0.9429999589920044,0.8799999952316284,0.3,1
2,1.0,0.0,1.0,0.0,0,0.0,-1.000499963760376,0.925000011920929,0.3,0
2,0.98,1.0,0.0,0.020000001,0,1.0,0.9369999766349792,0.0,0.0,0
2,1.0,0.0,1.0,0.0,0,0.0,-1.000499963760376,0.9099999666213989,0.3,3
2,1.0,0.0,1.0,0.0,0,0.0,-1.0,0.5999999642372131,1.0,2
2,1.0,1.0,0.0,0.0,0,0.0,1.0,0.0,0.0,0
2,1.0,1.0,0.0,0.0,0,0.0,1.0,0.0,0.0,0
2,1.0,0.0,1.0,0.0,0,0.0,-1.0,0.875,0.5,3
