episode,service_quality,mitigation_efficiency,attack_leakage,collateral_damage,sla_violation,shield_repair,defender_reward,attacker_reward,attack_intensity,protocol
0,0.9426409,0.2581159472465515,0.7418840527534485,0.0573591,1,0.0,-5.67305326461792,0.6918841004371643,0.2,0
0,1.0,0.0,1.0,0.0,0,0.0,-1.0028679370880127,0.75,1.0,1
0,1.0,0.0,1.0,0.0,0,0.0,-1.0,0.800000011920929,0.8,0
0,1.0,0.0,1.0,0.0,0,0.0,-1.0,0.9200000166893005,0.2,0
0,1.0,0.0,1.0,0.0,0,0.0,-1.0,0.925000011920929,0.3,0
0,1.0,0.0,1.0,0.0,0,0.0,-1.0,0.9099999666213989,0.3,0
0,1.0,0.0,1.0,0.0,0,0.0,-1.0,0.940000057220459,0.2,2
0,1.0,0.0,1.0,0.0,0,0.0,-1.0,0.5999999642372131,1.0,3
0,1.0,1.0,0.0,0.0,0,0.0,1.0,0.0,0.0,0
0,1.0,0.0,1.0,0.0,0,0.0,-1.0,0.7599999904632568,0.8,1
0,1.0,1.0,0.0,0.0,0,0.0,1.0,0.0,0.0,0
0,1.0,1.0,0.0,0.0,0,0.0,1.0,0.0,0.0,0
0,1.0,0.0,1.0,0.0,0,0.0,-1.0,0.8500000238418579,0.5,3
0,1.0,1.0,0.0,0.0,0,0.0,1.0,0.0,0.0,0
0,1.0,0.0,1.0,0.0,0,0.0,-1.0,0.550000011920929,1.0,1
0,0.98,1.0,0.0,0.020000001,0,1.0,0.9369999766349792,0.0,0.0,0
0,1.0,1.0,0.0,0.0,0,0.0,0.9994999766349792,0.0,0.0,0
0,1.0,1.0,0.0,0.0,0,0.0,1.0,0.0,0.0,0
0,1.0,1.0,0.0,0.0,0,0.0,1.0,0.0,0.0,0
0,1.0,0.0,1.0,0.0,0,0.0,-1.0,0.9099999666213989,0.3,3
0,1.0,0.0,1.0,0.0,0,0.0,-1.0,0.5999999642372131,1.0,3
0,1.0,0.0,1.0,0.0,0,0.0,-1.0,0.925000011920929,0.3,2
0,0.97585094,0.10867077112197876,0.8913292288780212,0.02414906,0,0.0,-0.862350344657898,0.6413291692733765,1.0,1
0,1.0,1.0,0.0,0.0,0,0.0,0.9987925291061401,0.0,0.0,0
0,1.0,0.0,1.0,0.0,0,0.0,-1.0,0.7999999523162842,0.5,1
0,1.0,1.0,0.0,0.0,0,0.0,1.0,0.0,0.0,0
0,1.0,0.0,1.0,0.0,0,0.0,-1.0,0.6800000071525574,0.8,2
0,1.0,1.0,0.0,0.0,0,0.0,1.0,0.0,0.0,0
0,1.0,0.0,1.0,0.0,0,0.0,-1.0,0.925000011920929,0.3,3
0,1.0,0.0,1.0,0.0,0,0.0,-1.0,0.875,0.5,0
0,1.0,0.0,1.0,0.0,0,0.0,-1.0,0.550000011920929,1.0,0
0,1.0,1.0,0.0,0.0,0,0.0,1.0,0.0,0.0,0
0,1.0,0.0,1.0,0.0,0,0.0,-1.0,0.925000011920929,0.3,0
0,1.0,0.0,1.0,0.0,0,0.0,-1.0,0.9099999666213989,0.3,1
0,1.0,1.0,0.0,0.0,0,0.0,1.0,0.0,0.0,0
0,1.0,0.0,1.0,0.0,0,0.0,-1.0,0.7999999523162842,0.5,2
0,1.0,0.0,1.0,0.0,0,0.0,-1.0,0.550000011920929,1.0,1
0,1.0,0.0,1.0,0.0,0,0.0,-1.0,0.7599999904632568,0.8,3
0,1.0,1.0,0.0,0.0,0,0.0,1.0,0.0,0.0,0
0,1.0,0.0,1.0,0.0,0,0.0,-1.0,0.9500000476837158,0.2,1
0,1.0,0.0,1.0,0.0,0,0.0,-1.0,0.9099999666213989,0.3,0
0,1.0,0.0,1.0,0.0,0,0.0,-1.0,0.9500000476837158,0.2,3
0,1.0,0.0,1.0,0.0,0,0.0,-1.0,0.9099999666213989,0.3,2
0,1.0,0.0,1.0,0.0,0,0.0,-1.0,0.6800000071525574,0.8,2
0,1.0,0.0,1.0,0.0,0,0.0,-1.0,0.75,1.0,3
0,1.0,0.0,1.0,0.0,0,0.0,-1.0,0.75,1.0,0
0,1.0,1.0,0.0,0.0,0,0.0,1.0,0.0,0.0,0
0,1.0,0.0,1.0,0.0,0,0.0,-1.0,0.925000011920929,0.3,2
0,1.0,0.0,1.0,0.0,0,0.0,-1.0,0.9500000476837158,0.2,1
0,1.0,0.0,1.0,0.0,0,0.0,-1.0,0.7599999904632568,0.8,0
0,1.0,0.0,1.0,0.0,0,0.0,-1.0,0.6800000071525574,0.8,3
0,1.0,0.0,1.0,0.0,0,0.0,-1.0,0.9200000166893005,0.2,1
0,1.0,0.0,1.0,0.0,0,0.0,-1.0,0.75,1.0,3
0,1.0,0.0,1.0,0.0,0,0.0,-1.0,0.800000011920929,0.8,1
0,0.9862689,1.0,0.0,0.013731146,0,0.0,0.9567469358444214,0.0,0.0,0
0,1.0,0.0,1.0,0.0,0,0.0,-1.0003433227539062,0.7999999523162842,0.5,2
0,1.0,0.0,1.0,0.0,0,0.0,-1.0,0.9500000476837158,0.2,1
0,1.0,0.0,1.0,0.0,0,0.0,-1.0,0.75,1.0,2
0,1.0,0.0,1.0,0.0,0,0.0,-1.0,0.6800000071525574,0.8,2
0,1.0,1.0,0.0,0.0,0,0.0,1.0,0.0,0.0,0
0,1.0,1.0,0.0,0.0,0,0.0,1.0,0.0,0.0,0
0,1.0,0.0,1.0,0.0,0,0.0,-1.0,0.925000011920929,0.3,1
0,1.0,0.0,1.0,0.0,0,0.0,-1.0,0.6800000071525574,0.8,1
0,1.0,0.0,1.0,0.0,0,0.0,-1.0,0.9500000476837158,0.2,1
0,1.0,0.0,1.0,0.0,0,0.0,-1.0,0.7000000476837158,1.0,3
0,1.0,0.0,1.0,0.0,0,0.0,-1.0,0.7000000476837158,1.0,1
0,1.0,0.0,1.0,0.0,0,0.0,-1.0,0.9500000476837158,0.2,3
0,1.0,0.0,1.0,0.0,0,0.0,-1.0,0.75,1.0,0
0,1.0,0.0,1.0,0.0,0,0.0,-1.0,0.9500000476837158,0.2,1
0,1.0,0.0,1.0,0.0,0,0.0,-1.0,0.7599999904632568,0.8,2
0,1.0,1.0,0.0,0.0,0,0.0,1.0,0.0,0.0,0
0,1.0,1.0,0.0,0.0,0,0.0,1.0,0.0,0.0,0
0,1.0,0.0,1.0,0.0,0,0.0,-1.0,0.925000011920929,0.3,0
0,1.0,0.0,1.0,0.0,0,0.0,-1.0,0.9200000166893005,0.2,0
0,1.0,1.0,0.0,0.0,0,0.0,1.0,0.0,0.0,0
0,1.0,1.0,0.0,0.0,0,0.0,1.0,0.0,0.0,0
0,1.0,1.0,0.0,0.0,0,0.0,1.0,0.0,0.0,0
0,1.0,0.0,1.0,0.0,0,0.0,-1.0,0.7749999761581421,0.5,1
0,1.0,0.0,1.0,0.0,0,0.0,-1.0,0.7999999523162842,0.5,3
0,1.0,0.0,1.0,0.0,0,0.0,-1.0,0.875,0.5,0
0,1.0,0.0,1.0,0.0,0,0.0,-1.0,0.9500000476837158,0.2,1
0,1.0,0.0,1.0,0.0,0,0.0,-1.0,0.9500000476837158,0.2,0
0,1.0,0.0,1.0,0.0,0,0.0,-1.0,0.7749999761581421,0.5,0
0,1.0,0.0,1.0,0.0,0,0.0,-1.0,0.800000011920929,0.8,1
0,1.0,0.0,1.0,0.0,0,0.0,-1.0,0.75,1.0,0
0,1.0,0.0,1.0,0.0,0,0.0,-1.0,0.8500000238418579,0.5,0
0,1.0,0.0,1.0,0.0,0,0.0,-1.0,0.875,0.5,1
0,1.0,0.0,1.0,0.0,0,0.0,-1.0,0.7000000476837158,1.0,1
0,1.0,1.0,0.0,0.0,0,0.0,1.0,0.0,0.0,0
0,1.0,0.0,1.0,0.0,0,0.0,-1.0,0.7749999761581421,0.5,1
0,1.0,1.0,0.0,0.0,0,0.0,1.0,0.0,0.0,0
0,1.0,1.0,0.0,0.0,0,0.0,1.0,0.0,0.0,0
0,1.0,0.0,1.0,0.0,0,0.0,-1.0,0.6399999856948853,0.8,2
0,1.0,1.0,0.0,0.0,0,0.0,1.0,0.0,0.0,0
0,1.0,0.0,1.0,0.0,0,0.0,-1.0,0.7999999523162842,0.5,1
0,1.0,0.0,1.0,0.0,0,0.0,-1.0,0.925000011920929,0.3,1
0,1.0,0.0,1.0,0.0,0,0.0,-1.0,0.9500000476837158,0.2,2
0,1.0,0.0,1.0,0.0,0,0.0,-1.0,0.6399999856948853,0.8,1
0,1.0,0.0,1.0,0.0,0,0.0,-1.0,0.875,0.5,1
0,1.0,0.0,1.0,0.0,0,0.0,-1.0,0.9099999666213989,0.3,1
0,1.0,0.0,1.0,0.0,0,0.0,-1.0,0.7599999904632568,0.8,3
0,1.0,0.0,1.0,0.0,0,0.0,-1.0,0.6399999856948853,0.8,2
0,1.0,0.0,1.0,0.0,0,0.0,-1.0,0.7000000476837158,1.0,2
0,1.0,0.0,1.0,0.0,0,0.0,-1.0,0.9200000166893005,0.2,3
0,1.0,0.0,1.0,0.0,0,0.0,-1.0,0.5999999642372131,1.0,1
0,1.0,0.0,1.0,0.0,0,0.0,-1.0,0.7599999904632568,0.8,2
0,1.0,0.0,1.0,0.0,0,0.0,-1.0,0.875,0.5,0
0,1.0,0.0,1.0,0.0,0,0.0,-1.0,0.9500000476837158,0.2,2
0,1.0,1.0,0.0,0.0,0,0.0,1.0,0.0,0.0,0
0,1.0,0.0,1.0,0.0,0,0.0,-1.0,0.9099999666213989,0.3,0
0,1.0,0.0,1.0,0.0,0,0.0,-1.0,0.940000057220459,0.2,0
0,1.0,0.0,1.0,0.0,0,0.0,-1.0,0.9099999666213989,0.3,0
0,1.0,1.0,0.0,0.0,0,0.0,1.0,0.0,0.0,0
0,1.0,0.0,1.0,0.0,0,0.0,-1.0,0.9200000166893005,0.2,2
0,1.0,0.0,1.0,0.0,0,0.0,-1.0,0.925000011920929,0.3,2
0,1.0,1.0,0.0,0.0,0,0.0,1.0,0.0,0.0,0
0,1.0,0.0,1.0,0.0,0,0.0,-1.0,0.940000057220459,0.2,2
0,1.0,1.0,0.0,0.0,0,0.0,1.0,0.0,0.0,0
0,1.0,0.0,1.0,0.0,0,0.0,-1.0,0.6800000071525574,0.8,0
0,1.0,0.0,1.0,0.0,0,0.0,-1.0,0.550000011920929,1.0,0
0,1.0,0.0,1.0,0.0,0,0.0,-1.0,0.9500000476837158,0.2,1
0,1.0,0.0,1.0,0.0,0,0.0,-1.0,0.9099999666213989,0.3,2
0,1.0,0.0,1.0,0.0,0,0.0,-1.0,0.800000011920929,0.8,1
0,1.0,0.0,1.0,0.0,0,0.0,-1.0,0.800000011920929,0.8,1
0,1.0,1.0,0.0,0.0,0,0.0,1.0,0.0,0.0,0
0,1.0,0.0,1.0,0.0,0,0.0,-1.0,0.9100000262260437,0.2,2
0,1.0,1.0,0.0,0.0,0,0.0,1.0,0.0,0.0,0
0,1.0,0.0,1.0,0.0,0,0.0,-1.0,0.800000011920929,0.8,3
0,1.0,0.0,1.0,0.0,0,0.0,-1.0,0.9200000166893005,0.2,0
0,1.0,0.0,1.0,0.0,0,0.0,-1.0,0.75,1.0,2
0,1.0,0.0,1.0,0.0,0,0.0,-1.0,0.800000011920929,0.8,3
0,1.0,1.0,0.0,0.0,0,0.0,1.0,0.0,0.0,0
0,1.0,0.0,1.0,0.0,0,0.0,-1.0,0.9099999666213989,0.3,2
0,1.0,1.0,0.0,0.0,0,0.0,1.0,0.0,0.0,0
0,1.0,0.0,1.0,0.0,0,0.0,-1.0,0.875,0.5,2
0,1.0,0.0,1.0,0.0,0,0.0,-1.0,0.9099999666213989,0.3,1
0,1.0,0.0,1.0,0.0,0,0.0,-1.0,0.940000057220459,0.2,0
0,1.0,0.0,1.0,0.0,0,0.0,-1.0,0.9099999666213989,0.3,1
0,1.0,0.0,1.0,0.0,0,0.0,-1.0,0.7999999523162842,0.5,2
0,1.0,0.0,1.0,0.0,0,0.0,-1.0,0.5999999642372131,1.0,2
0,1.0,0.0,1.0,0.0,0,0.0,-1.0,0.8500000238418579,0.5,2
0,1.0,0.0,1.0,0.0,0,0.0,-1.0,0.75,1.0,0
0,1.0,1.0,0.0,0.0,0,0.0,1.0,0.0,0.0,0
0,1.0,0.0,1.0,0.0,0,0.0,-1.0,0.9099999666213989,0.3,2
0,1.0,0.0,1.0,0.0,0,0.0,-1.0,0.9200000166893005,0.2,1
0,1.0,0.0,1.0,0.0,0,0.0,-1.0,0.9500000476837158,0.2,0
0,1.0,0.0,1.0,0.0,0,0.0,-1.0,0.6399999856948853,0.8,2
0,1.0,0.0,1.0,0.0,0,0.0,-1.0,0.7000000476837158,1.0,1
0,1.0,0.0,1.0,0.0,0,0.0,-1.0,0.550000011920929,1.0,2
0,1.0,1.0,0.0,0.0,0,0.0,1.0,0.0,0.0,0
0,1.0,0.0,1.0,0.0,0,0.0,-1.0,0.9500000476837158,0.2,2
0,1.0,1.0,0.0,0.0,0,0.0,1.0,0.0,0.0,0
0,1.0,0.0,1.0,0.0,0,0.0,-1.0,0.9500000476837158,0.2,3
0,1.0,0.0,1.0,0.0,0,0.0,-1.0,0.5999999642372131,1.0,0
0,1.0,1.0,0.0,0.0,0,0.0,1.0,0.0,0.0,0
0,1.0,0.0,1.0,0.0,0,0.0,-1.0,0.925000011920929,0.3,0
0,1.0,0.0,1.0,0.0,0,0.0,-1.0,0.75,1.0,3
0,1.0,0.0,1.0,0.0,0,0.0,-1.0,0.925000011920929,0.3,1
0,1.0,0.0,1.0,0.0,0,0.0,-1.0,0.9500000476837158,0.2,3
0,1.0,0.0,1.0,0.0,0,0.0,-1.0,0.9500000476837158,0.2,0
0,1.0,0.0,1.0,0.0,0,0.0,-1.0,0.9099999666213989,0.3,0
0,1.0,1.0,0.0,0.0,0,0.0,1.0,0.0,0.0,0
0,1.0,0.0,1.0,0.0,0,0.0,-1.0,0.925000011920929,0.3,3
0,1.0,0.0,1.0,0.0,0,0.0,-1.0,0.940000057220459,0.2,0
0,1.0,0.0,1.0,0.0,0,0.0,-1.0,0.925000011920929,0.3,3
0,1.0,0.0,1.0,0.0,0,0.0,-1.0,0.940000057220459,0.2,3
0,1.0,1.0,0.0,0.0,0,0.0,1.0,0.0,0.0,0
0,1.0,0.0,1.0,0.0,0,0.0,-1.0,0.8500000238418579,0.5,1
0,1.0,0.0,1.0,0.0,0,0.0,-1.0,0.9500000476837158,0.2,3
0,1.0,1.0,0.0,0.0,0,0.0,1.0,0.0,0.0,0
0,1.0,0.0,1.0,0.0,0,0.0,-1.0,0.8500000238418579,0.5,0
0,1.0,0.0,1.0,0.0,0,0.0,-1.0,0.7000000476837158,1.0,0
0,1.0,0.0,1.0,0.0,0,0.0,-1.0,0.9200000166893005,0.2,0
0,1.0,1.0,0.0,0.0,0,0.0,1.0,0.0,0.0,0
0,1.0,0.0,1.0,0.0,0,0.0,-1.0,0.940000057220459,0.2,0
0,1.0,0.0,1.0,0.0,0,0.0,-1.0,0.7749999761581421,0.5,1
0,1.0,0.0,1.0,0.0,0,0.0,-1.0,0.7749999761581421,0.5,2
0,1.0,1.0,0.0,0.0,0,0.0,1.0,0.0,0.0,0
0,1.0,0.0,1.0,0.0,0,0.0,-1.0,0.875,0.5,0
0,1.0,0.0,1.0,0.0,0,0.0,-1.0,0.5999999642372131,1.0,2
0,1.0,0.0,1.0,0.0,0,0.0,-1.0,0.800000011920929,0.8,3
0,1.0,0.0,1.0,0.0,0,0.0,-1.0,0.925000011920929,0.3,3
0,1.0,0.0,1.0,0.0,0,0.0,-1.0,0.9100000262260437,0.2,2
0,1.0,1.0,0.0,0.0,0,0.0,1.0,0.0,0.0,0
0,1.0,0.0,1.0,0.0,0,0.0,-1.0,0.7749999761581421,0.5,1
0,1.0,0.0,1.0,0.0,0,0.0,-1.0,0.9500000476837158,0.2,1
0,1.0,0.0,1.0,0.0,0,0.0,-1.0,0.800000011920929,0.8,3
0,1.0,0.0,1.0,0.0,0,0.0,-1.0,0.9500000476837158,0.2,0
0,1.0,0.0,1.0,0.0,0,0.0,-1.0,0.800000011920929,0.8,3
0,1.0,1.0,0.0,0.0,0,0.0,1.0,0.0,0.0,0
0,1.0,1.0,0.0,0.0,0,0.0,1.0,0.0,0.0,0
0,1.0,1.0,0.0,0.0,0,0.0,1.0,0.0,0.0,0
0,1.0,1.0,0.0,0.0,0,0.0,1.0,0.0,0.0,0
0,1.0,1.0,0.0,0.0,0,0.0,1.0,0.0,0.0,0
0,1.0,0.0,1.0,0.0,0,0.0,-1.0,0.6800000071525574,0.8,3
0,1.0,0.0,1.0,0.0,0,0.0,-1.0,0.940000057220459,0.2,0
0,1.0,0.0,1.0,0.0,0,0.0,-1.0,0.9200000166893005,0.2,1
0,1.0,0.0,1.0,0.0,0,0.0,-1.0,0.6800000071525574,0.8,0
0,1.0,0.0,1.0,0.0,0,0.0,-1.0,0.9500000476837158,0.2,3
0,1.0,1.0,0.0,0.0,0,0.0,1.0,0.0,0.0,0
0,1.0,0.0,1.0,0.0,0,0.0,-1.0,0.8500000238418579,0.5,2
0,1.0,0.0,1.0,0.0,0,0.0,-1.0,0.9500000476837158,0.2,1
0,1.0,0.0,1.0,0.0,0,0.0,-1.0,0.9500000476837158,0.2,2
0,1.0,0.0,1.0,0.0,0,0.0,-1.0,0.9500000476837158,0.2,0
0,1.0,0.0,1.0,0.0,0,0.0,-1.0,0.875,0.5,2
0,1.0,0.0,1.0,0.0,0,0.0,-1.0,0.925000011920929,0.3,0
0,1.0,0.0,1.0,0.0,0,0.0,-1.0,0.9500000476837158,0.2,0
0,1.0,0.0,1.0,0.0,0,0.0,-1.0,0.8500000238418579,0.5,2
0,1.0,0.0,1.0,0.0,0,0.0,-1.0,0.75,1.0,3
0,1.0,0.0,1.0,0.0,0,0.0,-1.0,0.800000011920929,0.8,3
0,1.0,1.0,0.0,0.0,0,0.0,1.0,0.0,0.0,0
0,1.0,0.0,1.0,0.0,0,0.0,-1.0,0.550000011920929,1.0,2
0,1.0,0.0,1.0,0.0,0,0.0,-1.0,0.925000011920929,0.3,0
0,1.0,0.0,1.0,0.0,0,0.0,-1.0,0.75,1.0,2
0,1.0,0.0,1.0,0.0,0,0.0,-1.0,0.925000011920929,0.3,3
0,1.0,0.0,1.0,0.0,0,0.0,-1.0,0.6800000071525574,0.8,1
0,1.0,1.0,0.0,0.0,0,0.0,1.0,0.0,0.0,0
0,1.0,0.0,1.0,0.0,0,0.0,-1.0,0.875,0.5,1
0,1.0,0.0,1.0,0.0,0,0.0,-1.0,0.7999999523162842,0.5,0
0,1.0,0.0,1.0,0.0,0,0.0,-1.0,0.940000057220459,0.2,3
0,1.0,0.0,1.0,0.0,0,0.0,-1.0,0.875,0.5,1
0,1.0,0.0,1.0,0.0,0,0.0,-1.0,0.7999999523162842,0.5,3
0,1.0,0.0,1.0,0.0,0,0.0,-1.0,0.7749999761581421,0.5,3
0,1.0,0.0,1.0,0.0,0,0.0,-1.0,0.7599999904632568,0.8,0
0,1.0,0.0,1.0,0.0,0,0.0,-1.0,0.75,1.0,0
0,1.0,0.0,1.0,0.0,0,0.0,-1.0,0.800000011920929,0.8,2
0,1.0,0.0,1.0,0.0,0,0.0,-1.0,0.9500000476837158,0.2,1
0,1.0,0.0,1.0,0.0,0,0.0,-1.0,0.550000011920929,1.0,1
0,0.9334248,0.2995885908603668,0.7004114389419556,0.066575244,1,0.0,-5.620521545410156,0.6404114961624146,0.2,0
0,1.0,0.0,1.0,0.0,0,0.0,-1.003328800201416,0.9500000476837158,0.2,1
0,1.0,1.0,0.0,0.0,0,0.0,1.0,0.0,0.0,0
0,1.0,1.0,0.0,0.0,0,0.0,1.0,0.0,0.0,0
0,1.0,0.0,1.0,0.0,0,0.0,-1.0,0.7999999523162842,0.5,3
0,1.0,0.0,1.0,0.0,0,0.0,-1.0,0.875,0.5,0
0,1.0,0.0,1.0,0.0,0,0.0,-1.0,0.6800000071525574,0.8,2
0,1.0,0.0,1.0,0.0,0,0.0,-1.0,0.9500000476837158,0.2,1
0,1.0,1.0,0.0,0.0,0,0.0,1.0,0.0,0.0,0
0,1.0,0.0,1.0,0.0,0,0.0,-1.0,0.5999999642372131,1.0,3
0,1.0,1.0,0.0,0.0,0,0.0,1.0,0.0,0.0,0
0,1.0,1.0,0.0,0.0,0,0.0,1.0,0.0,0.0,0
0,1.0,0.0,1.0,0.0,0,0.0,-1.0,0.75,1.0,1
0,1.0,1.0,0.0,0.0,0,0.0,1.0,0.0,0.0,0
0,1.0,0.0,1.0,0.0,0,0.0,-1.0,0.7999999523162842,0.5,2
0,1.0,0.0,1.0,0.0,0,0.0,-1.0,0.800000011920929,0.8,3
0,1.0,0.0,1.0,0.0,0,0.0,-1.0,0.7749999761581421,0.5,2
0,1.0,0.0,1.0,0.0,0,0.0,-1.0,0.9200000166893005,0.2,3
0,1.0,0.0,1.0,0.0,0,0.0,-1.0,0.8500000238418579,0.5,3
0,1.0,0.0,1.0,0.0,0,0.0,-1.0,0.9500000476837158,0.2,3
0,1.0,1.0,0.0,0.0,0,0.0,1.0,0.0,0.0,0
0,1.0,0.0,1.0,0.0,0,0.0,-1.0,0.800000011920929,0.8,1
0,1.0,0.0,1.0,0.0,0,0.0,-1.0,0.875,0.5,0
0,1.0,0.0,1.0,0.0,0,0.0,-1.0,0.75,1.0,2
0,1.0,0.0,1.0,0.0,0,0.0,-1.0,0.875,0.5,1
0,1.0,0.0,1.0,0.0,0,0.0,-1.0,0.75,1.0,1
0,1.0,0.0,1.0,0.0,0,0.0,-1.0,0.75,1.0,2
0,1.0,0.0,1.0,0.0,0,0.0,-1.0,0.9099999666213989,0.3,0
0,1.0,0.0,1.0,0.0,0,0.0,-1.0,0.925000011920929,0.3,0
0,1.0,1.0,0.0,0.0,0,0.0,1.0,0.0,0.0,0
0,1.0,0.0,1.0,0.0,0,0.0,-1.0,0.940000057220459,0.2,0
0,1.0,0.0,1.0,0.0,0,0.0,-1.0,0.6800000071525574,0.8,2
0,1.0,0.0,1.0,0.0,0,0.0,-1.0,0.7599999904632568,0.8,0
0,1.0,0.0,1.0,0.0,0,0.0,-1.0,0.75,1.0,2
0,1.0,0.0,1.0,0.0,0,0.0,-1.0,0.925000011920929,0.3,0
0,1.0,0.0,1.0,0.0,0,0.0,-1.0,0.925000011920929,0.3,2
0,1.0,0.0,1.0,0.0,0,0.0,-1.0,0.9500000476837158,0.2,1
0,1.0,0.0,1.0,0.0,0,0.0,-1.0,0.875,0.5,3
0,1.0,1.0,0.0,0.0,0,0.0,1.0,0.0,0.0,0
0,1.0,0.0,1.0,0.0,0,0.0,-1.0,0.7599999904632568,0.8,2
0,1.0,0.0,1.0,0.0,0,0.0,-1.0,0.925000011920929,0.3,1
0,0.9423196,0.2595619857311249,0.7404379844665527,0.05768044,1,0.0,-5.6712212562561035,0.5404379367828369,0.5,3
0,1.0,1.0,0.0,0.0,0,0.0,0.997115969657898,0.0,0.0,0
0,1.0,1.0,0.0,0.0,0,0.0,1.0,0.0,0.0,0
0,1.0,1.0,0.0,0.0,0,0.0,1.0,0.0,0.0,0
0,1.0,1.0,0.0,0.0,0,0.0,1.0,0.0,0.0,0
0,1.0,1.0,0.0,0.0,0,0.0,1.0,0.0,0.0,0
0,1.0,0.0,1.0,0.0,0,0.0,-1.0,0.7749999761581421,0.5,2
0,1.0,1.0,0.0,0.0,0,0.0,1.0,0.0,0.0,0
0,1.0,0.0,1.0,0.0,0,0.0,-1.0,0.7999999523162842,0.5,3
0,1.0,0.0,1.0,0.0,0,0.0,-1.0,0.9500000476837158,0.2,0
0,1.0,1.0,0.0,0.0,0,0.0,1.0,0.0,0.0,0
0,1.0,0.0,1.0,0.0,0,0.0,-1.0,0.925000011920929,0.3,0
0,1.0,1.0,0.0,0.0,0,0.0,1.0,0.0,0.0,0
0,1.0,0.0,1.0,0.0,0,0.0,-1.0,0.800000011920929,0.8,3
0,0.9994417,0.002512371400371194,0.9974876046180725,0.0005583048,0,0.0,-0.9968176484107971,0.8724876046180725,0.5,3
0,1.0,0.0,1.0,0.0,0,0.0,-1.0000278949737549,0.875,0.5,1
0,1.0,0.0,1.0,0.0,0,0.0,-1.0,0.5999999642372131,1.0,0
0,1.0,0.0,1.0,0.0,0,0.0,-1.0,0.7000000476837158,1.0,0
0,1.0,1.0,0.0,0.0,0,0.0,1.0,0.0,0.0,0
0,1.0,0.0,1.0,0.0,0,0.0,-1.0,0.9200000166893005,0.2,0
0,1.0,1.0,0.0,0.0,0,0.0,1.0,0.0,0.0,0
0,1.0,0.0,1.0,0.0,0,0.0,-1.0,0.9500000476837158,0.2,1
0,1.0,1.0,0.0,0.0,0,0.0,1.0,0.0,0.0,0
0,1.0,0.0,1.0,0.0,0,0.0,-1.0,0.5999999642372131,1.0,2
0,1.0,0.0,1.0,0.0,0,0.0,-1.0,0.925000011920929,0.3,1
0,1.0,1.0,0.0,0.0,0,0.0,1.0,0.0,0.0,0
0,1.0,0.0,1.0,0.0,0,0.0,-1.0,0.9500000476837158,0.2,1
0,1.0,0.0,1.0,0.0,0,0.0,-1.0,0.9099999666213989,0.3,3
0,0.96,1.0,0.0,0.040000003,0,1.0,0.8740000128746033,0.0,0.0,0
0,1.0,0.0,1.0,0.0,0,0.0,-1.0010000467300415,0.925000011920929,0.3,3
0,1.0,0.0,1.0,0.0,0,0.0,-1.0,0.9500000476837158,0.2,1
0,1.0,0.0,1.0,0.0,0,0.0,-1.0,0.925000011920929,0.3,0
0,1.0,0.0,1.0,0.0,0,0.0,-1.0,0.75,1.0,3
0,1.0,0.0,1.0,0.0,0,0.0,-1.0,0.875,0.5,0
0,1.0,0.0,1.0,0.0,0,0.0,-1.0,0.940000057220459,0.2,1
0,1.0,0.0,1.0,0.0,0,0.0,-1.0,0.9500000476837158,0.2,2
0,1.0,0.0,1.0,0.0,0,0.0,-1.0,0.925000011920929,0.3,3
0,1.0,0.0,1.0,0.0,0,0.0,-1.0,0.9500000476837158,0.2,2
0,1.0,0.0,1.0,0.0,0,0.0,-1.0,0.800000011920929,0.8,2
0,1.0,0.0,1.0,0.0,0,0.0,-1.0,0.9500000476837158,0.2,3
0,1.0,0.0,1.0,0.0,0,0.0,-1.0,0.940000057220459,0.2,1
0,1.0,0.0,1.0,0.0,0,0.0,-1.0,0.7999999523162842,0.5,2
0,1.0,1.0,0.0,0.0,0,0.0,1.0,0.0,0.0,0
0,1.0,0.0,1.0,0.0,0,0.0,-1.0,0.925000011920929,0.3,3
0,1.0,1.0,0.0,0.0,0,0.0,1.0,0.0,0.0,0
0,1.0,0.0,1.0,0.0,0,0.0,-1.0,0.925000011920929,0.3,3
0,1.0,0.0,1.0,0.0,0,0.0,-1.0,0.9500000476837158,0.2,0
0,1.0,0.0,1.0,0.0,0,0.0,-1.0,0.9500000476837158,0.2,2
0,1.0,0.0,1.0,0.0,0,0.0,-1.0,0.6800000071525574,0.8,3
0,1.0,0.0,1.0,0.0,0,0.0,-1.0,0.875,0.5,3
0,1.0,0.0,1.0,0.0,0,0.0,-1.0,0.9200000166893005,0.2,0
0,1.0,1.0,0.0,0.0,0,0.0,1.0,0.0,0.0,0
0,1.0,0.0,1.0,0.0,0,0.0,-1.0,0.8500000238418579,0.5,2
0,1.0,0.0,1.0,0.0,0,0.0,-1.0,0.7000000476837158,1.0,2
0,1.0,0.0,1.0,0.0,0,0.0,-1.0,0.925000011920929,0.3,1
0,1.0,1.0,0.0,0.0,0,0.0,1.0,0.0,0.0,0
0,1.0,1.0,0.0,0.0,0,0.0,1.0,0.0,0.0,0
0,1.0,0.0,1.0,0.0,0,0.0,-1.0,0.9100000262260437,0.2,3
0,1.0,0.0,1.0,0.0,0,0.0,-1.0,0.6399999856948853,0.8,2
0,1.0,1.0,0.0,0.0,0,0.0,1.0,0.0,0.0,0
0,1.0,0.0,1.0,0.0,0,0.0,-1.0,0.6800000071525574,0.8,1
0,1.0,0.0,1.0,0.0,0,0.0,-1.0,0.75,1.0,0
0,1.0,0.0,1.0,0.0,0,0.0,-1.0,0.940000057220459,0.2,2
0,1.0,0.0,1.0,0.0,0,0.0,-1.0,0.9200000166893005,0.2,3
0,1.0,0.0,1.0,0.0,0,0.0,-1.0,0.9100000262260437,0.2,1
0,1.0,1.0,0.0,0.0,0,0.0,1.0,0.0,0.0,0
0,1.0,1.0,0.0,0.0,0,0.0,1.0,0.0,0.0,0
0,1.0,0.0,1.0,0.0,0,0.0,-1.0,0.75,1.0,1
0,1.0,0.0,1.0,0.0,0,0.0,-1.0,0.9200000166893005,0.2,2
0,1.0,0.0,1.0,0.0,0,0.0,-1.0,0.75,1.0,2
0,1.0,1.0,0.0,0.0,0,0.0,1.0,0.0,0.0,0
0,1.0,0.0,1.0,0.0,0,0.0,-1.0,0.8500000238418579,0.5,2
0,1.0,0.0,1.0,0.0,0,0.0,-1.0,0.940000057220459,0.2,1
0,1.0,0.0,1.0,0.0,0,0.0,-1.0,0.940000057220459,0.2,0
0,1.0,0.0,1.0,0.0,0,0.0,-1.0,0.5999999642372131,1.0,3
0,1.0,0.0,1.0,0.0,0,0.0,-1.0,0.8500000238418579,0.5,3
0,1.0,0.0,1.0,0.0,0,0.0,-1.0,0.7999999523162842,0.5,0
0,1.0,0.0,1.0,0.0,0,0.0,-1.0,0.550000011920929,1.0,1
0,1.0,0.0,1.0,0.0,0,0.0,-1.0,0.800000011920929,0.8,3
0,1.0,0.0,1.0,0.0,0,0.0,-1.0,0.8500000238418579,0.5,2
0,1.0,0.0,1.0,0.0,0,0.0,-1.0,0.925000011920929,0.3,1
0,1.0,0.0,1.0,0.0,0,0.0,-1.0,0.925000011920929,0.3,2
0,1.0,0.0,1.0,0.0,0,0.0,-1.0,0.9099999666213989,0.3,3
0,1.0,0.0,1.0,0.0,0,0.0,-1.0,0.7999999523162842,0.5,0
0,1.0,0.0,1.0,0.0,0,0.0,-1.0,0.9099999666213989,0.3,0
0,1.0,0.0,1.0,0.0,0,0.0,-1.0,0.9500000476837158,0.2,3
0,1.0,0.0,1.0,0.0,0,0.0,-1.0,0.940000057220459,0.2,2
0,1.0,0.0,1.0,0.0,0,0.0,-1.0,0.800000011920929,0.8,3
0,1.0,1.0,0.0,0.0,0,0.0,1.0,0.0,0.0,0
0,1.0,0.0,1.0,0.0,0,0.0,-1.0,0.75,1.0,3
0,1.0,1.0,0.0,0.0,0,0.0,1.0,0.0,0.0,0
0,1.0,0.0,1.0,0.0,0,0.0,-1.0,0.9099999666213989,0.3,3
0,1.0,1.0,0.0,0.0,0,0.0,1.0,0.0,0.0,0
0,1.0,0.0,1.0,0.0,0,0.0,-1.0,0.800000011920929,0.8,3
0,1.0,0.0,1.0,0.0,0,0.0,-1.0,0.9500000476837158,0.2,3
0,1.0,0.0,1.0,0.0,0,0.0,-1.0,0.9500000476837158,0.2,1
0,1.0,0.0,1.0,0.0,0,0.0,-1.0,0.7000000476837158,1.0,3
0,1.0,0.0,1.0,0.0,0,0.0,-1.0,0.6399999856948853,0.8,3
0,1.0,1.0,0.0,0.0,0,0.0,1.0,0.0,0.0,0
0,1.0,0.0,1.0,0.0,0,0.0,-1.0,0.925000011920929,0.3,2
0,1.0,0.0,1.0,0.0,0,0.0,-1.0,0.75,1.0,3
0,1.0,1.0,0.0,0.0,0,0.0,1.0,0.0,0.0,0
0,1.0,1.0,0.0,0.0,0,0.0,1.0,0.0,0.0,0
0,1.0,0.0,1.0,0.0,0,0.0,-1.0,0.9200000166893005,0.2,3
0,1.0,0.0,1.0,0.0,0,0.0,-1.0,0.925000011920929,0.3,2
0,1.0,1.0,0.0,0.0,0,0.0,1.0,0.0,0.0,0
0,1.0,0.0,1.0,0.0,0,0.0,-1.0,0.9500000476837158,0.2,2
0,1.0,0.0,1.0,0.0,0,0.0,-1.0,0.9200000166893005,0.2,3
0,1.0,1.0,0.0,0.0,0,0.0,1.0,0.0,0.0,0
0,1.0,1.0,0.0,0.0,0,0.0,1.0,0.0,0.0,0
0,1.0,0.0,1.0,0.0,0,0.0,-1.0,0.9099999666213989,0.3,3
0,1.0,0.0,1.0,0.0,0,0.0,-1.0,0.75,1.0,2
0,1.0,0.0,1.0,0.0,0,0.0,-1.0,0.9099999666213989,0.3,0
0,1.0,0.0,1.0,0.0,0,0.0,-1.0,0.9500000476837158,0.2,2
0,1.0,0.0,1.0,0.0,0,0.0,-1.0,0.925000011920929,0.3,2
0,1.0,0.0,1.0,0.0,0,0.0,-1.0,0.7000000476837158,1.0,3
0,1.0,1.0,0.0,0.0,0,0.0,1.0,0.0,0.0,0
0,1.0,0.0,1.0,0.0,0,0.0,-1.0,0.5999999642372131,1.0,2
0,1.0,0.0,1.0,0.0,0,0.0,-1.0,0.875,0.5,1
0,1.0,0.0,1.0,0.0,0,0.0,-1.0,0.925000011920929,0.3,0
0,1.0,0.0,1.0,0.0,0,0.0,-1.0,0.875,0.5,3
0,1.0,1.0,0.0,0.0,0,0.0,1.0,0.0,0.0,0
0,1.0,0.0,1.0,0.0,0,0.0,-1.0,0.875,0.5,3
0,1.0,0.0,1.0,0.0,0,0.0,-1.0,0.9200000166893005,0.2,0
0,1.0,0.0,1.0,0.0,0,0.0,-1.0,0.9500000476837158,0.2,1
0,1.0,0.0,1.0,0.0,0,0.0,-1.0,0.5999999642372131,1.0,0
0,1.0,0.0,1.0,0.0,0,0.0,-1.0,0.6800000071525574,0.8,0
0,1.0,0.0,1.0,0.0,0,0.0,-1.0,0.925000011920929,0.3,0
0,1.0,1.0,0.0,0.0,0,0.0,1.0,0.0,0.0,0
0,1.0,0.0,1.0,0.0,0,0.0,-1.0,0.6800000071525574,0.8,2
0,1.0,0.0,1.0,0.0,0,0.0,-1.0,0.7749999761581421,0.5,3
0,1.0,0.0,1.0,0.0,0,0.0,-1.0,0.9500000476837158,0.2,3
0,1.0,0.0,1.0,0.0,0,0.0,-1.0,0.7749999761581421,0.5,2
0,1.0,0.0,1.0,0.0,0,0.0,-1.0,0.875,0.5,0
0,1.0,0.0,1.0,0.0,0,0.0,-1.0,0.7000000476837158,1.0,2
0,1.0,0.0,1.0,0.0,0,0.0,-1.0,0.75,1.0,3
0,1.0,0.0,1.0,0.0,0,0.0,-1.0,0.9200000166893005,0.2,0
0,1.0,1.0,0.0,0.0,0,0.0,1.0,0.0,0.0,0
0,1.0,0.0,1.0,0.0,0,0.0,-1.0,0.940000057220459,0.2,2
0,1.0,0.0,1.0,0.0,0,0.0,-1.0,0.9500000476837158,0.2,0
0,1.0,0.0,1.0,0.0,0,0.0,-1.0,0.75,1.0,3
0,1.0,1.0,0.0,0.0,0,0.0,1.0,0.0,0.0,0
0,1.0,0.0,1.0,0.0,0,0.0,-1.0,0.9200000166893005,0.2,0
0,1.0,1.0,0.0,0.0,0,0.0,1.0,0.0,0.0,0
0,1.0,0.0,1.0,0.0,0,0.0,-1.0,0.9099999666213989,0.3,0
0,1.0,1.0,0.0,0.0,0,0.0,1.0,0.0,0.0,0
0,1.0,0.0,1.0,0.0,0,0.0,-1.0,0.8500000238418579,0.5,2
0,1.0,1.0,0.0,0.0,0,0.0,1.0,0.0,0.0,0
0,1.0,1.0,0.0,0.0,0,0.0,1.0,0.0,0.0,0
0,1.0,0.0,1.0,0.0,0,0.0,-1.0,0.925000011920929,0.3,3
0,1.0,0.0,1.0,0.0,0,0.0,-1.0,0.875,0.5,3
0,1.0,1.0,0.0,0.0,0,0.0,1.0,0.0,0.0,0
0,0.9842267,0.07097993791103363,0.9290200471878052,0.01577332,0,0.0,-0.9100920557975769,0.8490200638771057,0.2,0
0,1.0,0.0,1.0,0.0,0,0.0,-1.000788688659668,0.6800000071525574,0.8,3
0,1.0,0.0,1.0,0.0,0,0.0,-1.0,0.800000011920929,0.8,0
0,1.0,0.0,1.0,0.0,0,0.0,-1.0,0.7999999523162842,0.5,1
0,1.0,0.0,1.0,0.0,0,0.0,-1.0,0.9099999666213989,0.3,0
0,1.0,0.0,1.0,0.0,0,0.0,-1.0,0.75,1.0,2
0,1.0,0.0,1.0,0.0,0,0.0,-1.0,0.9500000476837158,0.2,2
0,1.0,0.0,1.0,0.0,0,0.0,-1.0,0.800000011920929,0.8,2
0,1.0,0.0,1.0,0.0,0,0.0,-1.0,0.9099999666213989,0.3,2
0,1.0,0.0,1.0,0.0,0,0.0,-1.0,0.9500000476837158,0.2,2
0,1.0,0.0,1.0,0.0,0,0.0,-1.0,0.7749999761581421,0.5,3
0,1.0,1.0,0.0,0.0,0,0.0,1.0,0.0,0.0,0
0,1.0,0.0,1.0,0.0,0,0.0,-1.0,0.925000011920929,0.3,0
0,1.0,0.0,1.0,0.0,0,0.0,-1.0,0.9200000166893005,0.2,1
0,1.0,0.0,1.0,0.0,0,0.0,-1.0,0.550000011920929,1.0,0
0,1.0,0.0,1.0,0.0,0,0.0,-1.0,0.925000011920929,0.3,0
0,1.0,0.0,1.0,0.0,0,0.0,-1.0,0.925000011920929,0.3,2
0,1.0,1.0,0.0,0.0,0,0.0,1.0,0.0,0.0,0
0,1.0,1.0,0.0,0.0,0,0.0,1.0,0.0,0.0,0
0,1.0,0.0,1.0,0.0,0,0.0,-1.0,0.925000011920929,0.3,2
0,1.0,0.0,1.0,0.0,0,0.0,-1.0,0.9200000166893005,0.2,0
0,1.0,1.0,0.0,0.0,0,0.0,1.0,0.0,0.0,0
0,1.0,0.0,1.0,0.0,0,0.0,-1.0,0.940000057220459,0.2,0
0,1.0,0.0,1.0,0.0,0,0.0,-1.0,0.800000011920929,0.8,0
0,1.0,1.0,0.0,0.0,0,0.0,1.0,0.0,0.0,0
0,1.0,0.0,1.0,0.0,0,0.0,-1.0,0.925000011920929,0.3,0
0,1.0,0.0,1.0,0.0,0,0.0,-1.0,0.6800000071525574,0.8,1
0,1.0,0.0,1.0,0.0,0,0.0,-1.0,0.6800000071525574,0.8,0
0,1.0,0.0,1.0,0.0,0,0.0,-1.0,0.800000011920929,0.8,3
0,1.0,0.0,1.0,0.0,0,0.0,-1.0,0.7599999904632568,0.8,3
0,1.0,0.0,1.0,0.0,0,0.0,-1.0,0.9200000166893005,0.2,2
0,1.0,1.0,0.0,0.0,0,0.0,1.0,0.0,0.0,0
0,1.0,0.0,1.0,0.0,0,0.0,-1.0,0.8500000238418579,0.5,0
0,1.0,0.0,1.0,0.0,0,0.0,-1.0,0.9500000476837158,0.2,1
0,1.0,0.0,1.0,0.0,0,0.0,-1.0,0.925000011920929,0.3,1
0,1.0,0.0,1.0,0.0,0,0.0,-1.0,0.9500000476837158,0.2,0
0,1.0,1.0,0.0,0.0,0,0.0,1.0,0.0,0.0,0
0,1.0,1.0,0.0,0.0,0,0.0,1.0,0.0,0.0,0
0,1.0,1.0,0.0,0.0,0,0.0,1.0,0.0,0.0,0
0,1.0,0.0,1.0,0.0,0,0.0,-1.0,0.800000011920929,0.8,0
0,1.0,0.0,1.0,0.0,0,0.0,-1.0,0.7000000476837158,1.0,1
0,1.0,0.0,1.0,0.0,0,0.0,-1.0,0.9099999666213989,0.3,1
0,1.0,0.0,1.0,0.0,0,0.0,-1.0,0.925000011920929,0.3,1
0,1.0,1.0,0.0,0.0,0,0.0,1.0,0.0,0.0,0
0,1.0,0.0,1.0,0.0,0,0.0,-1.0,0.940000057220459,0.2,2
0,1.0,0.0,1.0,0.0,0,0.0,-1.0,0.75,1.0,2
0,1.0,0.0,1.0,0.0,0,0.0,-1.0,0.925000011920929,0.3,0
0,1.0,0.0,1.0,0.0,0,0.0,-1.0,0.9500000476837158,0.2,1
0,1.0,1.0,0.0,0.0,0,0.0,1.0,0.0,0.0,0
0,1.0,0.0,1.0,0.0,0,0.0,-1.0,0.925000011920929,0.3,0
0,1.0,1.0,0.0,0.0,0,0.0,1.0,0.0,0.0,0
0,0.8932852,0.48021647334098816,0.5197834968566895,0.10671478,1,0.0,-5.391725540161133,0.11978349089622498,1.0,2
0,1.0,0.0,1.0,0.0,0,0.0,-1.0053356885910034,0.9099999666213989,0.3,2
0,1.0,0.0,1.0,0.0,0,0.0,-1.0,0.6399999856948853,0.8,1
0,1.0,0.0,1.0,0.0,0,0.0,-1.0,0.800000011920929,0.8,2
0,1.0,1.0,0.0,0.0,0,0.0,1.0,0.0,0.0,0
0,1.0,0.0,1.0,0.0,0,0.0,-1.0,0.940000057220459,0.2,1
0,1.0,0.0,1.0,0.0,0,0.0,-1.0,0.7749999761581421,0.5,1
0,1.0,0.0,1.0,0.0,0,0.0,-1.0,0.6399999856948853,0.8,1
0,1.0,0.0,1.0,0.0,0,0.0,-1.0,0.9200000166893005,0.2,1
0,1.0,1.0,0.0,0.0,0,0.0,1.0,0.0,0.0,0
0,1.0,0.0,1.0,0.0,0,0.0,-1.0,0.7599999904632568,0.8,0
0,1.0,0.0,1.0,0.0,0,0.0,-1.0,0.9200000166893005,0.2,2
0,1.0,0.0,1.0,0.0,0,0.0,-1.0,0.7999999523162842,0.5,1
0,1.0,0.0,1.0,0.0,0,0.0,-1.0,0.8500000238418579,0.5,3
0,1.0,0.0,1.0,0.0,0,0.0,-1.0,0.9500000476837158,0.2,0
0,1.0,0.0,1.0,0.0,0,0.0,-1.0,0.925000011920929,0.3,2
0,1.0,1.0,0.0,0.0,0,0.0,1.0,0.0,0.0,0
0,1.0,0.0,1.0,0.0,0,0.0,-1.0,0.925000011920929,0.3,3
0,1.0,1.0,0.0,0.0,0,0.0,1.0,0.0,0.0,0
0,1.0,1.0,0.0,0.0,0,0.0,1.0,0.0,0.0,0
0,1.0,0.0,1.0,0.0,0,0.0,-1.0,0.9100000262260437,0.2,1
0,1.0,1.0,0.0,0.0,0,0.0,1.0,0.0,0.0,0
0,1.0,0.0,1.0,0.0,0,0.0,-1.0,0.940000057220459,0.2,1
0,1.0,1.0,0.0,0.0,0,0.0,1.0,0.0,0.0,0
0,1.0,0.0,1.0,0.0,0,0.0,-1.0,0.6800000071525574,0.8,0
0,1.0,0.0,1.0,0.0,0,0.0,-1.0,0.6800000071525574,0.8,3
0,1.0,0.0,1.0,0.0,0,0.0,-1.0,0.9500000476837158,0.2,2
0,1.0,0.0,1.0,0.0,0,0.0,-1.0,0.9099999666213989,0.3,0
1,1.0,0.0,1.0,0.0,0,0.0,-1.0,0.5999999642372131,1.0,1
1,1.0,0.0,1.0,0.0,0,0.0,-1.0,0.9500000476837158,0.2,2
1,1.0,0.0,1.0,0.0,0,0.0,-1.0,0.940000057220459,0.2,2
1,1.0,0.0,1.0,0.0,0,0.0,-1.0,0.9500000476837158,0.2,0
1,1.0,0.0,1.0,0.0,0,0.0,-1.0,0.7749999761581421,0.5,2
1,1.0,0.0,1.0,0.0,0,0.0,-1.0,0.925000011920929,0.3,3
1,1.0,0.0,1.0,0.0,0,0.0,-1.0,0.925000011920929,0.3,1
1,1.0,0.0,1.0,0.0,0,0.0,-1.0,0.940000057220459,0.2,2
1,1.0,1.0,0.0,0.0,0,0.0,1.0,0.0,0.0,0
1,1.0,0.0,1.0,0.0,0,0.0,-1.0,0.940000057220459,0.2,1
1,1.0,0.0,1.0,0.0,0,0.0,-1.0,0.925000011920929,0.3,3
1,1.0,1.0,0.0,0.0,0,0.0,1.0,0.0,0.0,0
1,1.0,1.0,0.0,0.0,0,0.0,1.0,0.0,0.0,0
1,1.0,0.0,1.0,0.0,0,0.0,-1.0,0.5999999642372131,1.0,2
1,1.0,0.0,1.0,0.0,0,0.0,-1.0,0.9500000476837158,0.2,0
1,1.0,1.0,0.0,0.0,0,0.0,1.0,0.0,0.0,0
1,1.0,0.0,1.0,0.0,0,0.0,-1.0,0.7599999904632568,0.8,1
1,1.0,0.0,1.0,0.0,0,0.0,-1.0,0.925000011920929,0.3,0
1,1.0,1.0,0.0,0.0,0,0.0,1.0,0.0,0.0,0
1,1.0,0.0,1.0,0.0,0,0.0,-1.0,0.8500000238418579,0.5,3
1,1.0,0.0,1.0,0.0,0,0.0,-1.0,0.7599999904632568,0.8,1
1,1.0,0.0,1.0,0.0,0,0.0,-1.0,0.7749999761581421,0.5,2
1,1.0,0.0,1.0,0.0,0,0.0,-1.0,0.9500000476837158,0.2,3
1,1.0,1.0,0.0,0.0,0,0.0,1.0,0.0,0.0,0
1,1.0,0.0,1.0,0.0,0,0.0,-1.0,0.800000011920929,0.8,0
1,1.0,0.0,1.0,0.0,0,0.0,-1.0,0.9200000166893005,0.2,1
1,1.0,0.0,1.0,0.0,0,0.0,-1.0,0.925000011920929,0.3,0
1,1.0,0.0,1.0,0.0,0,0.0,-1.0,0.5999999642372131,1.0,2
1,1.0,0.0,1.0,0.0,0,0.0,-1.0,0.5999999642372131,1.0,1
1,1.0,0.0,1.0,0.0,0,0.0,-1.0,0.9500000476837158,0.2,3
1,1.0,0.0,1.0,0.0,0,0.0,-1.0,0.800000011920929,0.8,2
1,1.0,0.0,1.0,0.0,0,0.0,-1.0,0.925000011920929,0.3,2
1,1.0,1.0,0.0,0.0,0,0.0,1.0,0.0,0.0,0
1,1.0,0.0,1.0,0.0,0,0.0,-1.0,0.7999999523162842,0.5,1
1,1.0,0.0,1.0,0.0,0,0.0,-1.0,0.925000011920929,0.3,0
1,1.0,0.0,1.0,0.0,0,0.0,-1.0,0.7000000476837158,1.0,0
1,0.90069824,0.44685792922973633,0.5531420707702637,0.09930177,1,0.0,-5.433980464935303,0.4781420826911926,0.3,0
1,1.0,1.0,0.0,0.0,0,0.0,0.99503493309021,0.0,0.0,0
1,1.0,0.0,1.0,0.0,0,0.0,-1.0,0.9500000476837158,0.2,2
1,1.0,0.0,1.0,0.0,0,0.0,-1.0,0.940000057220459,0.2,0
1,1.0,0.0,1.0,0.0,0,0.0,-1.0,0.940000057220459,0.2,0
1,1.0,0.0,1.0,0.0,0,0.0,-1.0,0.9500000476837158,0.2,1
1,1.0,0.0,1.0,0.0,0,0.0,-1.0,0.9100000262260437,0.2,0
1,1.0,1.0,0.0,0.0,0,0.0,1.0,0.0,0.0,0
1,1.0,0.0,1.0,0.0,0,0.0,-1.0,0.9099999666213989,0.3,2
1,1.0,0.0,1.0,0.0,0,0.0,-1.0,0.6399999856948853,0.8,2
1,1.0,0.0,1.0,0.0,0,0.0,-1.0,0.875,0.5,0
1,1.0,0.0,1.0,0.0,0,0.0,-1.0,0.9500000476837158,0.2,1
1,1.0,0.0,1.0,0.0,0,0.0,-1.0,0.875,0.5,3
1,1.0,0.0,1.0,0.0,0,0.0,-1.0,0.940000057220459,0.2,0
1,1.0,1.0,0.0,0.0,0,0.0,1.0,0.0,0.0,0
1,1.0,0.0,1.0,0.0,0,0.0,-1.0,0.9500000476837158,0.2,3
1,1.0,0.0,1.0,0.0,0,0.0,-1.0,0.875,0.5,1
1,1.0,0.0,1.0,0.0,0,0.0,-1.0,0.7749999761581421,0.5,2
1,1.0,1.0,0.0,0.0,0,0.0,1.0,0.0,0.0,0
1,1.0,0.0,1.0,0.0,0,0.0,-1.0,0.7599999904632568,0.8,0
1,1.0,0.0,1.0,0.0,0,0.0,-1.0,0.875,0.5,1
1,1.0,0.0,1.0,0.0,0,0.0,-1.0,0.9500000476837158,0.2,1
1,1.0,0.0,1.0,0.0,0,0.0,-1.0,0.6800000071525574,0.8,0
1,1.0,0.0,1.0,0.0,0,0.0,-1.0,0.5999999642372131,1.0,1
1,1.0,0.0,1.0,0.0,0,0.0,-1.0,0.8500000238418579,0.5,1
1,1.0,1.0,0.0,0.0,0,0.0,1.0,0.0,0.0,0
1,1.0,0.0,1.0,0.0,0,0.0,-1.0,0.75,1.0,0
1,1.0,0.0,1.0,0.0,0,0.0,-1.0,0.7749999761581421,0.5,1
1,1.0,0.0,1.0,0.0,0,0.0,-1.0,0.800000011920929,0.8,1
1,1.0,0.0,1.0,0.0,0,0.0,-1.0,0.75,1.0,3
1,1.0,0.0,1.0,0.0,0,0.0,-1.0,0.5999999642372131,1.0,1
1,1.0,0.0,1.0,0.0,0,0.0,-1.0,0.75,1.0,3
1,1.0,0.0,1.0,0.0,0,0.0,-1.0,0.9200000166893005,0.2,2
1,1.0,0.0,1.0,0.0,0,0.0,-1.0,0.940000057220459,0.2,1
1,1.0,0.0,1.0,0.0,0,0.0,-1.0,0.9099999666213989,0.3,0
1,1.0,0.0,1.0,0.0,0,0.0,-1.0,0.7999999523162842,0.5,1
1,1.0,0.0,1.0,0.0,0,0.0,-1.0,0.7599999904632568,0.8,1
1,1.0,1.0,0.0,0.0,0,0.0,1.0,0.0,0.0,0
1,1.0,0.0,1.0,0.0,0,0.0,-1.0,0.925000011920929,0.3,1
1,1.0,0.0,1.0,0.0,0,0.0,-1.0,0.800000011920929,0.8,1
1,1.0,1.0,0.0,0.0,0,0.0,1.0,0.0,0.0,0
1,1.0,1.0,0.0,0.0,0,0.0,1.0,0.0,0.0,0
1,1.0,1.0,0.0,0.0,0,0.0,1.0,0.0,0.0,0
1,1.0,0.0,1.0,0.0,0,0.0,-1.0,0.5999999642372131,1.0,2
1,1.0,0.0,1.0,0.0,0,0.0,-1.0,0.550000011920929,1.0,1
1,1.0,1.0,0.0,0.0,0,0.0,1.0,0.0,0.0,0
1,1.0,0.0,1.0,0.0,0,0.0,-1.0,0.75,1.0,1
1,1.0,0.0,1.0,0.0,0,0.0,-1.0,0.75,1.0,2
1,1.0,1.0,0.0,0.0,0,0.0,1.0,0.0,0.0,0
1,1.0,0.0,1.0,0.0,0,0.0,-1.0,0.9500000476837158,0.2,2
1,1.0,0.0,1.0,0.0,0,0.0,-1.0,0.7999999523162842,0.5,2
1,1.0,0.0,1.0,0.0,0,0.0,-1.0,0.925000011920929,0.3,2
1,1.0,0.0,1.0,0.0,0,0.0,-1.0,0.7999999523162842,0.5,1
1,1.0,0.0,1.0,0.0,0,0.0,-1.0,0.800000011920929,0.8,1
1,1.0,0.0,1.0,0.0,0,0.0,-1.0,0.9200000166893005,0.2,3
1,1.0,0.0,1.0,0.0,0,0.0,-1.0,0.875,0.5,1
1,1.0,1.0,0.0,0.0,0,0.0,1.0,0.0,0.0,0
1,1.0,1.0,0.0,0.0,0,0.0,1.0,0.0,0.0,0
1,1.0,1.0,0.0,0.0,0,0.0,1.0,0.0,0.0,0
1,1.0,1.0,0.0,0.0,0,0.0,1.0,0.0,0.0,0
1,1.0,1.0,0.0,0.0,0,0.0,1.0,0.0,0.0,0
1,1.0,1.0,0.0,0.0,0,0.0,1.0,0.0,0.0,0
1,1.0,1.0,0.0,0.0,0,0.0,1.0,0.0,0.0,0
1,1.0,0.0,1.0,0.0,0,0.0,-1.0,0.925000011920929,0.3,1
1,1.0,0.0,1.0,0.0,0,0.0,-1.0,0.940000057220459,0.2,1
1,1.0,0.0,1.0,0.0,0,0.0,-1.0,0.9099999666213989,0.3,1
1,1.0,0.0,1.0,0.0,0,0.0,-1.0,0.800000011920929,0.8,3
1,1.0,0.0,1.0,0.0,0,0.0,-1.0,0.6800000071525574,0.8,2
1,1.0,0.0,1.0,0.0,0,0.0,-1.0,0.940000057220459,0.2,2
1,1.0,0.0,1.0,0.0,0,0.0,-1.0,0.5999999642372131,1.0,0
1,1.0,0.0,1.0,0.0,0,0.0,-1.0,0.75,1.0,2
1,1.0,0.0,1.0,0.0,0,0.0,-1.0,0.9500000476837158,0.2,1
1,1.0,0.0,1.0,0.0,0,0.0,-1.0,0.75,1.0,1
1,1.0,1.0,0.0,0.0,0,0.0,1.0,0.0,0.0,0
1,0.9993245,0.0030396936926990747,0.9969603419303894,0.0006754875,0,0.0,-0.9961498379707336,0.6769603490829468,0.8,2
1,1.0,0.0,1.0,0.0,0,0.0,-1.0000337362289429,0.550000011920929,1.0,1
1,1.0,0.0,1.0,0.0,0,0.0,-1.0,0.925000011920929,0.3,0
1,1.0,0.0,1.0,0.0,0,0.0,-1.0,0.875,0.5,3
1,1.0,1.0,0.0,0.0,0,0.0,1.0,0.0,0.0,0
1,1.0,1.0,0.0,0.0,0,0.0,1.0,0.0,0.0,0
1,1.0,1.0,0.0,0.0,0,0.0,1.0,0.0,0.0,0
1,0.9906641,0.04201143980026245,0.9579885601997375,0.0093358755,0,0.0,-0.946785569190979,0.7579885721206665,0.5,3
1,1.0,0.0,1.0,0.0,0,0.0,-1.0004668235778809,0.925000011920929,0.3,3
1,1.0,1.0,0.0,0.0,0,0.0,1.0,0.0,0.0,0
1,1.0,0.0,1.0,0.0,0,0.0,-1.0,0.6800000071525574,0.8,2
1,1.0,0.0,1.0,0.0,0,0.0,-1.0,0.925000011920929,0.3,3
1,1.0,0.0,1.0,0.0,0,0.0,-1.0,0.875,0.5,0
1,1.0,1.0,0.0,0.0,0,0.0,1.0,0.0,0.0,0
1,1.0,0.0,1.0,0.0,0,0.0,-1.0,0.925000011920929,0.3,1
1,1.0,0.0,1.0,0.0,0,0.0,-1.0,0.925000011920929,0.3,0
1,1.0,0.0,1.0,0.0,0,0.0,-1.0,0.75,1.0,2
1,1.0,0.0,1.0,0.0,0,0.0,-1.0,0.9100000262260437,0.2,3
1,1.0,0.0,1.0,0.0,0,0.0,-1.0,0.9200000166893005,0.2,1
1,1.0,0.0,1.0,0.0,0,0.0,-1.0,0.7000000476837158,1.0,3
1,1.0,1.0,0.0,0.0,0,0.0,1.0,0.0,0.0,0
1,1.0,0.0,1.0,0.0,0,0.0,-1.0,0.800000011920929,0.8,2
1,1.0,0.0,1.0,0.0,0,0.0,-1.0,0.800000011920929,0.8,3
1,1.0,0.0,1.0,0.0,0,0.0,-1.0,0.5999999642372131,1.0,2
1,1.0,1.0,0.0,0.0,0,0.0,1.0,0.0,0.0,0
1,1.0,1.0,0.0,0.0,0,0.0,1.0,0.0,0.0,0
1,1.0,0.0,1.0,0.0,0,0.0,-1.0,0.75,1.0,1
1,1.0,0.0,1.0,0.0,0,0.0,-1.0,0.8500000238418579,0.5,3
1,1.0,1.0,0.0,0.0,0,0.0,1.0,0.0,0.0,0
1,1.0,1.0,0.0,0.0,0,0.0,1.0,0.0,0.0,0
1,1.0,0.0,1.0,0.0,0,0.0,-1.0,0.800000011920929,0.8,1
1,1.0,0.0,1.0,0.0,0,0.0,-1.0,0.925000011920929,0.3,1
1,1.0,0.0,1.0,0.0,0,0.0,-1.0,0.940000057220459,0.2,1
1,1.0,0.0,1.0,0.0,0,0.0,-1.0,0.800000011920929,0.8,3
1,1.0,0.0,1.0,0.0,0,0.0,-1.0,0.9500000476837158,0.2,2
1,1.0,0.0,1.0,0.0,0,0.0,-1.0,0.875,0.5,2
1,1.0,1.0,0.0,0.0,0,0.0,1.0,0.0,0.0,0
1,1.0,1.0,0.0,0.0,0,0.0,1.0,0.0,0.0,0
1,1.0,0.0,1.0,0.0,0,0.0,-1.0,0.9500000476837158,0.2,2
1,1.0,0.0,1.0,0.0,0,0.0,-1.0,0.9500000476837158,0.2,3
1,1.0,0.0,1.0,0.0,0,0.0,-1.0,0.7599999904632568,0.8,0
1,1.0,0.0,1.0,0.0,0,0.0,-1.0,0.9500000476837158,0.2,2
1,1.0,1.0,0.0,0.0,0,0.0,1.0,0.0,0.0,0
1,1.0,0.0,1.0,0.0,0,0.0,-1.0,0.9200000166893005,0.2,0
1,1.0,0.0,1.0,0.0,0,0.0,-1.0,0.925000011920929,0.3,0
1,1.0,1.0,0.0,0.0,0,0.0,1.0,0.0,0.0,0
1,1.0,0.0,1.0,0.0,0,0.0,-1.0,0.875,0.5,3
1,1.0,1.0,0.0,0.0,0,0.0,1.0,0.0,0.0,0
1,1.0,1.0,0.0,0.0,0,0.0,1.0,0.0,0.0,0
1,1.0,0.0,1.0,0.0,0,0.0,-1.0,0.800000011920929,0.8,3
1,1.0,0.0,1.0,0.0,0,0.0,-1.0,0.9500000476837158,0.2,0
1,1.0,0.0,1.0,0.0,0,0.0,-1.0,0.9500000476837158,0.2,3
1,1.0,0.0,1.0,0.0,0,0.0,-1.0,0.75,1.0,3
1,1.0,0.0,1.0,0.0,0,0.0,-1.0,0.800000011920929,0.8,0
1,0.9096251,0.40668702125549316,0.5933129787445068,0.0903749,1,0.0,-5.484862804412842,0.5433130264282227,0.2,0
1,1.0,0.0,1.0,0.0,0,0.0,-1.004518747329712,0.7749999761581421,0.5,3
1,1.0,0.0,1.0,0.0,0,0.0,-1.0,0.75,1.0,1
1,1.0,0.0,1.0,0.0,0,0.0,-1.0,0.7749999761581421,0.5,3
1,1.0,0.0,1.0,0.0,0,0.0,-1.0,0.925000011920929,0.3,1
1,1.0,0.0,1.0,0.0,0,0.0,-1.0,0.800000011920929,0.8,0
1,1.0,0.0,1.0,0.0,0,0.0,-1.0,0.9500000476837158,0.2,3
1,1.0,1.0,0.0,0.0,0,0.0,1.0,0.0,0.0,0
1,1.0,1.0,0.0,0.0,0,0.0,1.0,0.0,0.0,0
1,1.0,0.0,1.0,0.0,0,0.0,-1.0,0.7999999523162842,0.5,2
1,1.0,1.0,0.0,0.0,0,0.0,1.0,0.0,0.0,0
1,1.0,1.0,0.0,0.0,0,0.0,1.0,0.0,0.0,0
1,1.0,0.0,1.0,0.0,0,0.0,-1.0,0.7999999523162842,0.5,0
1,1.0,1.0,0.0,0.0,0,0.0,1.0,0.0,0.0,0
1,1.0,0.0,1.0,0.0,0,0.0,-1.0,0.7999999523162842,0.5,2
1,1.0,0.0,1.0,0.0,0,0.0,-1.0,0.800000011920929,0.8,3
1,1.0,0.0,1.0,0.0,0,0.0,-1.0,0.800000011920929,0.8,0
1,1.0,0.0,1.0,0.0,0,0.0,-1.0,0.800000011920929,0.8,2
1,1.0,0.0,1.0,0.0,0,0.0,-1.0,0.925000011920929,0.3,3
1,1.0,0.0,1.0,0.0,0,0.0,-1.0,0.925000011920929,0.3,3
1,1.0,0.0,1.0,0.0,0,0.0,-1.0,0.940000057220459,0.2,1
1,1.0,0.0,1.0,0.0,0,0.0,-1.0,0.9200000166893005,0.2,0
1,1.0,0.0,1.0,0.0,0,0.0,-1.0,0.9100000262260437,0.2,0
1,1.0,1.0,0.0,0.0,0,0.0,1.0,0.0,0.0,0
1,1.0,0.0,1.0,0.0,0,0.0,-1.0,0.9099999666213989,0.3,3
1,1.0,0.0,1.0,0.0,0,0.0,-1.0,0.925000011920929,0.3,3
1,1.0,0.0,1.0,0.0,0,0.0,-1.0,0.6399999856948853,0.8,2
1,1.0,0.0,1.0,0.0,0,0.0,-1.0,0.800000011920929,0.8,1
1,1.0,1.0,0.0,0.0,0,0.0,1.0,0.0,0.0,0
1,1.0,0.0,1.0,0.0,0,0.0,-1.0,0.7000000476837158,1.0,0
1,1.0,0.0,1.0,0.0,0,0.0,-1.0,0.6399999856948853,0.8,0
1,1.0,1.0,0.0,0.0,0,0.0,1.0,0.0,0.0,0
1,1.0,1.0,0.0,0.0,0,0.0,1.0,0.0,0.0,0
1,1.0,1.0,0.0,0.0,0,0.0,1.0,0.0,0.0,0
1,1.0,0.0,1.0,0.0,0,0.0,-1.0,0.7599999904632568,0.8,1
1,1.0,0.0,1.0,0.0,0,0.0,-1.0,0.925000011920929,0.3,2
1,1.0,0.0,1.0,0.0,0,0.0,-1.0,0.8500000238418579,0.5,0
1,1.0,0.0,1.0,0.0,0,0.0,-1.0,0.9099999666213989,0.3,0
1,1.0,0.0,1.0,0.0,0,0.0,-1.0,0.940000057220459,0.2,1
1,1.0,0.0,1.0,0.0,0,0.0,-1.0,0.925000011920929,0.3,3
1,1.0,0.0,1.0,0.0,0,0.0,-1.0,0.800000011920929,0.8,0
1,1.0,0.0,1.0,0.0,0,0.0,-1.0,0.9099999666213989,0.3,0
1,1.0,0.0,1.0,0.0,0,0.0,-1.0,0.7000000476837158,1.0,1
1,1.0,0.0,1.0,0.0,0,0.0,-1.0,0.5999999642372131,1.0,1
1,1.0,0.0,1.0,0.0,0,0.0,-1.0,0.75,1.0,0
1,1.0,0.0,1.0,0.0,0,0.0,-1.0,0.9099999666213989,0.3,1
1,1.0,0.0,1.0,0.0,0,0.0,-1.0,0.550000011920929,1.0,0
1,1.0,0.0,1.0,0.0,0,0.0,-1.0,0.875,0.5,1
1,1.0,0.0,1.0,0.0,0,0.0,-1.0,0.925000011920929,0.3,2
1,1.0,0.0,1.0,0.0,0,0.0,-1.0,0.7599999904632568,0.8,2
1,1.0,1.0,0.0,0.0,0,0.0,1.0,0.0,0.0,0
1,1.0,0.0,1.0,0.0,0,0.0,-1.0,0.800000011920929,0.8,1
1,1.0,0.0,1.0,0.0,0,0.0,-1.0,0.8500000238418579,0.5,1
1,1.0,0.0,1.0,0.0,0,0.0,-1.0,0.9100000262260437,0.2,0
1,1.0,0.0,1.0,0.0,0,0.0,-1.0,0.5999999642372131,1.0,0
1,1.0,1.0,0.0,0.0,0,0.0,1.0,0.0,0.0,0
1,1.0,0.0,1.0,0.0,0,0.0,-1.0,0.9099999666213989,0.3,2
1,1.0,0.0,1.0,0.0,0,0.0,-1.0,0.550000011920929,1.0,3
1,1.0,0.0,1.0,0.0,0,0.0,-1.0,0.800000011920929,0.8,0
1,1.0,0.0,1.0,0.0,0,0.0,-1.0,0.875,0.5,0
1,1.0,1.0,0.0,0.0,0,0.0,1.0,0.0,0.0,0
1,1.0,0.0,1.0,0.0,0,0.0,-1.0,0.75,1.0,0
1,1.0,0.0,1.0,0.0,0,0.0,-1.0,0.875,0.5,3
1,1.0,0.0,1.0,0.0,0,0.0,-1.0,0.550000011920929,1.0,0
1,1.0,1.0,0.0,0.0,0,0.0,1.0,0.0,0.0,0
1,1.0,0.0,1.0,0.0,0,0.0,-1.0,0.800000011920929,0.8,3
1,1.0,1.0,0.0,0.0,0,0.0,1.0,0.0,0.0,0
1,1.0,0.0,1.0,0.0,0,0.0,-1.0,0.925000011920929,0.3,1
1,1.0,0.0,1.0,0.0,0,0.0,-1.0,0.75,1.0,3
1,0.9856617,0.06452236324548721,0.935477614402771,0.014338302,0,0.0,-0.9182716608047485,0.5754776000976562,0.8,0
1,1.0,0.0,1.0,0.0,0,0.0,-1.0007169246673584,0.75,1.0,1
1,1.0,1.0,0.0,0.0,0,0.0,1.0,0.0,0.0,0
1,1.0,0.0,1.0,0.0,0,0.0,-1.0,0.6399999856948853,0.8,2
1,1.0,1.0,0.0,0.0,0,0.0,1.0,0.0,0.0,0
1,1.0,0.0,1.0,0.0,0,0.0,-1.0,0.925000011920929,0.3,3
1,1.0,0.0,1.0,0.0,0,0.0,-1.0,0.925000011920929,0.3,0
1,1.0,0.0,1.0,0.0,0,0.0,-1.0,0.9099999666213989,0.3,0
1,1.0,0.0,1.0,0.0,0,0.0,-1.0,0.6800000071525574,0.8,1
1,1.0,0.0,1.0,0.0,0,0.0,-1.0,0.940000057220459,0.2,3
1,1.0,1.0,0.0,0.0,0,0.0,1.0,0.0,0.0,0
1,1.0,0.0,1.0,0.0,0,0.0,-1.0,0.9500000476837158,0.2,2
1,1.0,0.0,1.0,0.0,0,0.0,-1.0,0.9200000166893005,0.2,1
1,1.0,0.0,1.0,0.0,0,0.0,-1.0,0.6800000071525574,0.8,2
1,1.0,0.0,1.0,0.0,0,0.0,-1.0,0.940000057220459,0.2,0
1,1.0,0.0,1.0,0.0,0,0.0,-1.0,0.925000011920929,0.3,3
1,1.0,0.0,1.0,0.0,0,0.0,-1.0,0.7999999523162842,0.5,1
1,1.0,1.0,0.0,0.0,0,0.0,1.0,0.0,0.0,0
1,1.0,0.0,1.0,0.0,0,0.0,-1.0,0.7000000476837158,1.0,2
1,1.0,1.0,0.0,0.0,0,0.0,1.0,0.0,0.0,0
1,1.0,0.0,1.0,0.0,0,0.0,-1.0,0.925000011920929,0.3,1
1,1.0,0.0,1.0,0.0,0,0.0,-1.0,0.7999999523162842,0.5,2
1,1.0,1.0,0.0,0.0,0,0.0,1.0,0.0,0.0,0
1,1.0,0.0,1.0,0.0,0,0.0,-1.0,0.940000057220459,0.2,2
1,1.0,0.0,1.0,0.0,0,0.0,-1.0,0.9099999666213989,0.3,2
1,1.0,0.0,1.0,0.0,0,0.0,-1.0,0.7749999761581421,0.5,1
1,1.0,0.0,1.0,0.0,0,0.0,-1.0,0.925000011920929,0.3,1
1,1.0,0.0,1.0,0.0,0,0.0,-1.0,0.9099999666213989,0.3,0
1,1.0,0.0,1.0,0.0,0,0.0,-1.0,0.925000011920929,0.3,0
1,1.0,0.0,1.0,0.0,0,0.0,-1.0,0.9500000476837158,0.2,1
1,1.0,0.0,1.0,0.0,0,0.0,-1.0,0.8500000238418579,0.5,1
1,1.0,0.0,1.0,0.0,0,0.0,-1.0,0.550000011920929,1.0,3
1,1.0,0.0,1.0,0.0,0,0.0,-1.0,0.9099999666213989,0.3,0
1,1.0,0.0,1.0,0.0,0,0.0,-1.0,0.7999999523162842,0.5,3
1,1.0,0.0,1.0,0.0,0,0.0,-1.0,0.75,1.0,0
1,1.0,1.0,0.0,0.0,0,0.0,1.0,0.0,0.0,0
1,1.0,0.0,1.0,0.0,0,0.0,-1.0,0.9500000476837158,0.2,0
1,1.0,0.0,1.0,0.0,0,0.0,-1.0,0.940000057220459,0.2,0
1,1.0,1.0,0.0,0.0,0,0.0,1.0,0.0,0.0,0
1,1.0,0.0,1.0,0.0,0,0.0,-1.0,0.800000011920929,0.8,2
1,1.0,1.0,0.0,0.0,0,0.0,1.0,0.0,0.0,0
1,1.0,1.0,0.0,0.0,0,0.0,1.0,0.0,0.0,0
1,1.0,0.0,1.0,0.0,0,0.0,-1.0,0.9500000476837158,0.2,1
1,1.0,1.0,0.0,0.0,0,0.0,1.0,0.0,0.0,0
1,1.0,0.0,1.0,0.0,0,0.0,-1.0,0.5999999642372131,1.0,1
1,1.0,0.0,1.0,0.0,0,0.0,-1.0,0.940000057220459,0.2,2
1,1.0,0.0,1.0,0.0,0,0.0,-1.0,0.9099999666213989,0.3,1
1,1.0,0.0,1.0,0.0,0,0.0,-1.0,0.940000057220459,0.2,3
1,1.0,0.0,1.0,0.0,0,0.0,-1.0,0.7599999904632568,0.8,0
1,1.0,1.0,0.0,0.0,0,0.0,1.0,0.0,0.0,0
1,1.0,0.0,1.0,0.0,0,0.0,-1.0,0.9500000476837158,0.2,0
1,1.0,1.0,0.0,0.0,0,0.0,1.0,0.0,0.0,0
1,1.0,1.0,0.0,0.0,0,0.0,1.0,0.0,0.0,0
1,1.0,0.0,1.0,0.0,0,0.0,-1.0,0.940000057220459,0.2,3
1,1.0,0.0,1.0,0.0,0,0.0,-1.0,0.9200000166893005,0.2,0
1,1.0,0.0,1.0,0.0,0,0.0,-1.0,0.9100000262260437,0.2,0
1,1.0,0.0,1.0,0.0,0,0.0,-1.0,0.9200000166893005,0.2,1
1,1.0,1.0,0.0,0.0,0,0.0,1.0,0.0,0.0,0
1,1.0,0.0,1.0,0.0,0,0.0,-1.0,0.7000000476837158,1.0,3
1,1.0,0.0,1.0,0.0,0,0.0,-1.0,0.925000011920929,0.3,1
1,1.0,0.0,1.0,0.0,0,0.0,-1.0,0.75,1.0,0
1,1.0,1.0,0.0,0.0,0,0.0,1.0,0.0,0.0,0
1,1.0,0.0,1.0,0.0,0,0.0,-1.0,0.5999999642372131,1.0,2
1,1.0,0.0,1.0,0.0,0,0.0,-1.0,0.5999999642372131,1.0,3
1,1.0,1.0,0.0,0.0,0,0.0,1.0,0.0,0.0,0
1,1.0,0.0,1.0,0.0,0,0.0,-1.0,0.925000011920929,0.3,1
1,1.0,1.0,0.0,0.0,0,0.0,1.0,0.0,0.0,0
1,1.0,0.0,1.0,0.0,0,0.0,-1.0,0.9500000476837158,0.2,3
1,1.0,0.0,1.0,0.0,0,0.0,-1.0,0.800000011920929,0.8,1
1,1.0,0.0,1.0,0.0,0,0.0,-1.0,0.800000011920929,0.8,2
1,1.0,0.0,1.0,0.0,0,0.0,-1.0,0.7599999904632568,0.8,2
1,1.0,0.0,1.0,0.0,0,0.0,-1.0,0.9099999666213989,0.3,2
1,1.0,1.0,0.0,0.0,0,0.0,1.0,0.0,0.0,0
1,0.9937735,0.028019212186336517,0.9719808101654053,0.006226492,0,0.0,-0.9645090103149414,0.5719807744026184,1.0,1
1,1.0,0.0,1.0,0.0,0,0.0,-1.0003113746643066,0.925000011920929,0.3,2
1,1.0,0.0,1.0,0.0,0,0.0,-1.0,0.5999999642372131,1.0,0
1,0.8243737,0.7903183102607727,0.2096816897392273,0.17562631,1,0.0,-4.99893045425415,0.15968169271945953,0.2,2
1,1.0,1.0,0.0,0.0,0,0.0,0.9912186861038208,0.0,0.0,0
1,1.0,1.0,0.0,0.0,0,0.0,1.0,0.0,0.0,0
1,1.0,0.0,1.0,0.0,0,0.0,-1.0,0.925000011920929,0.3,2
1,1.0,1.0,0.0,0.0,0,0.0,1.0,0.0,0.0,0
1,1.0,1.0,0.0,0.0,0,0.0,1.0,0.0,0.0,0
1,1.0,0.0,1.0,0.0,0,0.0,-1.0,0.925000011920929,0.3,0
1,1.0,0.0,1.0,0.0,0,0.0,-1.0,0.7599999904632568,0.8,3
1,1.0,0.0,1.0,0.0,0,0.0,-1.0,0.7000000476837158,1.0,2
1,1.0,1.0,0.0,0.0,0,0.0,1.0,0.0,0.0,0
1,1.0,0.0,1.0,0.0,0,0.0,-1.0,0.925000011920929,0.3,1
1,1.0,1.0,0.0,0.0,0,0.0,1.0,0.0,0.0,0
1,1.0,0.0,1.0,0.0,0,0.0,-1.0,0.875,0.5,3
1,1.0,1.0,0.0,0.0,0,0.0,1.0,0.0,0.0,0
1,1.0,1.0,0.0,0.0,0,0.0,1.0,0.0,0.0,0
1,0.97302246,0.12139882147312164,0.8786011934280396,0.026977515,0,0.0,-0.8462281823158264,0.8286012411117554,0.2,2
1,1.0,1.0,0.0,0.0,0,0.0,0.9986511468887329,0.0,0.0,0
1,1.0,0.0,1.0,0.0,0,0.0,-1.0,0.7599999904632568,0.8,2
1,1.0,0.0,1.0,0.0,0,0.0,-1.0,0.875,0.5,2
1,1.0,1.0,0.0,0.0,0,0.0,1.0,0.0,0.0,0
1,1.0,1.0,0.0,0.0,0,0.0,1.0,0.0,0.0,0
1,1.0,0.0,1.0,0.0,0,0.0,-1.0,0.800000011920929,0.8,2
1,1.0,1.0,0.0,0.0,0,0.0,1.0,0.0,0.0,0
1,1.0,0.0,1.0,0.0,0,0.0,-1.0,0.9500000476837158,0.2,3
1,1.0,0.0,1.0,0.0,0,0.0,-1.0,0.5999999642372131,1.0,2
1,1.0,1.0,0.0,0.0,0,0.0,1.0,0.0,0.0,0
1,1.0,0.0,1.0,0.0,0,0.0,-1.0,0.75,1.0,2
1,1.0,0.0,1.0,0.0,0,0.0,-1.0,0.925000011920929,0.3,3
1,1.0,1.0,0.0,0.0,0,0.0,1.0,0.0,0.0,0
1,1.0,1.0,0.0,0.0,0,0.0,1.0,0.0,0.0,0
1,1.0,0.0,1.0,0.0,0,0.0,-1.0,0.8500000238418579,0.5,1
1,1.0,0.0,1.0,0.0,0,0.0,-1.0,0.875,0.5,3
1,1.0,0.0,1.0,0.0,0,0.0,-1.0,0.7000000476837158,1.0,3
1,1.0,0.0,1.0,0.0,0,0.0,-1.0,0.875,0.5,3
1,1.0,0.0,1.0,0.0,0,0.0,-1.0,0.75,1.0,2
1,1.0,1.0,0.0,0.0,0,0.0,1.0,0.0,0.0,0
1,1.0,1.0,0.0,0.0,0,0.0,1.0,0.0,0.0,0
1,1.0,0.0,1.0,0.0,0,0.0,-1.0,0.940000057220459,0.2,1
1,1.0,0.0,1.0,0.0,0,0.0,-1.0,0.7999999523162842,0.5,1
1,1.0,0.0,1.0,0.0,0,0.0,-1.0,0.5999999642372131,1.0,1
1,1.0,1.0,0.0,0.0,0,0.0,1.0,0.0,0.0,0
1,1.0,0.0,1.0,0.0,0,0.0,-1.0,0.9200000166893005,0.2,3
1,1.0,1.0,0.0,0.0,0,0.0,1.0,0.0,0.0,0
1,1.0,0.0,1.0,0.0,0,0.0,-1.0,0.9500000476837158,0.2,2
1,1.0,0.0,1.0,0.0,0,0.0,-1.0,0.940000057220459,0.2,2
1,1.0,0.0,1.0,0.0,0,0.0,-1.0,0.925000011920929,0.3,3
1,1.0,1.0,0.0,0.0,0,0.0,1.0,0.0,0.0,0
1,1.0,0.0,1.0,0.0,0,0.0,-1.0,0.9500000476837158,0.2,1
1,1.0,1.0,0.0,0.0,0,0.0,1.0,0.0,0.0,0
1,1.0,0.0,1.0,0.0,0,0.0,-1.0,0.925000011920929,0.3,2
1,1.0,1.0,0.0,0.0,0,0.0,1.0,0.0,0.0,0
1,1.0,0.0,1.0,0.0,0,0.0,-1.0,0.7599999904632568,0.8,3
1,1.0,1.0,0.0,0.0,0,0.0,1.0,0.0,0.0,0
1,1.0,1.0,0.0,0.0,0,0.0,1.0,0.0,0.0,0
1,0.9805726,0.08742348849773407,0.9125764966011047,0.019427443,0,0.0,-0.8892635703086853,0.66257643699646,1.0,2
1,1.0,0.0,1.0,0.0,0,0.0,-1.0009713172912598,0.9099999666213989,0.3,2
1,1.0,1.0,0.0,0.0,0,0.0,1.0,0.0,0.0,0
1,1.0,0.0,1.0,0.0,0,0.0,-1.0,0.75,1.0,1
1,1.0,0.0,1.0,0.0,0,0.0,-1.0,0.875,0.5,2
1,1.0,0.0,1.0,0.0,0,0.0,-1.0,0.940000057220459,0.2,3
1,1.0,0.0,1.0,0.0,0,0.0,-1.0,0.9500000476837158,0.2,2
1,1.0,0.0,1.0,0.0,0,0.0,-1.0,0.7749999761581421,0.5,0
1,1.0,1.0,0.0,0.0,0,0.0,1.0,0.0,0.0,0
1,1.0,1.0,0.0,0.0,0,0.0,1.0,0.0,0.0,0
1,1.0,0.0,1.0,0.0,0,0.0,-1.0,0.5999999642372131,1.0,1
1,1.0,0.0,1.0,0.0,0,0.0,-1.0,0.9099999666213989,0.3,3
1,1.0,0.0,1.0,0.0,0,0.0,-1.0,0.9099999666213989,0.3,2
1,1.0,0.0,1.0,0.0,0,0.0,-1.0,0.925000011920929,0.3,0
1,1.0,0.0,1.0,0.0,0,0.0,-1.0,0.9500000476837158,0.2,1
1,1.0,0.0,1.0,0.0,0,0.0,-1.0,0.8500000238418579,0.5,3
1,1.0,1.0,0.0,0.0,0,0.0,1.0,0.0,0.0,0
1,1.0,0.0,1.0,0.0,0,0.0,-1.0,0.9500000476837158,0.2,3
1,1.0,0.0,1.0,0.0,0,0.0,-1.0,0.5999999642372131,1.0,0
1,1.0,0.0,1.0,0.0,0,0.0,-1.0,0.800000011920929,0.8,1
1,1.0,0.0,1.0,0.0,0,0.0,-1.0,0.9500000476837158,0.2,2
1,1.0,0.0,1.0,0.0,0,0.0,-1.0,0.7749999761581421,0.5,3
1,1.0,0.0,1.0,0.0,0,0.0,-1.0,0.925000011920929,0.3,3
1,1.0,0.0,1.0,0.0,0,0.0,-1.0,0.9500000476837158,0.2,0
1,0.99688095,0.014035784639418125,0.9859642386436462,0.0031190633,0,0.0,-0.9822213053703308,0.6259642243385315,0.8,1
1,1.0,0.0,1.0,0.0,0,0.0,-1.0001559257507324,0.7000000476837158,1.0,1
1,1.0,0.0,1.0,0.0,0,0.0,-1.0,0.75,1.0,1
1,1.0,1.0,0.0,0.0,0,0.0,1.0,0.0,0.0,0
1,1.0,0.0,1.0,0.0,0,0.0,-1.0,0.75,1.0,0
1,1.0,0.0,1.0,0.0,0,0.0,-1.0,0.7599999904632568,0.8,1
1,1.0,0.0,1.0,0.0,0,0.0,-1.0,0.800000011920929,0.8,3
1,1.0,0.0,1.0,0.0,0,0.0,-1.0,0.8500000238418579,0.5,3
1,1.0,0.0,1.0,0.0,0,0.0,-1.0,0.9500000476837158,0.2,1
1,1.0,1.0,0.0,0.0,0,0.0,1.0,0.0,0.0,0
1,1.0,0.0,1.0,0.0,0,0.0,-1.0,0.9099999666213989,0.3,3
1,1.0,0.0,1.0,0.0,0,0.0,-1.0,0.9200000166893005,0.2,0
1,1.0,0.0,1.0,0.0,0,0.0,-1.0,0.925000011920929,0.3,3
1,1.0,0.0,1.0,0.0,0,0.0,-1.0,0.925000011920929,0.3,3
1,1.0,0.0,1.0,0.0,0,0.0,-1.0,0.925000011920929,0.3,0
1,1.0,0.0,1.0,0.0,0,0.0,-1.0,0.9500000476837158,0.2,2
1,1.0,0.0,1.0,0.0,0,0.0,-1.0,0.6800000071525574,0.8,0
1,1.0,0.0,1.0,0.0,0,0.0,-1.0,0.9100000262260437,0.2,1
1,1.0,0.0,1.0,0.0,0,0.0,-1.0,0.7999999523162842,0.5,2
1,1.0,1.0,0.0,0.0,0,0.0,1.0,0.0,0.0,0
1,1.0,0.0,1.0,0.0,0,0.0,-1.0,0.7999999523162842,0.5,3
1,1.0,0.0,1.0,0.0,0,0.0,-1.0,0.75,1.0,3
1,1.0,1.0,0.0,0.0,0,0.0,1.0,0.0,0.0,0
1,1.0,0.0,1.0,0.0,0,0.0,-1.0,0.550000011920929,1.0,0
1,1.0,0.0,1.0,0.0,0,0.0,-1.0,0.5999999642372131,1.0,0
1,1.0,1.0,0.0,0.0,0,0.0,1.0,0.0,0.0,0
1,1.0,1.0,0.0,0.0,0,0.0,1.0,0.0,0.0,0
1,1.0,1.0,0.0,0.0,0,0.0,1.0,0.0,0.0,0
1,1.0,1.0,0.0,0.0,0,0.0,1.0,0.0,0.0,0
1,1.0,0.0,1.0,0.0,0,0.0,-1.0,0.9500000476837158,0.2,2
1,1.0,0.0,1.0,0.0,0,0.0,-1.0,0.925000011920929,0.3,0
1,1.0,0.0,1.0,0.0,0,0.0,-1.0,0.6800000071525574,0.8,2
1,1.0,1.0,0.0,0.0,0,0.0,1.0,0.0,0.0,0
1,1.0,1.0,0.0,0.0,0,0.0,1.0,0.0,0.0,0
1,1.0,0.0,1.0,0.0,0,0.0,-1.0,0.550000011920929,1.0,0
1,1.0,0.0,1.0,0.0,0,0.0,-1.0,0.7749999761581421,0.5,0
1,1.0,1.0,0.0,0.0,0,0.0,1.0,0.0,0.0,0
1,1.0,1.0,0.0,0.0,0,0.0,1.0,0.0,0.0,0
1,1.0,0.0,1.0,0.0,0,0.0,-1.0,0.75,1.0,3
1,1.0,0.0,1.0,0.0,0,0.0,-1.0,0.5999999642372131,1.0,1
1,1.0,1.0,0.0,0.0,0,0.0,1.0,0.0,0.0,0
1,1.0,0.0,1.0,0.0,0,0.0,-1.0,0.800000011920929,0.8,3
1,1.0,0.0,1.0,0.0,0,0.0,-1.0,0.9500000476837158,0.2,0
1,1.0,0.0,1.0,0.0,0,0.0,-1.0,0.5999999642372131,1.0,0
1,1.0,0.0,1.0,0.0,0,0.0,-1.0,0.5999999642372131,1.0,2
1,1.0,1.0,0.0,0.0,0,0.0,1.0,0.0,0.0,0
1,1.0,0.0,1.0,0.0,0,0.0,-1.0,0.6399999856948853,0.8,0
1,1.0,1.0,0.0,0.0,0,0.0,1.0,0.0,0.0,0
1,1.0,0.0,1.0,0.0,0,0.0,-1.0,0.5999999642372131,1.0,1
1,1.0,1.0,0.0,0.0,0,0.0,1.0,0.0,0.0,0
1,1.0,0.0,1.0,0.0,0,0.0,-1.0,0.925000011920929,0.3,3
1,1.0,0.0,1.0,0.0,0,0.0,-1.0,0.6399999856948853,0.8,0
1,1.0,0.0,1.0,0.0,0,0.0,-1.0,0.6800000071525574,0.8,2
1,1.0,0.0,1.0,0.0,0,0.0,-1.0,0.800000011920929,0.8,0
1,1.0,0.0,1.0,0.0,0,0.0,-1.0,0.5999999642372131,1.0,2
1,1.0,0.0,1.0,0.0,0,0.0,-1.0,0.875,0.5,0
1,1.0,1.0,0.0,0.0,0,0.0,1.0,0.0,0.0,0
1,1.0,0.0,1.0,0.0,0,0.0,-1.0,0.9200000166893005,0.2,2
1,1.0,1.0,0.0,0.0,0,0.0,1.0,0.0,0.0,0
1,1.0,0.0,1.0,0.0,0,0.0,-1.0,0.9500000476837158,0.2,3
1,1.0,0.0,1.0,0.0,0,0.0,-1.0,0.5999999642372131,1.0,0
1,0.9690412,0.1393144726753235,0.8606855273246765,0.030958772,0,0.0,-0.8235349655151367,0.8006855845451355,0.2,3
1,1.0,0.0,1.0,0.0,0,0.0,-1.001547932624817,0.925000011920929,0.3,1
1,1.0,0.0,1.0,0.0,0,0.0,-1.0,0.7000000476837158,1.0,1
1,1.0,0.0,1.0,0.0,0,0.0,-1.0,0.800000011920929,0.8,2
1,1.0,0.0,1.0,0.0,0,0.0,-1.0,0.7000000476837158,1.0,0
1,1.0,0.0,1.0,0.0,0,0.0,-1.0,0.9099999666213989,0.3,1
1,1.0,0.0,1.0,0.0,0,0.0,-1.0,0.6800000071525574,0.8,1
1,1.0,1.0,0.0,0.0,0,0.0,1.0,0.0,0.0,0
1,1.0,0.0,1.0,0.0,0,0.0,-1.0,0.9500000476837158,0.2,1
1,1.0,1.0,0.0,0.0,0,0.0,1.0,0.0,0.0,0
1,1.0,0.0,1.0,0.0,0,0.0,-1.0,0.9099999666213989,0.3,1
1,1.0,0.0,1.0,0.0,0,0.0,-1.0,0.875,0.5,3
1,1.0,0.0,1.0,0.0,0,0.0,-1.0,0.9500000476837158,0.2,1
1,1.0,0.0,1.0,0.0,0,0.0,-1.0,0.8500000238418579,0.5,1
1,1.0,1.0,0.0,0.0,0,0.0,1.0,0.0,0.0,0
1,1.0,0.0,1.0,0.0,0,0.0,-1.0,0.8500000238418579,0.5,1
1,1.0,0.0,1.0,0.0,0,0.0,-1.0,0.9099999666213989,0.3,0
1,1.0,0.0,1.0,0.0,0,0.0,-1.0,0.7000000476837158,1.0,1
1,1.0,0.0,1.0,0.0,0,0.0,-1.0,0.8500000238418579,0.5,1
1,1.0,0.0,1.0,0.0,0,0.0,-1.0,0.940000057220459,0.2,3
1,1.0,0.0,1.0,0.0,0,0.0,-1.0,0.800000011920929,0.8,3
1,1.0,0.0,1.0,0.0,0,0.0,-1.0,0.9500000476837158,0.2,1
1,1.0,0.0,1.0,0.0,0,0.0,-1.0,0.5999999642372131,1.0,2
1,1.0,1.0,0.0,0.0,0,0.0,1.0,0.0,0.0,0
1,1.0,0.0,1.0,0.0,0,0.0,-1.0,0.940000057220459,0.2,0
1,1.0,1.0,0.0,0.0,0,0.0,1.0,0.0,0.0,0
1,1.0,1.0,0.0,0.0,0,0.0,1.0,0.0,0.0,0
1,1.0,0.0,1.0,0.0,0,0.0,-1.0,0.7999999523162842,0.5,1
1,1.0,0.0,1.0,0.0,0,0.0,-1.0,0.8500000238418579,0.5,1
1,1.0,0.0,1.0,0.0,0,0.0,-1.0,0.925000011920929,0.3,3
1,1.0,1.0,0.0,0.0,0,0.0,1.0,0.0,0.0,0
1,1.0,0.0,1.0,0.0,0,0.0,-1.0,0.7599999904632568,0.8,3
1,1.0,0.0,1.0,0.0,0,0.0,-1.0,0.9200000166893005,0.2,2
1,1.0,0.0,1.0,0.0,0,0.0,-1.0,0.925000011920929,0.3,2
1,1.0,0.0,1.0,0.0,0,0.0,-1.0,0.875,0.5,3
1,1.0,1.0,0.0,0.0,0,0.0,1.0,0.0,0.0,0
1,1.0,0.0,1.0,0.0,0,0.0,-1.0,0.9500000476837158,0.2,0
1,1.0,0.0,1.0,0.0,0,0.0,-1.0,0.940000057220459,0.2,0
1,1.0,0.0,1.0,0.0,0,0.0,-1.0,0.8500000238418579,0.5,0
1,1.0,0.0,1.0,0.0,0,0.0,-1.0,0.9200000166893005,0.2,1
1,1.0,0.0,1.0,0.0,0,0.0,-1.0,0.940000057220459,0.2,1
1,1.0,0.0,1.0,0.0,0,0.0,-1.0,0.550000011920929,1.0,0
1,1.0,0.0,1.0,0.0,0,0.0,-1.0,0.9099999666213989,0.3,3
1,1.0,0.0,1.0,0.0,0,0.0,-1.0,0.9099999666213989,0.3,0
1,1.0,0.0,1.0,0.0,0,0.0,-1.0,0.875,0.5,2
1,1.0,1.0,0.0,0.0,0,0.0,1.0,0.0,0.0,0
1,1.0,0.0,1.0,0.0,0,0.0,-1.0,0.7999999523162842,0.5,3
1,1.0,0.0,1.0,0.0,0,0.0,-1.0,0.75,1.0,1
1,1.0,1.0,0.0,0.0,0,0.0,1.0,0.0,0.0,0
1,1.0,0.0,1.0,0.0,0,0.0,-1.0,0.9099999666213989,0.3,1
1,1.0,0.0,1.0,0.0,0,0.0,-1.0,0.925000011920929,0.3,2
1,1.0,1.0,0.0,0.0,0,0.0,1.0,0.0,0.0,0
2,0.9686497,0.14107646048069,0.8589235544204712,0.031350326,0,0.0,-0.8213031888008118,0.7339235544204712,0.5,0
2,1.0,0.0,1.0,0.0,0,0.0,-1.0015674829483032,0.940000057220459,0.2,0
2,1.0,0.0,1.0,0.0,0,0.0,-1.0,0.875,0.5,0
2,1.0,0.0,1.0,0.0,0,0.0,-1.0,0.75,1.0,0
2,1.0,0.0,1.0,0.0,0,0.0,-1.0,0.7599999904632568,0.8,0
2,1.0,1.0,0.0,0.0,0,0.0,1.0,0.0,0.0,0
2,1.0,0.0,1.0,0.0,0,0.0,-1.0,0.925000011920929,0.3,0
2,1.0,1.0,0.0,0.0,0,0.0,1.0,0.0,0.0,0
2,1.0,0.0,1.0,0.0,0,0.0,-1.0,0.875,0.5,2
2,1.0,0.0,1.0,0.0,0,0.0,-1.0,0.940000057220459,0.2,3
2,1.0,0.0,1.0,0.0,0,0.0,-1.0,0.9099999666213989,0.3,0
2,1.0,1.0,0.0,0.0,0,0.0,1.0,0.0,0.0,0
2,1.0,0.0,1.0,0.0,0,0.0,-1.0,0.925000011920929,0.3,0
2,1.0,0.0,1.0,0.0,0,0.0,-1.0,0.550000011920929,1.0,2
2,1.0,0.0,1.0,0.0,0,0.0,-1.0,0.7000000476837158,1.0,2
2,1.0,0.0,1.0,0.0,0,0.0,-1.0,0.940000057220459,0.2,0
2,1.0,0.0,1.0,0.0,0,0.0,-1.0,0.9200000166893005,0.2,3
2,1.0,0.0,1.0,0.0,0,0.0,-1.0,0.75,1.0,3
2,1.0,1.0,0.0,0.0,0,0.0,1.0,0.0,0.0,0
2,1.0,0.0,1.0,0.0,0,0.0,-1.0,0.9099999666213989,0.3,0
2,1.0,0.0,1.0,0.0,0,0.0,-1.0,0.75,1.0,1
2,1.0,0.0,1.0,0.0,0,0.0,-1.0,0.75,1.0,2
2,1.0,0.0,1.0,0.0,0,0.0,-1.0,0.925000011920929,0.3,2
2,1.0,0.0,1.0,0.0,0,0.0,-1.0,0.9099999666213989,0.3,0
2,1.0,0.0,1.0,0.0,0,0.0,-1.0,0.9100000262260437,0.2,0
2,1.0,0.0,1.0,0.0,0,0.0,-1.0,0.9500000476837158,0.2,3
2,1.0,1.0,0.0,0.0,0,0.0,1.0,0.0,0.0,0
2,1.0,1.0,0.0,0.0,0,0.0,1.0,0.0,0.0,0
2,1.0,0.0,1.0,0.0,0,0.0,-1.0,0.5999999642372131,1.0,1
2,1.0,0.0,1.0,0.0,0,0.0,-1.0,0.6399999856948853,0.8,0
2,1.0,1.0,0.0,0.0,0,0.0,1.0,0.0,0.0,0
2,1.0,1.0,0.0,0.0,0,0.0,1.0,0.0,0.0,0
2,1.0,0.0,1.0,0.0,0,0.0,-1.0,0.925000011920929,0.3,0
2,1.0,0.0,1.0,0.0,0,0.0,-1.0,0.9099999666213989,0.3,2
2,1.0,1.0,0.0,0.0,0,0.0,1.0,0.0,0.0,0
2,1.0,0.0,1.0,0.0,0,0.0,-1.0,0.9500000476837158,0.2,2
2,1.0,1.0,0.0,0.0,0,0.0,1.0,0.0,0.0,0
2,1.0,0.0,1.0,0.0,0,0.0,-1.0,0.5999999642372131,1.0,0
2,1.0,0.0,1.0,0.0,0,0.0,-1.0,0.7599999904632568,0.8,0
2,1.0,0.0,1.0,0.0,0,0.0,-1.0,0.7999999523162842,0.5,0
2,1.0,1.0,0.0,0.0,0,0.0,1.0,0.0,0.0,0
2,1.0,1.0,0.0,0.0,0,0.0,1.0,0.0,0.0,0
2,1.0,0.0,1.0,0.0,0,0.0,-1.0,0.9500000476837158,0.2,0
2,1.0,0.0,1.0,0.0,0,0.0,-1.0,0.8500000238418579,0.5,2
2,1.0,0.0,1.0,0.0,0,0.0,-1.0,0.7599999904632568,0.8,0
2,1.0,0.0,1.0,0.0,0,0.0,-1.0,0.940000057220459,0.2,0
2,1.0,0.0,1.0,0.0,0,0.0,-1.0,0.9100000262260437,0.2,3
2,1.0,0.0,1.0,0.0,0,0.0,-1.0,0.800000011920929,0.8,2
2,1.0,0.0,1.0,0.0,0,0.0,-1.0,0.75,1.0,1
2,1.0,0.0,1.0,0.0,0,0.0,-1.0,0.9200000166893005,0.2,1
2,1.0,0.0,1.0,0.0,0,0.0,-1.0,0.6399999856948853,0.8,3
2,1.0,0.0,1.0,0.0,0,0.0,-1.0,0.9200000166893005,0.2,2
2,1.0,0.0,1.0,0.0,0,0.0,-1.0,0.5999999642372131,1.0,1
2,1.0,0.0,1.0,0.0,0,0.0,-1.0,0.7000000476837158,1.0,1
2,1.0,1.0,0.0,0.0,0,0.0,1.0,0.0,0.0,0
2,1.0,0.0,1.0,0.0,0,0.0,-1.0,0.875,0.5,3
2,1.0,1.0,0.0,0.0,0,0.0,1.0,0.0,0.0,0
2,1.0,0.0,1.0,0.0,0,0.0,-1.0,0.9099999666213989,0.3,3
2,1.0,1.0,0.0,0.0,0,0.0,1.0,0.0,0.0,0
2,1.0,0.0,1.0,0.0,0,0.0,-1.0,0.550000011920929,1.0,0
2,1.0,0.0,1.0,0.0,0,0.0,-1.0,0.9500000476837158,0.2,1
2,1.0,0.0,1.0,0.0,0,0.0,-1.0,0.800000011920929,0.8,2
2,1.0,0.0,1.0,0.0,0,0.0,-1.0,0.875,0.5,1
2,1.0,0.0,1.0,0.0,0,0.0,-1.0,0.925000011920929,0.3,1
2,1.0,1.0,0.0,0.0,0,0.0,1.0,0.0,0.0,0
2,1.0,1.0,0.0,0.0,0,0.0,1.0,0.0,0.0,0
2,1.0,0.0,1.0,0.0,0,0.0,-1.0,0.9099999666213989,0.3,1
2,1.0,0.0,1.0,0.0,0,0.0,-1.0,0.875,0.5,0
2,1.0,1.0,0.0,0.0,0,0.0,1.0,0.0,0.0,0
2,1.0,0.0,1.0,0.0,0,0.0,-1.0,0.7599999904632568,0.8,1
2,1.0,0.0,1.0,0.0,0,0.0,-1.0,0.800000011920929,0.8,2
2,1.0,0.0,1.0,0.0,0,0.0,-1.0,0.9500000476837158,0.2,1
2,1.0,1.0,0.0,0.0,0,0.0,1.0,0.0,0.0,0
2,1.0,0.0,1.0,0.0,0,0.0,-1.0,0.5999999642372131,1.0,3
2,1.0,0.0,1.0,0.0,0,0.0,-1.0,0.925000011920929,0.3,0
2,1.0,0.0,1.0,0.0,0,0.0,-1.0,0.925000011920929,0.3,1
2,1.0,0.0,1.0,0.0,0,0.0,-1.0,0.925000011920929,0.3,1
2,1.0,0.0,1.0,0.0,0,0.0,-1.0,0.550000011920929,1.0,2
2,1.0,0.0,1.0,0.0,0,0.0,-1.0,0.550000011920929,1.0,2
2,1.0,1.0,0.0,0.0,0,0.0,1.0,0.0,0.0,0
2,1.0,0.0,1.0,0.0,0,0.0,-1.0,0.925000011920929,0.3,1
2,1.0,0.0,1.0,0.0,0,0.0,-1.0,0.9500000476837158,0.2,0
2,1.0,0.0,1.0,0.0,0,0.0,-1.0,0.9500000476837158,0.2,0
2,1.0,0.0,1.0,0.0,0,0.0,-1.0,0.75,1.0,0
2,1.0,0.0,1.0,0.0,0,0.0,-1.0,0.9500000476837158,0.2,0
2,1.0,1.0,0.0,0.0,0,0.0,1.0,0.0,0.0,0
2,1.0,1.0,0.0,0.0,0,0.0,1.0,0.0,0.0,0
2,1.0,0.0,1.0,0.0,0,0.0,-1.0,0.6800000071525574,0.8,1
2,1.0,0.0,1.0,0.0,0,0.0,-1.0,0.75,1.0,0
2,1.0,0.0,1.0,0.0,0,0.0,-1.0,0.9099999666213989,0.3,0
2,1.0,0.0,1.0,0.0,0,0.0,-1.0,0.7999999523162842,0.5,1
2,1.0,0.0,1.0,0.0,0,0.0,-1.0,0.6399999856948853,0.8,0
2,1.0,1.0,0.0,0.0,0,0.0,1.0,0.0,0.0,0
2,1.0,0.0,1.0,0.0,0,0.0,-1.0,0.9099999666213989,0.3,1
2,1.0,1.0,0.0,0.0,0,0.0,1.0,0.0,0.0,0
2,1.0,0.0,1.0,0.0,0,0.0,-1.0,0.9500000476837158,0.2,1
2,1.0,1.0,0.0,0.0,0,0.0,1.0,0.0,0.0,0
2,1.0,0.0,1.0,0.0,0,0.0,-1.0,0.925000011920929,0.3,1
2,1.0,1.0,0.0,0.0,0,0.0,1.0,0.0,0.0,0
2,1.0,0.0,1.0,0.0,0,0.0,-1.0,0.940000057220459,0.2,1
2,1.0,0.0,1.0,0.0,0,0.0,-1.0,0.875,0.5,1
2,1.0,0.0,1.0,0.0,0,0.0,-1.0,0.7599999904632568,0.8,2
2,1.0,0.0,1.0,0.0,0,0.0,-1.0,0.800000011920929,0.8,0
2,0.85959965,0.6318016052246094,0.3681983947753906,0.14040036,1,0.0,-5.199717998504639,0.11819839477539062,1.0,1
2,1.0,0.0,1.0,0.0,0,0.0,-1.0070199966430664,0.9500000476837158,0.2,2
2,1.0,0.0,1.0,0.0,0,0.0,-1.0,0.9500000476837158,0.2,1
2,1.0,0.0,1.0,0.0,0,0.0,-1.0,0.9100000262260437,0.2,2
2,1.0,0.0,1.0,0.0,0,0.0,-1.0,0.75,1.0,2
2,1.0,0.0,1.0,0.0,0,0.0,-1.0,0.800000011920929,0.8,0
2,1.0,0.0,1.0,0.0,0,0.0,-1.0,0.7999999523162842,0.5,1
2,1.0,1.0,0.0,0.0,0,0.0,1.0,0.0,0.0,0
2,1.0,1.0,0.0,0.0,0,0.0,1.0,0.0,0.0,0
2,1.0,1.0,0.0,0.0,0,0.0,1.0,0.0,0.0,0
2,1.0,1.0,0.0,0.0,0,0.0,1.0,0.0,0.0,0
2,1.0,0.0,1.0,0.0,0,0.0,-1.0,0.800000011920929,0.8,2
2,1.0,0.0,1.0,0.0,0,0.0,-1.0,0.9500000476837158,0.2,2
2,1.0,0.0,1.0,0.0,0,0.0,-1.0,0.925000011920929,0.3,2
2,1.0,0.0,1.0,0.0,0,0.0,-1.0,0.9500000476837158,0.2,1
2,1.0,1.0,0.0,0.0,0,0.0,1.0,0.0,0.0,0
2,1.0,1.0,0.0,0.0,0,0.0,1.0,0.0,0.0,0
2,1.0,0.0,1.0,0.0,0,0.0,-1.0,0.9500000476837158,0.2,0
2,1.0,0.0,1.0,0.0,0,0.0,-1.0,0.6800000071525574,0.8,3
2,1.0,0.0,1.0,0.0,0,0.0,-1.0,0.9100000262260437,0.2,2
2,1.0,1.0,0.0,0.0,0,0.0,1.0,0.0,0.0,0
2,1.0,0.0,1.0,0.0,0,0.0,-1.0,0.9500000476837158,0.2,0
2,0.9333838,0.29977288842201233,0.7002270817756653,0.0666162,1,0.0,-5.6202874183654785,0.6402271389961243,0.2,2
2,1.0,0.0,1.0,0.0,0,0.0,-1.0033308267593384,0.925000011920929,0.3,2
2,1.0,0.0,1.0,0.0,0,0.0,-1.0,0.75,1.0,3
2,1.0,0.0,1.0,0.0,0,0.0,-1.0,0.7999999523162842,0.5,1
2,1.0,0.0,1.0,0.0,0,0.0,-1.0,0.75,1.0,2
2,1.0,0.0,1.0,0.0,0,0.0,-1.0,0.5999999642372131,1.0,1
2,0.96499866,0.1575060784816742,0.8424938917160034,0.03500135,0,0.0,-0.8004921674728394,0.7924939393997192,0.2,2
2,1.0,0.0,1.0,0.0,0,0.0,-1.001750111579895,0.6800000071525574,0.8,2
2,1.0,1.0,0.0,0.0,0,0.0,1.0,0.0,0.0,0
2,1.0,0.0,1.0,0.0,0,0.0,-1.0,0.8500000238418579,0.5,0
2,1.0,1.0,0.0,0.0,0,0.0,1.0,0.0,0.0,0
2,1.0,0.0,1.0,0.0,0,0.0,-1.0,0.6399999856948853,0.8,2
2,1.0,1.0,0.0,0.0,0,0.0,1.0,0.0,0.0,0
2,1.0,1.0,0.0,0.0,0,0.0,1.0,0.0,0.0,0
2,1.0,1.0,0.0,0.0,0,0.0,1.0,0.0,0.0,0
2,1.0,1.0,0.0,0.0,0,0.0,1.0,0.0,0.0,0
2,1.0,0.0,1.0,0.0,0,0.0,-1.0,0.9500000476837158,0.2,2
2,1.0,0.0,1.0,0.0,0,0.0,-1.0,0.75,1.0,2
2,1.0,0.0,1.0,0.0,0,0.0,-1.0,0.6800000071525574,0.8,3
2,1.0,1.0,0.0,0.0,0,0.0,1.0,0.0,0.0,0
2,1.0,0.0,1.0,0.0,0,0.0,-1.0,0.925000011920929,0.3,2
2,1.0,0.0,1.0,0.0,0,0.0,-1.0,0.9099999666213989,0.3,0
2,1.0,0.0,1.0,0.0,0,0.0,-1.0,0.940000057220459,0.2,1
2,1.0,1.0,0.0,0.0,0,0.0,1.0,0.0,0.0,0
2,1.0,0.0,1.0,0.0,0,0.0,-1.0,0.75,1.0,1
2,1.0,0.0,1.0,0.0,0,0.0,-1.0,0.7999999523162842,0.5,0
2,1.0,0.0,1.0,0.0,0,0.0,-1.0,0.9099999666213989,0.3,0
2,1.0,1.0,0.0,0.0,0,0.0,1.0,0.0,0.0,0
2,1.0,0.0,1.0,0.0,0,0.0,-1.0,0.9500000476837158,0.2,1
2,1.0,0.0,1.0,0.0,0,0.0,-1.0,0.925000011920929,0.3,3
2,1.0,1.0,0.0,0.0,0,0.0,1.0,0.0,0.0,0
2,1.0,0.0,1.0,0.0,0,0.0,-1.0,0.9099999666213989,0.3,0
2,1.0,1.0,0.0,0.0,0,0.0,1.0,0.0,0.0,0
2,1.0,0.0,1.0,0.0,0,0.0,-1.0,0.7000000476837158,1.0,3
2,1.0,0.0,1.0,0.0,0,0.0,-1.0,0.925000011920929,0.3,2
2,1.0,0.0,1.0,0.0,0,0.0,-1.0,0.9099999666213989,0.3,3
2,1.0,0.0,1.0,0.0,0,0.0,-1.0,0.9200000166893005,0.2,1
2,1.0,1.0,0.0,0.0,0,0.0,1.0,0.0,0.0,0
2,1.0,0.0,1.0,0.0,0,0.0,-1.0,0.8500000238418579,0.5,2
2,1.0,1.0,0.0,0.0,0,0.0,1.0,0.0,0.0,0
2,1.0,0.0,1.0,0.0,0,0.0,-1.0,0.925000011920929,0.3,2
2,1.0,0.0,1.0,0.0,0,0.0,-1.0,0.875,0.5,3
2,1.0,1.0,0.0,0.0,0,0.0,1.0,0.0,0.0,0
2,1.0,0.0,1.0,0.0,0,0.0,-1.0,0.550000011920929,1.0,0
2,1.0,0.0,1.0,0.0,0,0.0,-1.0,0.9500000476837158,0.2,3
2,1.0,1.0,0.0,0.0,0,0.0,1.0,0.0,0.0,0
2,1.0,1.0,0.0,0.0,0,0.0,1.0,0.0,0.0,0
2,1.0,0.0,1.0,0.0,0,0.0,-1.0,0.875,0.5,3
2,1.0,0.0,1.0,0.0,0,0.0,-1.0,0.9500000476837158,0.2,0
2,1.0,0.0,1.0,0.0,0,0.0,-1.0,0.9500000476837158,0.2,0
2,1.0,0.0,1.0,0.0,0,0.0,-1.0,0.940000057220459,0.2,2
2,1.0,0.0,1.0,0.0,0,0.0,-1.0,0.800000011920929,0.8,3
2,1.0,0.0,1.0,0.0,0,0.0,-1.0,0.875,0.5,1
2,1.0,0.0,1.0,0.0,0,0.0,-1.0,0.9500000476837158,0.2,2
2,1.0,0.0,1.0,0.0,0,0.0,-1.0,0.7749999761581421,0.5,2
2,0.99112713,0.03992800787091255,0.9600719809532166,0.008872891,0,0.0,-0.9494245052337646,0.8350719809532166,0.5,0
2,1.0,0.0,1.0,0.0,0,0.0,-1.000443696975708,0.940000057220459,0.2,1
2,1.0,0.0,1.0,0.0,0,0.0,-1.0,0.925000011920929,0.3,2
2,1.0,0.0,1.0,0.0,0,0.0,-1.0,0.800000011920929,0.8,1
2,1.0,1.0,0.0,0.0,0,0.0,1.0,0.0,0.0,0
2,1.0,0.0,1.0,0.0,0,0.0,-1.0,0.7000000476837158,1.0,3
2,1.0,1.0,0.0,0.0,0,0.0,1.0,0.0,0.0,0
2,1.0,0.0,1.0,0.0,0,0.0,-1.0,0.925000011920929,0.3,2
2,1.0,1.0,0.0,0.0,0,0.0,1.0,0.0,0.0,0
2,1.0,0.0,1.0,0.0,0,0.0,-1.0,0.75,1.0,1
2,1.0,1.0,0.0,0.0,0,0.0,1.0,0.0,0.0,0
2,1.0,1.0,0.0,0.0,0,0.0,1.0,0.0,0.0,0
2,1.0,0.0,1.0,0.0,0,0.0,-1.0,0.7999999523162842,0.5,3
2,1.0,0.0,1.0,0.0,0,0.0,-1.0,0.75,1.0,1
2,1.0,0.0,1.0,0.0,0,0.0,-1.0,0.75,1.0,0
2,1.0,1.0,0.0,0.0,0,0.0,1.0,0.0,0.0,0
2,1.0,1.0,0.0,0.0,0,0.0,1.0,0.0,0.0,0
2,1.0,0.0,1.0,0.0,0,0.0,-1.0,0.925000011920929,0.3,0
2,1.0,0.0,1.0,0.0,0,0.0,-1.0,0.7749999761581421,0.5,0
2,1.0,1.0,0.0,0.0,0,0.0,1.0,0.0,0.0,0
2,1.0,0.0,1.0,0.0,0,0.0,-1.0,0.6800000071525574,0.8,1
2,1.0,0.0,1.0,0.0,0,0.0,-1.0,0.8500000238418579,0.5,0
2,1.0,0.0,1.0,0.0,0,0.0,-1.0,0.7599999904632568,0.8,0
2,1.0,0.0,1.0,0.0,0,0.0,-1.0,0.940000057220459,0.2,2
2,1.0,0.0,1.0,0.0,0,0.0,-1.0,0.9500000476837158,0.2,3
2,1.0,0.0,1.0,0.0,0,0.0,-1.0,0.9099999666213989,0.3,3
2,1.0,1.0,0.0,0.0,0,0.0,1.0,0.0,0.0,0
2,1.0,1.0,0.0,0.0,0,0.0,1.0,0.0,0.0,0
2,1.0,0.0,1.0,0.0,0,0.0,-1.0,0.800000011920929,0.8,1
2,1.0,0.0,1.0,0.0,0,0.0,-1.0,0.8500000238418579,0.5,0
2,1.0,1.0,0.0,0.0,0,0.0,1.0,0.0,0.0,0
2,1.0,1.0,0.0,0.0,0,0.0,1.0,0.0,0.0,0
2,1.0,0.0,1.0,0.0,0,0.0,-1.0,0.9200000166893005,0.2,1
2,1.0,1.0,0.0,0.0,0,0.0,1.0,0.0,0.0,0
2,1.0,1.0,0.0,0.0,0,0.0,1.0,0.0,0.0,0
2,1.0,0.0,1.0,0.0,0,0.0,-1.0,0.9099999666213989,0.3,0
2,1.0,1.0,0.0,0.0,0,0.0,1.0,0.0,0.0,0
2,1.0,0.0,1.0,0.0,0,0.0,-1.0,0.940000057220459,0.2,2
2,1.0,1.0,0.0,0.0,0,0.0,1.0,0.0,0.0,0
2,1.0,1.0,0.0,0.0,0,0.0,1.0,0.0,0.0,0
2,1.0,1.0,0.0,0.0,0,0.0,1.0,0.0,0.0,0
2,1.0,0.0,1.0,0.0,0,0.0,-1.0,0.6800000071525574,0.8,0
2,1.0,0.0,1.0,0.0,0,0.0,-1.0,0.800000011920929,0.8,2
2,1.0,0.0,1.0,0.0,0,0.0,-1.0,0.800000011920929,0.8,0
2,1.0,0.0,1.0,0.0,0,0.0,-1.0,0.8500000238418579,0.5,2
2,1.0,0.0,1.0,0.0,0,0.0,-1.0,0.8500000238418579,0.5,1
2,1.0,0.0,1.0,0.0,0,0.0,-1.0,0.9099999666213989,0.3,1
2,1.0,0.0,1.0,0.0,0,0.0,-1.0,0.800000011920929,0.8,1
2,1.0,0.0,1.0,0.0,0,0.0,-1.0,0.7000000476837158,1.0,3
2,1.0,1.0,0.0,0.0,0,0.0,1.0,0.0,0.0,0
2,1.0,1.0,0.0,0.0,0,0.0,1.0,0.0,0.0,0
2,1.0,1.0,0.0,0.0,0,0.0,1.0,0.0,0.0,0
2,1.0,0.0,1.0,0.0,0,0.0,-1.0,0.6800000071525574,0.8,1
2,1.0,1.0,0.0,0.0,0,0.0,1.0,0.0,0.0,0
2,1.0,1.0,0.0,0.0,0,0.0,1.0,0.0,0.0,0
2,1.0,0.0,1.0,0.0,0,0.0,-1.0,0.9100000262260437,0.2,2
2,1.0,0.0,1.0,0.0,0,0.0,-1.0,0.550000011920929,1.0,0
2,1.0,1.0,0.0,0.0,0,0.0,1.0,0.0,0.0,0
2,1.0,0.0,1.0,0.0,0,0.0,-1.0,0.925000011920929,0.3,3
2,1.0,1.0,0.0,0.0,0,0.0,1.0,0.0,0.0,0
2,1.0,1.0,0.0,0.0,0,0.0,1.0,0.0,0.0,0
2,1.0,0.0,1.0,0.0,0,0.0,-1.0,0.9500000476837158,0.2,0
2,1.0,1.0,0.0,0.0,0,0.0,1.0,0.0,0.0,0
2,1.0,0.0,1.0,0.0,0,0.0,-1.0,0.7000000476837158,1.0,0
2,1.0,0.0,1.0,0.0,0,0.0,-1.0,0.9099999666213989,0.3,0
2,1.0,0.0,1.0,0.0,0,0.0,-1.0,0.925000011920929,0.3,2
2,1.0,0.0,1.0,0.0,0,0.0,-1.0,0.925000011920929,0.3,0
2,1.0,0.0,1.0,0.0,0,0.0,-1.0,0.7000000476837158,1.0,1
2,1.0,0.0,1.0,0.0,0,0.0,-1.0,0.7999999523162842,0.5,0
2,1.0,0.0,1.0,0.0,0,0.0,-1.0,0.6800000071525574,0.8,3
2,1.0,0.0,1.0,0.0,0,0.0,-1.0,0.75,1.0,1
2,1.0,1.0,0.0,0.0,0,0.0,1.0,0.0,0.0,0
2,1.0,0.0,1.0,0.0,0,0.0,-1.0,0.6800000071525574,0.8,2
2,1.0,0.0,1.0,0.0,0,0.0,-1.0,0.925000011920929,0.3,1
2,1.0,0.0,1.0,0.0,0,0.0,-1.0,0.9099999666213989,0.3,0
2,1.0,1.0,0.0,0.0,0,0.0,1.0,0.0,0.0,0
2,1.0,0.0,1.0,0.0,0,0.0,-1.0,0.5999999642372131,1.0,0
2,1.0,0.0,1.0,0.0,0,0.0,-1.0,0.9100000262260437,0.2,3
2,1.0,0.0,1.0,0.0,0,0.0,-1.0,0.925000011920929,0.3,3
2,1.0,0.0,1.0,0.0,0,0.0,-1.0,0.9500000476837158,0.2,0
2,1.0,0.0,1.0,0.0,0,0.0,-1.0,0.800000011920929,0.8,0
2,1.0,0.0,1.0,0.0,0,0.0,-1.0,0.9500000476837158,0.2,1
2,1.0,0.0,1.0,0.0,0,0.0,-1.0,0.8500000238418579,0.5,2
2,1.0,0.0,1.0,0.0,0,0.0,-1.0,0.940000057220459,0.2,1
2,1.0,0.0,1.0,0.0,0,0.0,-1.0,0.9200000166893005,0.2,3
2,1.0,1.0,0.0,0.0,0,0.0,1.0,0.0,0.0,0
2,1.0,0.0,1.0,0.0,0,0.0,-1.0,0.925000011920929,0.3,3
2,1.0,0.0,1.0,0.0,0,0.0,-1.0,0.5999999642372131,1.0,1
2,1.0,0.0,1.0,0.0,0,0.0,-1.0,0.9500000476837158,0.2,1
2,1.0,0.0,1.0,0.0,0,0.0,-1.0,0.7749999761581421,0.5,1
2,1.0,0.0,1.0,0.0,0,0.0,-1.0,0.9500000476837158,0.2,1
2,1.0,1.0,0.0,0.0,0,0.0,1.0,0.0,0.0,0
2,1.0,0.0,1.0,0.0,0,0.0,-1.0,0.9099999666213989,0.3,2
2,1.0,0.0,1.0,0.0,0,0.0,-1.0,0.925000011920929,0.3,1
2,1.0,0.0,1.0,0.0,0,0.0,-1.0,0.75,1.0,0
2,1.0,1.0,0.0,0.0,0,0.0,1.0,0.0,0.0,0
2,1.0,1.0,0.0,0.0,0,0.0,1.0,0.0,0.0,0
2,1.0,1.0,0.0,0.0,0,0.0,1.0,0.0,0.0,0
2,1.0,0.0,1.0,0.0,0,0.0,-1.0,0.940000057220459,0.2,2
2,1.0,0.0,1.0,0.0,0,0.0,-1.0,0.6800000071525574,0.8,2
2,0.95928836,0.18320238590240479,0.8167976140975952,0.04071164,0,0.0,-0.7679436206817627,0.7417976260185242,0.3,3
2,1.0,0.0,1.0,0.0,0,0.0,-1.0020356178283691,0.7599999904632568,0.8,1
2,1.0,0.0,1.0,0.0,0,0.0,-1.0,0.940000057220459,0.2,0
2,1.0,0.0,1.0,0.0,0,0.0,-1.0,0.8500000238418579,0.5,3
2,1.0,0.0,1.0,0.0,0,0.0,-1.0,0.9500000476837158,0.2,2
2,1.0,1.0,0.0,0.0,0,0.0,1.0,0.0,0.0,0
2,1.0,0.0,1.0,0.0,0,0.0,-1.0,0.925000011920929,0.3,0
2,1.0,1.0,0.0,0.0,0,0.0,1.0,0.0,0.0,0
2,1.0,0.0,1.0,0.0,0,0.0,-1.0,0.550000011920929,1.0,3
2,1.0,1.0,0.0,0.0,0,0.0,1.0,0.0,0.0,0
2,1.0,0.0,1.0,0.0,0,0.0,-1.0,0.6800000071525574,0.8,2
2,1.0,0.0,1.0,0.0,0,0.0,-1.0,0.7000000476837158,1.0,3
2,1.0,0.0,1.0,0.0,0,0.0,-1.0,0.7999999523162842,0.5,2
2,1.0,0.0,1.0,0.0,0,0.0,-1.0,0.7999999523162842,0.5,1
2,1.0,1.0,0.0,0.0,0,0.0,1.0,0.0,0.0,0
2,1.0,0.0,1.0,0.0,0,0.0,-1.0,0.800000011920929,0.8,2
2,1.0,1.0,0.0,0.0,0,0.0,1.0,0.0,0.0,0
2,1.0,0.0,1.0,0.0,0,0.0,-1.0,0.550000011920929,1.0,1
2,1.0,1.0,0.0,0.0,0,0.0,1.0,0.0,0.0,0
2,1.0,1.0,0.0,0.0,0,0.0,1.0,0.0,0.0,0
2,1.0,0.0,1.0,0.0,0,0.0,-1.0,0.940000057220459,0.2,0
2,1.0,0.0,1.0,0.0,0,0.0,-1.0,0.800000011920929,0.8,2
2,1.0,0.0,1.0,0.0,0,0.0,-1.0,0.875,0.5,2
2,1.0,0.0,1.0,0.0,0,0.0,-1.0,0.9099999666213989,0.3,1
2,1.0,0.0,1.0,0.0,0,0.0,-1.0,0.9099999666213989,0.3,2
2,1.0,0.0,1.0,0.0,0,0.0,-1.0,0.925000011920929,0.3,0
2,1.0,0.0,1.0,0.0,0,0.0,-1.0,0.9500000476837158,0.2,1
2,1.0,1.0,0.0,0.0,0,0.0,1.0,0.0,0.0,0
2,1.0,0.0,1.0,0.0,0,0.0,-1.0,0.9500000476837158,0.2,2
2,1.0,0.0,1.0,0.0,0,0.0,-1.0,0.550000011920929,1.0,0
2,1.0,0.0,1.0,0.0,0,0.0,-1.0,0.800000011920929,0.8,2
2,1.0,1.0,0.0,0.0,0,0.0,1.0,0.0,0.0,0
2,1.0,0.0,1.0,0.0,0,0.0,-1.0,0.6399999856948853,0.8,2
2,1.0,0.0,1.0,0.0,0,0.0,-1.0,0.7749999761581421,0.5,2
2,1.0,0.0,1.0,0.0,0,0.0,-1.0,0.6399999856948853,0.8,2
2,1.0,0.0,1.0,0.0,0,0.0,-1.0,0.9500000476837158,0.2,3
2,1.0,0.0,1.0,0.0,0,0.0,-1.0,0.7000000476837158,1.0,2
2,1.0,1.0,0.0,0.0,0,0.0,1.0,0.0,0.0,0
2,1.0,0.0,1.0,0.0,0,0.0,-1.0,0.925000011920929,0.3,0
2,1.0,1.0,0.0,0.0,0,0.0,1.0,0.0,0.0,0
2,1.0,0.0,1.0,0.0,0,0.0,-1.0,0.800000011920929,0.8,2
2,1.0,1.0,0.0,0.0,0,0.0,1.0,0.0,0.0,0
2,1.0,0.0,1.0,0.0,0,0.0,-1.0,0.9500000476837158,0.2,2
2,1.0,0.0,1.0,0.0,0,0.0,-1.0,0.800000011920929,0.8,2
2,1.0,0.0,1.0,0.0,0,0.0,-1.0,0.9099999666213989,0.3,2
2,1.0,0.0,1.0,0.0,0,0.0,-1.0,0.800000011920929,0.8,1
2,1.0,1.0,0.0,0.0,0,0.0,1.0,0.0,0.0,0
2,1.0,0.0,1.0,0.0,0,0.0,-1.0,0.75,1.0,0
2,1.0,0.0,1.0,0.0,0,0.0,-1.0,0.9500000476837158,0.2,0
2,1.0,1.0,0.0,0.0,0,0.0,1.0,0.0,0.0,0
2,1.0,1.0,0.0,0.0,0,0.0,1.0,0.0,0.0,0
2,1.0,1.0,0.0,0.0,0,0.0,1.0,0.0,0.0,0
2,1.0,0.0,1.0,0.0,0,0.0,-1.0,0.5999999642372131,1.0,1
2,1.0,1.0,0.0,0.0,0,0.0,1.0,0.0,0.0,0
2,1.0,0.0,1.0,0.0,0,0.0,-1.0,0.5999999642372131,1.0,2
2,1.0,0.0,1.0,0.0,0,0.0,-1.0,0.875,0.5,3
2,1.0,1.0,0.0,0.0,0,0.0,1.0,0.0,0.0,0
2,1.0,1.0,0.0,0.0,0,0.0,1.0,0.0,0.0,0
2,1.0,1.0,0.0,0.0,0,0.0,1.0,0.0,0.0,0
2,1.0,0.0,1.0,0.0,0,0.0,-1.0,0.925000011920929,0.3,1
2,1.0,0.0,1.0,0.0,0,0.0,-1.0,0.6800000071525574,0.8,2
2,1.0,0.0,1.0,0.0,0,0.0,-1.0,0.5999999642372131,1.0,3
2,1.0,0.0,1.0,0.0,0,0.0,-1.0,0.7999999523162842,0.5,2
2,1.0,0.0,1.0,0.0,0,0.0,-1.0,0.7749999761581421,0.5,2
2,1.0,1.0,0.0,0.0,0,0.0,1.0,0.0,0.0,0
2,1.0,0.0,1.0,0.0,0,0.0,-1.0,0.6399999856948853,0.8,2
2,1.0,0.0,1.0,0.0,0,0.0,-1.0,0.6800000071525574,0.8,2
2,1.0,1.0,0.0,0.0,0,0.0,1.0,0.0,0.0,0
2,1.0,0.0,1.0,0.0,0,0.0,-1.0,0.875,0.5,1
2,1.0,0.0,1.0,0.0,0,0.0,-1.0,0.800000011920929,0.8,2
2,1.0,1.0,0.0,0.0,0,0.0,1.0,0.0,0.0,0
2,1.0,1.0,0.0,0.0,0,0.0,1.0,0.0,0.0,0
2,1.0,0.0,1.0,0.0,0,0.0,-1.0,0.940000057220459,0.2,1
2,1.0,0.0,1.0,0.0,0,0.0,-1.0,0.7000000476837158,1.0,0
2,1.0,0.0,1.0,0.0,0,0.0,-1.0,0.800000011920929,0.8,3
2,1.0,1.0,0.0,0.0,0,0.0,1.0,0.0,0.0,0
2,1.0,0.0,1.0,0.0,0,0.0,-1.0,0.8500000238418579,0.5,3
2,1.0,1.0,0.0,0.0,0,0.0,1.0,0.0,0.0,0
2,1.0,0.0,1.0,0.0,0,0.0,-1.0,0.7749999761581421,0.5,3
2,1.0,1.0,0.0,0.0,0,0.0,1.0,0.0,0.0,0
2,1.0,1.0,0.0,0.0,0,0.0,1.0,0.0,0.0,0
2,1.0,0.0,1.0,0.0,0,0.0,-1.0,0.9099999666213989,0.3,1
2,1.0,0.0,1.0,0.0,0,0.0,-1.0,0.75,1.0,0
2,1.0,0.0,1.0,0.0,0,0.0,-1.0,0.925000011920929,0.3,3
2,1.0,1.0,0.0,0.0,0,0.0,1.0,0.0,0.0,0
2,1.0,0.0,1.0,0.0,0,0.0,-1.0,0.9500000476837158,0.2,3
2,1.0,1.0,0.0,0.0,0,0.0,1.0,0.0,0.0,0
2,1.0,0.0,1.0,0.0,0,0.0,-1.0,0.9200000166893005,0.2,3
2,1.0,0.0,1.0,0.0,0,0.0,-1.0,0.940000057220459,0.2,3
2,1.0,0.0,1.0,0.0,0,0.0,-1.0,0.9099999666213989,0.3,2
2,1.0,0.0,1.0,0.0,0,0.0,-1.0,0.9500000476837158,0.2,3
2,1.0,0.0,1.0,0.0,0,0.0,-1.0,0.9099999666213989,0.3,0
2,1.0,1.0,0.0,0.0,0,0.0,1.0,0.0,0.0,0
2,1.0,0.0,1.0,0.0,0,0.0,-1.0,0.7999999523162842,0.5,0
2,1.0,0.0,1.0,0.0,0,0.0,-1.0,0.940000057220459,0.2,2
2,1.0,0.0,1.0,0.0,0,0.0,-1.0,0.9500000476837158,0.2,0
2,1.0,1.0,0.0,0.0,0,0.0,1.0,0.0,0.0,0
2,1.0,0.0,1.0,0.0,0,0.0,-1.0,0.925000011920929,0.3,1
2,1.0,0.0,1.0,0.0,0,0.0,-1.0,0.7749999761581421,0.5,3
2,1.0,1.0,0.0,0.0,0,0.0,1.0,0.0,0.0,0
2,1.0,1.0,0.0,0.0,0,0.0,1.0,0.0,0.0,0
2,1.0,0.0,1.0,0.0,0,0.0,-1.0,0.9500000476837158,0.2,1
2,1.0,0.0,1.0,0.0,0,0.0,-1.0,0.7000000476837158,1.0,1
2,1.0,1.0,0.0,0.0,0,0.0,1.0,0.0,0.0,0
2,1.0,0.0,1.0,0.0,0,0.0,-1.0,0.75,1.0,0
2,1.0,1.0,0.0,0.0,0,0.0,1.0,0.0,0.0,0
2,1.0,0.0,1.0,0.0,0,0.0,-1.0,0.9500000476837158,0.2,3
2,1.0,0.0,1.0,0.0,0,0.0,-1.0,0.800000011920929,0.8,2
2,1.0,0.0,1.0,0.0,0,0.0,-1.0,0.940000057220459,0.2,3
2,1.0,0.0,1.0,0.0,0,0.0,-1.0,0.7599999904632568,0.8,1
2,1.0,0.0,1.0,0.0,0,0.0,-1.0,0.75,1.0,0
2,1.0,1.0,0.0,0.0,0,0.0,1.0,0.0,0.0,0
2,1.0,1.0,0.0,0.0,0,0.0,1.0,0.0,0.0,0
2,1.0,0.0,1.0,0.0,0,0.0,-1.0,0.800000011920929,0.8,1
2,1.0,0.0,1.0,0.0,0,0.0,-1.0,0.7000000476837158,1.0,2
2,1.0,0.0,1.0,0.0,0,0.0,-1.0,0.6399999856948853,0.8,2
2,1.0,0.0,1.0,0.0,0,0.0,-1.0,0.9200000166893005,0.2,3
2,1.0,1.0,0.0,0.0,0,0.0,1.0,0.0,0.0,0
2,1.0,1.0,0.0,0.0,0,0.0,1.0,0.0,0.0,0
2,1.0,1.0,0.0,0.0,0,0.0,1.0,0.0,0.0,0
2,1.0,0.0,1.0,0.0,0,0.0,-1.0,0.9500000476837158,0.2,0
2,1.0,0.0,1.0,0.0,0,0.0,-1.0,0.75,1.0,2
2,1.0,0.0,1.0,0.0,0,0.0,-1.0,0.8500000238418579,0.5,2
2,1.0,0.0,1.0,0.0,0,0.0,-1.0,0.800000011920929,0.8,2
2,1.0,0.0,1.0,0.0,0,0.0,-1.0,0.925000011920929,0.3,1
2,1.0,0.0,1.0,0.0,0,0.0,-1.0,0.875,0.5,2
2,1.0,0.0,1.0,0.0,0,0.0,-1.0,0.9500000476837158,0.2,3
2,1.0,0.0,1.0,0.0,0,0.0,-1.0,0.9500000476837158,0.2,1
2,1.0,0.0,1.0,0.0,0,0.0,-1.0,0.9200000166893005,0.2,3
2,1.0,0.0,1.0,0.0,0,0.0,-1.0,0.8500000238418579,0.5,1
2,1.0,0.0,1.0,0.0,0,0.0,-1.0,0.925000011920929,0.3,0
2,1.0,0.0,1.0,0.0,0,0.0,-1.0,0.800000011920929,0.8,0
2,1.0,1.0,0.0,0.0,0,0.0,1.0,0.0,0.0,0
2,1.0,1.0,0.0,0.0,0,0.0,1.0,0.0,0.0,0
2,1.0,0.0,1.0,0.0,0,0.0,-1.0,0.875,0.5,1
2,1.0,0.0,1.0,0.0,0,0.0,-1.0,0.75,1.0,2
2,1.0,1.0,0.0,0.0,0,0.0,1.0,0.0,0.0,0
2,1.0,0.0,1.0,0.0,0,0.0,-1.0,0.6399999856948853,0.8,3
2,1.0,0.0,1.0,0.0,0,0.0,-1.0,0.5999999642372131,1.0,2
2,1.0,1.0,0.0,0.0,0,0.0,1.0,0.0,0.0,0
2,1.0,0.0,1.0,0.0,0,0.0,-1.0,0.9099999666213989,0.3,0
2,1.0,0.0,1.0,0.0,0,0.0,-1.0,0.875,0.5,1
2,1.0,0.0,1.0,0.0,0,0.0,-1.0,0.9099999666213989,0.3,0
2,1.0,0.0,1.0,0.0,0,0.0,-1.0,0.9200000166893005,0.2,2
2,1.0,0.0,1.0,0.0,0,0.0,-1.0,0.6800000071525574,0.8,0
2,1.0,1.0,0.0,0.0,0,0.0,1.0,0.0,0.0,0
2,1.0,0.0,1.0,0.0,0,0.0,-1.0,0.8500000238418579,0.5,2
2,1.0,1.0,0.0,0.0,0,0.0,1.0,0.0,0.0,0
2,1.0,1.0,0.0,0.0,0,0.0,1.0,0.0,0.0,0
2,1.0,0.0,1.0,0.0,0,0.0,-1.0,0.9500000476837158,0.2,1
2,1.0,0.0,1.0,0.0,0,0.0,-1.0,0.925000011920929,0.3,1
2,1.0,0.0,1.0,0.0,0,0.0,-1.0,0.940000057220459,0.2,0
2,1.0,0.0,1.0,0.0,0,0.0,-1.0,0.5999999642372131,1.0,3
2,1.0,1.0,0.0,0.0,0,0.0,1.0,0.0,0.0,0
2,1.0,0.0,1.0,0.0,0,0.0,-1.0,0.925000011920929,0.3,3
2,1.0,1.0,0.0,0.0,0,0.0,1.0,0.0,0.0,0
2,1.0,0.0,1.0,0.0,0,0.0,-1.0,0.7000000476837158,1.0,0
2,1.0,1.0,0.0,0.0,0,0.0,1.0,0.0,0.0,0
2,1.0,0.0,1.0,0.0,0,0.0,-1.0,0.9500000476837158,0.2,3
2,1.0,0.0,1.0,0.0,0,0.0,-1.0,0.800000011920929,0.8,1
2,1.0,1.0,0.0,0.0,0,0.0,1.0,0.0,0.0,0
2,1.0,0.0,1.0,0.0,0,0.0,-1.0,0.9500000476837158,0.2,3
2,1.0,0.0,1.0,0.0,0,0.0,-1.0,0.925000011920929,0.3,1
2,1.0,0.0,1.0,0.0,0,0.0,-1.0,0.5999999642372131,1.0,2
2,1.0,0.0,1.0,0.0,0,0.0,-1.0,0.9500000476837158,0.2,3
2,1.0,0.0,1.0,0.0,0,0.0,-1.0,0.800000011920929,0.8,0
2,1.0,0.0,1.0,0.0,0,0.0,-1.0,0.800000011920929,0.8,1
2,1.0,0.0,1.0,0.0,0,0.0,-1.0,0.7999999523162842,0.5,2
2,1.0,0.0,1.0,0.0,0,0.0,-1.0,0.7999999523162842,0.5,0
2,1.0,0.0,1.0,0.0,0,0.0,-1.0,0.875,0.5,2
2,1.0,0.0,1.0,0.0,0,0.0,-1.0,0.800000011920929,0.8,2
2,1.0,0.0,1.0,0.0,0,0.0,-1.0,0.9200000166893005,0.2,2
2,1.0,0.0,1.0,0.0,0,0.0,-1.0,0.6800000071525574,0.8,2
2,1.0,0.0,1.0,0.0,0,0.0,-1.0,0.9500000476837158,0.2,1
2,1.0,1.0,0.0,0.0,0,0.0,1.0,0.0,0.0,0
2,1.0,0.0,1.0,0.0,0,0.0,-1.0,0.9099999666213989,0.3,2
2,1.0,0.0,1.0,0.0,0,0.0,-1.0,0.9500000476837158,0.2,2
2,1.0,1.0,0.0,0.0,0,0.0,1.0,0.0,0.0,0
2,1.0,1.0,0.0,0.0,0,0.0,1.0,0.0,0.0,0
2,1.0,0.0,1.0,0.0,0,0.0,-1.0,0.75,1.0,1
2,1.0,0.0,1.0,0.0,0,0.0,-1.0,0.800000011920929,0.8,1
2,1.0,0.0,1.0,0.0,0,0.0,-1.0,0.7999999523162842,0.5,3
2,1.0,0.0,1.0,0.0,0,0.0,-1.0,0.925000011920929,0.3,3
2,1.0,0.0,1.0,0.0,0,0.0,-1.0,0.9500000476837158,0.2,1
2,1.0,1.0,0.0,0.0,0,0.0,1.0,0.0,0.0,0
2,1.0,0.0,1.0,0.0,0,0.0,-1.0,0.925000011920929,0.3,3
2,1.0,1.0,0.0,0.0,0,0.0,1.0,0.0,0.0,0
2,1.0,0.0,1.0,0.0,0,0.0,-1.0,0.9200000166893005,0.2,3
2,1.0,0.0,1.0,0.0,0,0.0,-1.0,0.5999999642372131,1.0,1
2,1.0,0.0,1.0,0.0,0,0.0,-1.0,0.8500000238418579,0.5,1
2,1.0,0.0,1.0,0.0,0,0.0,-1.0,0.5999999642372131,1.0,1
2,1.0,1.0,0.0,0.0,0,0.0,1.0,0.0,0.0,0
2,1.0,0.0,1.0,0.0,0,0.0,-1.0,0.7749999761581421,0.5,3
2,1.0,0.0,1.0,0.0,0,0.0,-1.0,0.9099999666213989,0.3,0
2,1.0,0.0,1.0,0.0,0,0.0,-1.0,0.925000011920929,0.3,1
2,1.0,0.0,1.0,0.0,0,0.0,-1.0,0.9099999666213989,0.3,2
2,1.0,0.0,1.0,0.0,0,0.0,-1.0,0.9500000476837158,0.2,1
2,1.0,1.0,0.0,0.0,0,0.0,1.0,0.0,0.0,0
2,1.0,1.0,0.0,0.0,0,0.0,1.0,0.0,0.0,0
2,1.0,0.0,1.0,0.0,0,0.0,-1.0,0.925000011920929,0.3,1
2,1.0,0.0,1.0,0.0,0,0.0,-1.0,0.7599999904632568,0.8,1
2,1.0,0.0,1.0,0.0,0,0.0,-1.0,0.9099999666213989,0.3,1
2,1.0,0.0,1.0,0.0,0,0.0,-1.0,0.75,1.0,1
2,1.0,0.0,1.0,0.0,0,0.0,-1.0,0.75,1.0,0
2,1.0,0.0,1.0,0.0,0,0.0,-1.0,0.875,0.5,1
2,1.0,0.0,1.0,0.0,0,0.0,-1.0,0.9099999666213989,0.3,1
2,1.0,0.0,1.0,0.0,0,0.0,-1.0,0.5999999642372131,1.0,3
2,1.0,0.0,1.0,0.0,0,0.0,-1.0,0.925000011920929,0.3,3
2,1.0,0.0,1.0,0.0,0,0.0,-1.0,0.940000057220459,0.2,0
2,1.0,1.0,0.0,0.0,0,0.0,1.0,0.0,0.0,0
2,1.0,0.0,1.0,0.0,0,0.0,-1.0,0.75,1.0,0
2,1.0,1.0,0.0,0.0,0,0.0,1.0,0.0,0.0,0
2,1.0,1.0,0.0,0.0,0,0.0,1.0,0.0,0.0,0
2,1.0,0.0,1.0,0.0,0,0.0,-1.0,0.9099999666213989,0.3,3
2,1.0,1.0,0.0,0.0,0,0.0,1.0,0.0,0.0,0
2,1.0,0.0,1.0,0.0,0,0.0,-1.0,0.7000000476837158,1.0,1
2,1.0,1.0,0.0,0.0,0,0.0,1.0,0.0,0.0,0
2,1.0,0.0,1.0,0.0,0,0.0,-1.0,0.7999999523162842,0.5,3
2,1.0,0.0,1.0,0.0,0,0.0,-1.0,0.75,1.0,1
2,1.0,0.0,1.0,0.0,0,0.0,-1.0,0.5999999642372131,1.0,1
3,1.0,0.0,1.0,0.0,0,0.0,-1.0,0.9200000166893005,0.2,0
3,1.0,0.0,1.0,0.0,0,0.0,-1.0,0.9500000476837158,0.2,1
3,1.0,0.0,1.0,0.0,0,0.0,-1.0,0.7999999523162842,0.5,2
3,1.0,0.0,1.0,0.0,0,0.0,-1.0,0.75,1.0,0
3,1.0,0.0,1.0,0.0,0,0.0,-1.0,0.7999999523162842,0.5,2
3,1.0,0.0,1.0,0.0,0,0.0,-1.0,0.550000011920929,1.0,2
3,1.0,1.0,0.0,0.0,0,0.0,1.0,0.0,0.0,0
3,1.0,1.0,0.0,0.0,0,0.0,1.0,0.0,0.0,0
3,1.0,1.0,0.0,0.0,0,0.0,1.0,0.0,0.0,0
3,1.0,0.0,1.0,0.0,0,0.0,-1.0,0.8500000238418579,0.5,1
3,1.0,1.0,0.0,0.0,0,0.0,1.0,0.0,0.0,0
3,1.0,0.0,1.0,0.0,0,0.0,-1.0,0.925000011920929,0.3,0
3,1.0,0.0,1.0,0.0,0,0.0,-1.0,0.925000011920929,0.3,0
3,1.0,0.0,1.0,0.0,0,0.0,-1.0,0.6800000071525574,0.8,2
3,1.0,0.0,1.0,0.0,0,0.0,-1.0,0.7000000476837158,1.0,1
3,1.0,0.0,1.0,0.0,0,0.0,-1.0,0.6800000071525574,0.8,2
3,1.0,1.0,0.0,0.0,0,0.0,1.0,0.0,0.0,0
3,1.0,0.0,1.0,0.0,0,0.0,-1.0,0.9099999666213989,0.3,3
3,1.0,1.0,0.0,0.0,0,0.0,1.0,0.0,0.0,0
3,1.0,0.0,1.0,0.0,0,0.0,-1.0,0.6800000071525574,0.8,0
3,1.0,1.0,0.0,0.0,0,0.0,1.0,0.0,0.0,0
3,1.0,1.0,0.0,0.0,0,0.0,1.0,0.0,0.0,0
3,1.0,0.0,1.0,0.0,0,0.0,-1.0,0.7999999523162842,0.5,2
3,1.0,0.0,1.0,0.0,0,0.0,-1.0,0.8500000238418579,0.5,1
3,1.0,0.0,1.0,0.0,0,0.0,-1.0,0.75,1.0,1
3,1.0,0.0,1.0,0.0,0,0.0,-1.0,0.550000011920929,1.0,3
3,1.0,0.0,1.0,0.0,0,0.0,-1.0,0.925000011920929,0.3,1
3,1.0,0.0,1.0,0.0,0,0.0,-1.0,0.9200000166893005,0.2,2
3,1.0,0.0,1.0,0.0,0,0.0,-1.0,0.7599999904632568,0.8,1
3,1.0,0.0,1.0,0.0,0,0.0,-1.0,0.925000011920929,0.3,0
3,1.0,1.0,0.0,0.0,0,0.0,1.0,0.0,0.0,0
3,1.0,0.0,1.0,0.0,0,0.0,-1.0,0.7000000476837158,1.0,0
3,1.0,1.0,0.0,0.0,0,0.0,1.0,0.0,0.0,0
3,1.0,1.0,0.0,0.0,0,0.0,1.0,0.0,0.0,0
3,1.0,1.0,0.0,0.0,0,0.0,1.0,0.0,0.0,0
3,0.8848454,0.5181956887245178,0.4818043112754822,0.1151546,1,0.0,-5.343618869781494,0.3568043112754822,0.5,0
3,1.0,0.0,1.0,0.0,0,0.0,-1.0057576894760132,0.925000011920929,0.3,3
3,1.0,0.0,1.0,0.0,0,0.0,-1.0,0.9500000476837158,0.2,0
3,1.0,1.0,0.0,0.0,0,0.0,1.0,0.0,0.0,0
3,1.0,0.0,1.0,0.0,0,0.0,-1.0,0.6800000071525574,0.8,3
3,1.0,0.0,1.0,0.0,0,0.0,-1.0,0.9100000262260437,0.2,0
3,1.0,0.0,1.0,0.0,0,0.0,-1.0,0.940000057220459,0.2,3
3,1.0,0.0,1.0,0.0,0,0.0,-1.0,0.9200000166893005,0.2,0
3,1.0,1.0,0.0,0.0,0,0.0,1.0,0.0,0.0,0
3,1.0,0.0,1.0,0.0,0,0.0,-1.0,0.6800000071525574,0.8,1
3,1.0,0.0,1.0,0.0,0,0.0,-1.0,0.875,0.5,1
3,1.0,0.0,1.0,0.0,0,0.0,-1.0,0.875,0.5,3
3,1.0,0.0,1.0,0.0,0,0.0,-1.0,0.800000011920929,0.8,1
3,1.0,0.0,1.0,0.0,0,0.0,-1.0,0.800000011920929,0.8,0
3,1.0,0.0,1.0,0.0,0,0.0,-1.0,0.75,1.0,1
3,1.0,0.0,1.0,0.0,0,0.0,-1.0,0.8500000238418579,0.5,1
3,1.0,0.0,1.0,0.0,0,0.0,-1.0,0.875,0.5,2
3,1.0,0.0,1.0,0.0,0,0.0,-1.0,0.800000011920929,0.8,1
3,1.0,0.0,1.0,0.0,0,0.0,-1.0,0.925000011920929,0.3,2
3,1.0,0.0,1.0,0.0,0,0.0,-1.0,0.940000057220459,0.2,2
3,1.0,0.0,1.0,0.0,0,0.0,-1.0,0.875,0.5,3
3,0.9806621,0.0870204046368599,0.9129796028137207,0.019337868,0,0.0,-0.8897742033004761,0.8229796290397644,0.2,0
3,1.0,0.0,1.0,0.0,0,0.0,-1.0009669065475464,0.925000011920929,0.3,2
3,1.0,0.0,1.0,0.0,0,0.0,-1.0,0.9200000166893005,0.2,3
3,0.90396905,0.4321393072605133,0.5678607225418091,0.09603095,1,0.0,-5.452624320983887,0.5078607797622681,0.2,2
3,1.0,1.0,0.0,0.0,0,0.0,0.9951984286308289,0.0,0.0,0
3,1.0,1.0,0.0,0.0,0,0.0,1.0,0.0,0.0,0
3,1.0,1.0,0.0,0.0,0,0.0,1.0,0.0,0.0,0
3,1.0,0.0,1.0,0.0,0,0.0,-1.0,0.6800000071525574,0.8,2
3,1.0,1.0,0.0,0.0,0,0.0,1.0,0.0,0.0,0
3,1.0,1.0,0.0,0.0,0,0.0,1.0,0.0,0.0,0
3,1.0,0.0,1.0,0.0,0,0.0,-1.0,0.9099999666213989,0.3,1
3,1.0,0.0,1.0,0.0,0,0.0,-1.0,0.925000011920929,0.3,3
3,1.0,0.0,1.0,0.0,0,0.0,-1.0,0.940000057220459,0.2,2
3,1.0,0.0,1.0,0.0,0,0.0,-1.0,0.550000011920929,1.0,3
3,1.0,0.0,1.0,0.0,0,0.0,-1.0,0.7999999523162842,0.5,1
3,1.0,1.0,0.0,0.0,0,0.0,1.0,0.0,0.0,0
3,1.0,0.0,1.0,0.0,0,0.0,-1.0,0.925000011920929,0.3,1
3,1.0,1.0,0.0,0.0,0,0.0,1.0,0.0,0.0,0
3,1.0,1.0,0.0,0.0,0,0.0,1.0,0.0,0.0,0
3,1.0,0.0,1.0,0.0,0,0.0,-1.0,0.5999999642372131,1.0,1
3,1.0,0.0,1.0,0.0,0,0.0,-1.0,0.7999999523162842,0.5,1
3,1.0,1.0,0.0,0.0,0,0.0,1.0,0.0,0.0,0
3,1.0,1.0,0.0,0.0,0,0.0,1.0,0.0,0.0,0
3,1.0,1.0,0.0,0.0,0,0.0,1.0,0.0,0.0,0
3,1.0,0.0,1.0,0.0,0,0.0,-1.0,0.925000011920929,0.3,1
3,1.0,0.0,1.0,0.0,0,0.0,-1.0,0.75,1.0,3
3,1.0,1.0,0.0,0.0,0,0.0,1.0,0.0,0.0,0
3,1.0,0.0,1.0,0.0,0,0.0,-1.0,0.9500000476837158,0.2,3
3,1.0,0.0,1.0,0.0,0,0.0,-1.0,0.875,0.5,0
3,1.0,0.0,1.0,0.0,0,0.0,-1.0,0.9500000476837158,0.2,1
3,1.0,0.0,1.0,0.0,0,0.0,-1.0,0.925000011920929,0.3,1
3,1.0,1.0,0.0,0.0,0,0.0,1.0,0.0,0.0,0
3,1.0,0.0,1.0,0.0,0,0.0,-1.0,0.925000011920929,0.3,3
3,1.0,0.0,1.0,0.0,0,0.0,-1.0,0.7599999904632568,0.8,1
3,1.0,0.0,1.0,0.0,0,0.0,-1.0,0.7000000476837158,1.0,1
3,1.0,1.0,0.0,0.0,0,0.0,1.0,0.0,0.0,0
3,1.0,1.0,0.0,0.0,0,0.0,1.0,0.0,0.0,0
3,1.0,1.0,0.0,0.0,0,0.0,1.0,0.0,0.0,0
3,1.0,1.0,0.0,0.0,0,0.0,1.0,0.0,0.0,0
3,1.0,0.0,1.0,0.0,0,0.0,-1.0,0.7000000476837158,1.0,1
3,1.0,0.0,1.0,0.0,0,0.0,-1.0,0.800000011920929,0.8,3
3,1.0,0.0,1.0,0.0,0,0.0,-1.0,0.925000011920929,0.3,1
3,1.0,0.0,1.0,0.0,0,0.0,-1.0,0.9200000166893005,0.2,0
3,1.0,0.0,1.0,0.0,0,0.0,-1.0,0.875,0.5,0
3,1.0,0.0,1.0,0.0,0,0.0,-1.0,0.9200000166893005,0.2,3
3,1.0,0.0,1.0,0.0,0,0.0,-1.0,0.7999999523162842,0.5,0
3,1.0,0.0,1.0,0.0,0,0.0,-1.0,0.7999999523162842,0.5,2
3,1.0,0.0,1.0,0.0,0,0.0,-1.0,0.925000011920929,0.3,1
3,1.0,0.0,1.0,0.0,0,0.0,-1.0,0.7599999904632568,0.8,2
3,1.0,0.0,1.0,0.0,0,0.0,-1.0,0.925000011920929,0.3,2
3,1.0,0.0,1.0,0.0,0,0.0,-1.0,0.9099999666213989,0.3,0
3,1.0,0.0,1.0,0.0,0,0.0,-1.0,0.940000057220459,0.2,1
3,1.0,0.0,1.0,0.0,0,0.0,-1.0,0.9500000476837158,0.2,2
3,1.0,0.0,1.0,0.0,0,0.0,-1.0,0.9500000476837158,0.2,2
3,1.0,0.0,1.0,0.0,0,0.0,-1.0,0.875,0.5,1
3,1.0,0.0,1.0,0.0,0,0.0,-1.0,0.9500000476837158,0.2,2
3,1.0,1.0,0.0,0.0,0,0.0,1.0,0.0,0.0,0
3,1.0,0.0,1.0,0.0,0,0.0,-1.0,0.925000011920929,0.3,0
3,1.0,0.0,1.0,0.0,0,0.0,-1.0,0.9500000476837158,0.2,2
3,1.0,1.0,0.0,0.0,0,0.0,1.0,0.0,0.0,0
3,1.0,0.0,1.0,0.0,0,0.0,-1.0,0.5999999642372131,1.0,2
3,1.0,1.0,0.0,0.0,0,0.0,1.0,0.0,0.0,0
3,1.0,1.0,0.0,0.0,0,0.0,1.0,0.0,0.0,0
3,1.0,1.0,0.0,0.0,0,0.0,1.0,0.0,0.0,0
3,1.0,0.0,1.0,0.0,0,0.0,-1.0,0.925000011920929,0.3,3
3,1.0,1.0,0.0,0.0,0,0.0,1.0,0.0,0.0,0
3,1.0,0.0,1.0,0.0,0,0.0,-1.0,0.9099999666213989,0.3,3
3,1.0,1.0,0.0,0.0,0,0.0,1.0,0.0,0.0,0
3,1.0,0.0,1.0,0.0,0,0.0,-1.0,0.940000057220459,0.2,1
3,1.0,1.0,0.0,0.0,0,0.0,1.0,0.0,0.0,0
3,1.0,0.0,1.0,0.0,0,0.0,-1.0,0.940000057220459,0.2,2
3,1.0,1.0,0.0,0.0,0,0.0,1.0,0.0,0.0,0
3,1.0,0.0,1.0,0.0,0,0.0,-1.0,0.800000011920929,0.8,2
3,1.0,0.0,1.0,0.0,0,0.0,-1.0,0.6800000071525574,0.8,2
3,1.0,0.0,1.0,0.0,0,0.0,-1.0,0.7599999904632568,0.8,2
3,1.0,1.0,0.0,0.0,0,0.0,1.0,0.0,0.0,0
3,1.0,0.0,1.0,0.0,0,0.0,-1.0,0.550000011920929,1.0,2
3,1.0,0.0,1.0,0.0,0,0.0,-1.0,0.875,0.5,3
3,1.0,0.0,1.0,0.0,0,0.0,-1.0,0.9200000166893005,0.2,1
3,1.0,0.0,1.0,0.0,0,0.0,-1.0,0.5999999642372131,1.0,2
3,1.0,0.0,1.0,0.0,0,0.0,-1.0,0.7999999523162842,0.5,2
3,1.0,0.0,1.0,0.0,0,0.0,-1.0,0.925000011920929,0.3,3
3,1.0,0.0,1.0,0.0,0,0.0,-1.0,0.8500000238418579,0.5,2
3,1.0,0.0,1.0,0.0,0,0.0,-1.0,0.925000011920929,0.3,3
3,1.0,0.0,1.0,0.0,0,0.0,-1.0,0.9500000476837158,0.2,3
3,1.0,0.0,1.0,0.0,0,0.0,-1.0,0.9099999666213989,0.3,1
3,1.0,0.0,1.0,0.0,0,0.0,-1.0,0.9500000476837158,0.2,0
3,1.0,0.0,1.0,0.0,0,0.0,-1.0,0.940000057220459,0.2,2
3,1.0,0.0,1.0,0.0,0,0.0,-1.0,0.9099999666213989,0.3,1
3,1.0,1.0,0.0,0.0,0,0.0,1.0,0.0,0.0,0
3,1.0,0.0,1.0,0.0,0,0.0,-1.0,0.800000011920929,0.8,2
3,1.0,0.0,1.0,0.0,0,0.0,-1.0,0.875,0.5,0
3,1.0,0.0,1.0,0.0,0,0.0,-1.0,0.6399999856948853,0.8,1
3,1.0,0.0,1.0,0.0,0,0.0,-1.0,0.6800000071525574,0.8,2
3,1.0,0.0,1.0,0.0,0,0.0,-1.0,0.9500000476837158,0.2,0
3,1.0,0.0,1.0,0.0,0,0.0,-1.0,0.875,0.5,1
3,1.0,0.0,1.0,0.0,0,0.0,-1.0,0.7000000476837158,1.0,0
3,1.0,0.0,1.0,0.0,0,0.0,-1.0,0.9200000166893005,0.2,2
3,1.0,0.0,1.0,0.0,0,0.0,-1.0,0.9200000166893005,0.2,2
3,1.0,1.0,0.0,0.0,0,0.0,1.0,0.0,0.0,0
3,1.0,0.0,1.0,0.0,0,0.0,-1.0,0.8500000238418579,0.5,3
3,1.0,0.0,1.0,0.0,0,0.0,-1.0,0.7999999523162842,0.5,1
3,1.0,1.0,0.0,0.0,0,0.0,1.0,0.0,0.0,0
3,1.0,1.0,0.0,0.0,0,0.0,1.0,0.0,0.0,0
3,1.0,0.0,1.0,0.0,0,0.0,-1.0,0.7000000476837158,1.0,3
3,0.9841436,1.0,0.0,0.015856361,0,0.0,0.9500524401664734,0.0,0.0,0
3,1.0,0.0,1.0,0.0,0,0.0,-1.0003963708877563,0.6800000071525574,0.8,0
3,1.0,0.0,1.0,0.0,0,0.0,-1.0,0.550000011920929,1.0,0
3,1.0,0.0,1.0,0.0,0,0.0,-1.0,0.875,0.5,2
3,1.0,0.0,1.0,0.0,0,0.0,-1.0,0.9500000476837158,0.2,3
3,1.0,0.0,1.0,0.0,0,0.0,-1.0,0.75,1.0,1
3,1.0,1.0,0.0,0.0,0,0.0,1.0,0.0,0.0,0
3,1.0,1.0,0.0,0.0,0,0.0,1.0,0.0,0.0,0
3,1.0,1.0,0.0,0.0,0,0.0,1.0,0.0,0.0,0
3,1.0,1.0,0.0,0.0,0,0.0,1.0,0.0,0.0,0
3,1.0,1.0,0.0,0.0,0,0.0,1.0,0.0,0.0,0
3,1.0,0.0,1.0,0.0,0,0.0,-1.0,0.940000057220459,0.2,2
3,1.0,1.0,0.0,0.0,0,0.0,1.0,0.0,0.0,0
3,1.0,0.0,1.0,0.0,0,0.0,-1.0,0.9500000476837158,0.2,0
3,1.0,1.0,0.0,0.0,0,0.0,1.0,0.0,0.0,0
3,1.0,0.0,1.0,0.0,0,0.0,-1.0,0.7749999761581421,0.5,0
3,1.0,0.0,1.0,0.0,0,0.0,-1.0,0.550000011920929,1.0,2
3,1.0,0.0,1.0,0.0,0,0.0,-1.0,0.925000011920929,0.3,3
3,1.0,1.0,0.0,0.0,0,0.0,1.0,0.0,0.0,0
3,1.0,0.0,1.0,0.0,0,0.0,-1.0,0.7599999904632568,0.8,0
3,1.0,0.0,1.0,0.0,0,0.0,-1.0,0.75,1.0,0
3,1.0,1.0,0.0,0.0,0,0.0,1.0,0.0,0.0,0
3,1.0,1.0,0.0,0.0,0,0.0,1.0,0.0,0.0,0
3,1.0,0.0,1.0,0.0,0,0.0,-1.0,0.5999999642372131,1.0,0
3,1.0,0.0,1.0,0.0,0,0.0,-1.0,0.550000011920929,1.0,1
3,1.0,0.0,1.0,0.0,0,0.0,-1.0,0.75,1.0,3
3,1.0,0.0,1.0,0.0,0,0.0,-1.0,0.875,0.5,3
3,1.0,1.0,0.0,0.0,0,0.0,1.0,0.0,0.0,0
3,1.0,0.0,1.0,0.0,0,0.0,-1.0,0.9500000476837158,0.2,3
3,1.0,1.0,0.0,0.0,0,0.0,1.0,0.0,0.0,0
3,1.0,0.0,1.0,0.0,0,0.0,-1.0,0.75,1.0,3
3,1.0,0.0,1.0,0.0,0,0.0,-1.0,0.5999999642372131,1.0,3
3,1.0,1.0,0.0,0.0,0,0.0,1.0,0.0,0.0,0
3,1.0,0.0,1.0,0.0,0,0.0,-1.0,0.925000011920929,0.3,2
3,1.0,1.0,0.0,0.0,0,0.0,1.0,0.0,0.0,0
3,1.0,0.0,1.0,0.0,0,0.0,-1.0,0.7000000476837158,1.0,3
3,1.0,0.0,1.0,0.0,0,0.0,-1.0,0.925000011920929,0.3,2
3,1.0,0.0,1.0,0.0,0,0.0,-1.0,0.9500000476837158,0.2,3
3,1.0,0.0,1.0,0.0,0,0.0,-1.0,0.5999999642372131,1.0,1
3,1.0,0.0,1.0,0.0,0,0.0,-1.0,0.925000011920929,0.3,2
3,1.0,0.0,1.0,0.0,0,0.0,-1.0,0.9500000476837158,0.2,3
3,1.0,0.0,1.0,0.0,0,0.0,-1.0,0.6800000071525574,0.8,3
3,1.0,0.0,1.0,0.0,0,0.0,-1.0,0.925000011920929,0.3,2
3,1.0,0.0,1.0,0.0,0,0.0,-1.0,0.9500000476837158,0.2,3
3,0.99545664,0.02044508419930935,0.9795548915863037,0.0045433524,0,0.0,-0.9741028547286987,0.5795548558235168,1.0,0
3,1.0,0.0,1.0,0.0,0,0.0,-1.0002272129058838,0.925000011920929,0.3,1
3,1.0,0.0,1.0,0.0,0,0.0,-1.0,0.9500000476837158,0.2,0
3,1.0,0.0,1.0,0.0,0,0.0,-1.0,0.940000057220459,0.2,1
3,1.0,0.0,1.0,0.0,0,0.0,-1.0,0.7999999523162842,0.5,0
3,1.0,0.0,1.0,0.0,0,0.0,-1.0,0.7000000476837158,1.0,0
3,1.0,0.0,1.0,0.0,0,0.0,-1.0,0.940000057220459,0.2,0
3,1.0,1.0,0.0,0.0,0,0.0,1.0,0.0,0.0,0
3,1.0,0.0,1.0,0.0,0,0.0,-1.0,0.9500000476837158,0.2,0
3,1.0,1.0,0.0,0.0,0,0.0,1.0,0.0,0.0,0
3,1.0,1.0,0.0,0.0,0,0.0,1.0,0.0,0.0,0
3,1.0,0.0,1.0,0.0,0,0.0,-1.0,0.9099999666213989,0.3,3
3,1.0,0.0,1.0,0.0,0,0.0,-1.0,0.9100000262260437,0.2,3
3,1.0,0.0,1.0,0.0,0,0.0,-1.0,0.925000011920929,0.3,0
3,1.0,1.0,0.0,0.0,0,0.0,1.0,0.0,0.0,0
3,1.0,0.0,1.0,0.0,0,0.0,-1.0,0.9500000476837158,0.2,2
3,1.0,0.0,1.0,0.0,0,0.0,-1.0,0.9500000476837158,0.2,1
3,1.0,0.0,1.0,0.0,0,0.0,-1.0,0.7599999904632568,0.8,1
3,1.0,1.0,0.0,0.0,0,0.0,1.0,0.0,0.0,0
3,1.0,1.0,0.0,0.0,0,0.0,1.0,0.0,0.0,0
3,1.0,0.0,1.0,0.0,0,0.0,-1.0,0.925000011920929,0.3,2
3,1.0,0.0,1.0,0.0,0,0.0,-1.0,0.9099999666213989,0.3,0
3,1.0,1.0,0.0,0.0,0,0.0,1.0,0.0,0.0,0
3,1.0,0.0,1.0,0.0,0,0.0,-1.0,0.9500000476837158,0.2,2
3,1.0,0.0,1.0,0.0,0,0.0,-1.0,0.75,1.0,0
3,1.0,0.0,1.0,0.0,0,0.0,-1.0,0.7749999761581421,0.5,2
3,1.0,0.0,1.0,0.0,0,0.0,-1.0,0.6399999856948853,0.8,0
3,1.0,1.0,0.0,0.0,0,0.0,1.0,0.0,0.0,0
3,1.0,0.0,1.0,0.0,0,0.0,-1.0,0.925000011920929,0.3,0
3,1.0,0.0,1.0,0.0,0,0.0,-1.0,0.550000011920929,1.0,1
3,1.0,1.0,0.0,0.0,0,0.0,1.0,0.0,0.0,0
3,0.9857492,1.0,0.0,0.014250803,0,0.0,0.9551099538803101,0.0,0.0,0
3,1.0,0.0,1.0,0.0,0,0.0,-1.0003563165664673,0.7999999523162842,0.5,0
3,1.0,1.0,0.0,0.0,0,0.0,1.0,0.0,0.0,0
3,1.0,0.0,1.0,0.0,0,0.0,-1.0,0.9099999666213989,0.3,1
3,1.0,0.0,1.0,0.0,0,0.0,-1.0,0.9500000476837158,0.2,0
3,1.0,0.0,1.0,0.0,0,0.0,-1.0,0.7000000476837158,1.0,0
3,1.0,0.0,1.0,0.0,0,0.0,-1.0,0.9500000476837158,0.2,2
3,1.0,0.0,1.0,0.0,0,0.0,-1.0,0.925000011920929,0.3,1
3,1.0,0.0,1.0,0.0,0,0.0,-1.0,0.9500000476837158,0.2,0
3,1.0,0.0,1.0,0.0,0,0.0,-1.0,0.8500000238418579,0.5,2
3,1.0,1.0,0.0,0.0,0,0.0,1.0,0.0,0.0,0
3,1.0,0.0,1.0,0.0,0,0.0,-1.0,0.8500000238418579,0.5,1
3,1.0,1.0,0.0,0.0,0,0.0,1.0,0.0,0.0,0
3,1.0,0.0,1.0,0.0,0,0.0,-1.0,0.9500000476837158,0.2,1
3,1.0,0.0,1.0,0.0,0,0.0,-1.0,0.75,1.0,0
3,1.0,0.0,1.0,0.0,0,0.0,-1.0,0.9500000476837158,0.2,1
3,1.0,0.0,1.0,0.0,0,0.0,-1.0,0.800000011920929,0.8,3
3,1.0,0.0,1.0,0.0,0,0.0,-1.0,0.9500000476837158,0.2,2
3,1.0,0.0,1.0,0.0,0,0.0,-1.0,0.875,0.5,1
3,1.0,1.0,0.0,0.0,0,0.0,1.0,0.0,0.0,0
3,1.0,0.0,1.0,0.0,0,0.0,-1.0,0.875,0.5,3
3,1.0,0.0,1.0,0.0,0,0.0,-1.0,0.875,0.5,1
3,1.0,0.0,1.0,0.0,0,0.0,-1.0,0.75,1.0,3
3,1.0,1.0,0.0,0.0,0,0.0,1.0,0.0,0.0,0
3,1.0,0.0,1.0,0.0,0,0.0,-1.0,0.6800000071525574,0.8,0
3,1.0,0.0,1.0,0.0,0,0.0,-1.0,0.550000011920929,1.0,3
3,1.0,0.0,1.0,0.0,0,0.0,-1.0,0.5999999642372131,1.0,3
3,1.0,0.0,1.0,0.0,0,0.0,-1.0,0.5999999642372131,1.0,3
3,1.0,1.0,0.0,0.0,0,0.0,1.0,0.0,0.0,0
3,1.0,0.0,1.0,0.0,0,0.0,-1.0,0.800000011920929,0.8,3
3,1.0,0.0,1.0,0.0,0,0.0,-1.0,0.550000011920929,1.0,0
3,1.0,0.0,1.0,0.0,0,0.0,-1.0,0.9100000262260437,0.2,1
3,1.0,1.0,0.0,0.0,0,0.0,1.0,0.0,0.0,0
3,1.0,1.0,0.0,0.0,0,0.0,1.0,0.0,0.0,0
3,1.0,1.0,0.0,0.0,0,0.0,1.0,0.0,0.0,0
3,1.0,1.0,0.0,0.0,0,0.0,1.0,0.0,0.0,0
3,1.0,0.0,1.0,0.0,0,0.0,-1.0,0.6800000071525574,0.8,1
3,1.0,0.0,1.0,0.0,0,0.0,-1.0,0.925000011920929,0.3,1
3,1.0,0.0,1.0,0.0,0,0.0,-1.0,0.9500000476837158,0.2,1
3,1.0,1.0,0.0,0.0,0,0.0,1.0,0.0,0.0,0
3,1.0,0.0,1.0,0.0,0,0.0,-1.0,0.925000011920929,0.3,1
3,1.0,0.0,1.0,0.0,0,0.0,-1.0,0.7999999523162842,0.5,3
3,1.0,0.0,1.0,0.0,0,0.0,-1.0,0.940000057220459,0.2,1
3,1.0,0.0,1.0,0.0,0,0.0,-1.0,0.9200000166893005,0.2,1
3,1.0,0.0,1.0,0.0,0,0.0,-1.0,0.9500000476837158,0.2,1
3,1.0,1.0,0.0,0.0,0,0.0,1.0,0.0,0.0,0
3,1.0,0.0,1.0,0.0,0,0.0,-1.0,0.940000057220459,0.2,1
3,1.0,0.0,1.0,0.0,0,0.0,-1.0,0.75,1.0,3
3,1.0,0.0,1.0,0.0,0,0.0,-1.0,0.75,1.0,2
3,1.0,0.0,1.0,0.0,0,0.0,-1.0,0.75,1.0,3
3,1.0,0.0,1.0,0.0,0,0.0,-1.0,0.9200000166893005,0.2,2
3,1.0,0.0,1.0,0.0,0,0.0,-1.0,0.9200000166893005,0.2,3
3,1.0,1.0,0.0,0.0,0,0.0,1.0,0.0,0.0,0
3,1.0,0.0,1.0,0.0,0,0.0,-1.0,0.9099999666213989,0.3,2
3,1.0,1.0,0.0,0.0,0,0.0,1.0,0.0,0.0,0
3,1.0,0.0,1.0,0.0,0,0.0,-1.0,0.925000011920929,0.3,2
3,1.0,0.0,1.0,0.0,0,0.0,-1.0,0.800000011920929,0.8,2
3,1.0,0.0,1.0,0.0,0,0.0,-1.0,0.7000000476837158,1.0,0
3,1.0,1.0,0.0,0.0,0,0.0,1.0,0.0,0.0,0
3,1.0,0.0,1.0,0.0,0,0.0,-1.0,0.925000011920929,0.3,1
3,1.0,0.0,1.0,0.0,0,0.0,-1.0,0.7749999761581421,0.5,0
3,1.0,0.0,1.0,0.0,0,0.0,-1.0,0.9099999666213989,0.3,3
3,1.0,0.0,1.0,0.0,0,0.0,-1.0,0.925000011920929,0.3,0
3,1.0,0.0,1.0,0.0,0,0.0,-1.0,0.9200000166893005,0.2,2
3,1.0,0.0,1.0,0.0,0,0.0,-1.0,0.5999999642372131,1.0,0
3,1.0,0.0,1.0,0.0,0,0.0,-1.0,0.7999999523162842,0.5,0
3,1.0,0.0,1.0,0.0,0,0.0,-1.0,0.75,1.0,2
3,1.0,0.0,1.0,0.0,0,0.0,-1.0,0.9500000476837158,0.2,1
3,1.0,0.0,1.0,0.0,0,0.0,-1.0,0.550000011920929,1.0,1
3,1.0,0.0,1.0,0.0,0,0.0,-1.0,0.9500000476837158,0.2,2
3,1.0,1.0,0.0,0.0,0,0.0,1.0,0.0,0.0,0
3,1.0,0.0,1.0,0.0,0,0.0,-1.0,0.875,0.5,3
3,1.0,0.0,1.0,0.0,0,0.0,-1.0,0.875,0.5,3
3,1.0,0.0,1.0,0.0,0,0.0,-1.0,0.7749999761581421,0.5,2
3,1.0,0.0,1.0,0.0,0,0.0,-1.0,0.9099999666213989,0.3,2
3,1.0,1.0,0.0,0.0,0,0.0,1.0,0.0,0.0,0
3,1.0,1.0,0.0,0.0,0,0.0,1.0,0.0,0.0,0
3,1.0,0.0,1.0,0.0,0,0.0,-1.0,0.75,1.0,2
3,1.0,1.0,0.0,0.0,0,0.0,1.0,0.0,0.0,0
3,1.0,0.0,1.0,0.0,0,0.0,-1.0,0.9500000476837158,0.2,2
3,1.0,0.0,1.0,0.0,0,0.0,-1.0,0.800000011920929,0.8,0
3,1.0,1.0,0.0,0.0,0,0.0,1.0,0.0,0.0,0
3,1.0,0.0,1.0,0.0,0,0.0,-1.0,0.800000011920929,0.8,0
3,1.0,0.0,1.0,0.0,0,0.0,-1.0,0.9200000166893005,0.2,3
3,1.0,0.0,1.0,0.0,0,0.0,-1.0,0.7599999904632568,0.8,3
3,1.0,0.0,1.0,0.0,0,0.0,-1.0,0.8500000238418579,0.5,2
3,1.0,0.0,1.0,0.0,0,0.0,-1.0,0.9100000262260437,0.2,3
3,1.0,0.0,1.0,0.0,0,0.0,-1.0,0.6399999856948853,0.8,2
3,1.0,0.0,1.0,0.0,0,0.0,-1.0,0.9500000476837158,0.2,2
3,1.0,0.0,1.0,0.0,0,0.0,-1.0,0.925000011920929,0.3,2
3,1.0,0.0,1.0,0.0,0,0.0,-1.0,0.940000057220459,0.2,2
3,1.0,0.0,1.0,0.0,0,0.0,-1.0,0.800000011920929,0.8,2
3,1.0,1.0,0.0,0.0,0,0.0,1.0,0.0,0.0,0
3,1.0,0.0,1.0,0.0,0,0.0,-1.0,0.925000011920929,0.3,1
3,1.0,0.0,1.0,0.0,0,0.0,-1.0,0.940000057220459,0.2,3
3,1.0,1.0,0.0,0.0,0,0.0,1.0,0.0,0.0,0
3,1.0,1.0,0.0,0.0,0,0.0,1.0,0.0,0.0,0
3,1.0,0.0,1.0,0.0,0,0.0,-1.0,0.6800000071525574,0.8,0
3,1.0,0.0,1.0,0.0,0,0.0,-1.0,0.925000011920929,0.3,3
3,1.0,1.0,0.0,0.0,0,0.0,1.0,0.0,0.0,0
3,1.0,0.0,1.0,0.0,0,0.0,-1.0,0.9200000166893005,0.2,3
3,1.0,0.0,1.0,0.0,0,0.0,-1.0,0.9200000166893005,0.2,2
3,1.0,1.0,0.0,0.0,0,0.0,1.0,0.0,0.0,0
3,1.0,1.0,0.0,0.0,0,0.0,1.0,0.0,0.0,0
3,1.0,1.0,0.0,0.0,0,0.0,1.0,0.0,0.0,0
3,1.0,0.0,1.0,0.0,0,0.0,-1.0,0.9100000262260437,0.2,2
3,1.0,0.0,1.0,0.0,0,0.0,-1.0,0.9099999666213989,0.3,3
3,1.0,1.0,0.0,0.0,0,0.0,1.0,0.0,0.0,0
3,1.0,0.0,1.0,0.0,0,0.0,-1.0,0.9200000166893005,0.2,2
3,1.0,0.0,1.0,0.0,0,0.0,-1.0,0.7999999523162842,0.5,3
3,1.0,0.0,1.0,0.0,0,0.0,-1.0,0.75,1.0,3
3,1.0,0.0,1.0,0.0,0,0.0,-1.0,0.6800000071525574,0.8,2
3,1.0,0.0,1.0,0.0,0,0.0,-1.0,0.800000011920929,0.8,1
3,1.0,0.0,1.0,0.0,0,0.0,-1.0,0.9099999666213989,0.3,0
3,1.0,0.0,1.0,0.0,0,0.0,-1.0,0.925000011920929,0.3,3
3,1.0,0.0,1.0,0.0,0,0.0,-1.0,0.7749999761581421,0.5,1
3,1.0,0.0,1.0,0.0,0,0.0,-1.0,0.925000011920929,0.3,0
3,1.0,0.0,1.0,0.0,0,0.0,-1.0,0.9100000262260437,0.2,0
3,1.0,0.0,1.0,0.0,0,0.0,-1.0,0.6800000071525574,0.8,0
3,1.0,0.0,1.0,0.0,0,0.0,-1.0,0.9099999666213989,0.3,0
3,1.0,1.0,0.0,0.0,0,0.0,1.0,0.0,0.0,0
3,1.0,0.0,1.0,0.0,0,0.0,-1.0,0.6800000071525574,0.8,2
3,1.0,1.0,0.0,0.0,0,0.0,1.0,0.0,0.0,0
3,1.0,0.0,1.0,0.0,0,0.0,-1.0,0.9500000476837158,0.2,3
3,1.0,0.0,1.0,0.0,0,0.0,-1.0,0.940000057220459,0.2,3
3,1.0,0.0,1.0,0.0,0,0.0,-1.0,0.800000011920929,0.8,3
3,0.9795303,0.09211370348930359,0.907886266708374,0.020469714,0,0.0,-0.8833225965499878,0.782886266708374,0.5,3
3,1.0,0.0,1.0,0.0,0,0.0,-1.001023530960083,0.9500000476837158,0.2,1
3,1.0,0.0,1.0,0.0,0,0.0,-1.0,0.9099999666213989,0.3,3
3,1.0,0.0,1.0,0.0,0,0.0,-1.0,0.75,1.0,3
3,1.0,0.0,1.0,0.0,0,0.0,-1.0,0.7599999904632568,0.8,3
3,0.96877015,0.140534445643425,0.8594655394554138,0.031229878,0,0.0,-0.8219897150993347,0.7844655513763428,0.3,0
3,1.0,0.0,1.0,0.0,0,0.0,-1.0015615224838257,0.9200000166893005,0.2,3
3,1.0,0.0,1.0,0.0,0,0.0,-1.0,0.800000011920929,0.8,2
3,1.0,0.0,1.0,0.0,0,0.0,-1.0,0.925000011920929,0.3,2
3,1.0,1.0,0.0,0.0,0,0.0,1.0,0.0,0.0,0
3,0.9860698,1.0,0.0,0.013930226,0,0.0,0.9561197757720947,0.0,0.0,0
3,1.0,0.0,1.0,0.0,0,0.0,-1.0003482103347778,0.9500000476837158,0.2,3
3,1.0,1.0,0.0,0.0,0,0.0,1.0,0.0,0.0,0
3,1.0,0.0,1.0,0.0,0,0.0,-1.0,0.800000011920929,0.8,2
3,1.0,1.0,0.0,0.0,0,0.0,1.0,0.0,0.0,0
3,1.0,0.0,1.0,0.0,0,0.0,-1.0,0.75,1.0,2
3,1.0,1.0,0.0,0.0,0,0.0,1.0,0.0,0.0,0
3,1.0,0.0,1.0,0.0,0,0.0,-1.0,0.925000011920929,0.3,0
3,1.0,0.0,1.0,0.0,0,0.0,-1.0,0.9099999666213989,0.3,1
3,1.0,1.0,0.0,0.0,0,0.0,1.0,0.0,0.0,0
3,0.95934236,0.18295937776565552,0.8170406222343445,0.04065764,0,0.0,-0.7682514190673828,0.7420406341552734,0.3,2
3,1.0,0.0,1.0,0.0,0,0.0,-1.0020328760147095,0.7000000476837158,1.0,0
3,1.0,0.0,1.0,0.0,0,0.0,-1.0,0.9099999666213989,0.3,0
3,1.0,0.0,1.0,0.0,0,0.0,-1.0,0.940000057220459,0.2,3
3,1.0,0.0,1.0,0.0,0,0.0,-1.0,0.925000011920929,0.3,3
3,1.0,1.0,0.0,0.0,0,0.0,1.0,0.0,0.0,0
3,1.0,0.0,1.0,0.0,0,0.0,-1.0,0.875,0.5,2
3,1.0,1.0,0.0,0.0,0,0.0,1.0,0.0,0.0,0
3,1.0,0.0,1.0,0.0,0,0.0,-1.0,0.5999999642372131,1.0,2
3,1.0,1.0,0.0,0.0,0,0.0,1.0,0.0,0.0,0
3,1.0,0.0,1.0,0.0,0,0.0,-1.0,0.5999999642372131,1.0,3
3,1.0,0.0,1.0,0.0,0,0.0,-1.0,0.925000011920929,0.3,0
3,1.0,0.0,1.0,0.0,0,0.0,-1.0,0.9500000476837158,0.2,2
3,1.0,0.0,1.0,0.0,0,0.0,-1.0,0.8500000238418579,0.5,1
3,1.0,0.0,1.0,0.0,0,0.0,-1.0,0.925000011920929,0.3,3
3,1.0,0.0,1.0,0.0,0,0.0,-1.0,0.9100000262260437,0.2,3
3,1.0,0.0,1.0,0.0,0,0.0,-1.0,0.875,0.5,3
3,1.0,1.0,0.0,0.0,0,0.0,1.0,0.0,0.0,0
3,1.0,0.0,1.0,0.0,0,0.0,-1.0,0.9099999666213989,0.3,1
3,1.0,0.0,1.0,0.0,0,0.0,-1.0,0.7599999904632568,0.8,2
3,1.0,0.0,1.0,0.0,0,0.0,-1.0,0.875,0.5,0
3,1.0,0.0,1.0,0.0,0,0.0,-1.0,0.8500000238418579,0.5,0
3,1.0,0.0,1.0,0.0,0,0.0,-1.0,0.875,0.5,3
3,1.0,0.0,1.0,0.0,0,0.0,-1.0,0.875,0.5,2
3,1.0,0.0,1.0,0.0,0,0.0,-1.0,0.7999999523162842,0.5,0
3,1.0,0.0,1.0,0.0,0,0.0,-1.0,0.5999999642372131,1.0,1
3,1.0,0.0,1.0,0.0,0,0.0,-1.0,0.800000011920929,0.8,2
3,1.0,0.0,1.0,0.0,0,0.0,-1.0,0.925000011920929,0.3,0
3,1.0,0.0,1.0,0.0,0,0.0,-1.0,0.9100000262260437,0.2,3
3,1.0,0.0,1.0,0.0,0,0.0,-1.0,0.9099999666213989,0.3,0
3,1.0,0.0,1.0,0.0,0,0.0,-1.0,0.9100000262260437,0.2,0
3,1.0,1.0,0.0,0.0,0,0.0,1.0,0.0,0.0,0
3,1.0,0.0,1.0,0.0,0,0.0,-1.0,0.800000011920929,0.8,1
3,1.0,0.0,1.0,0.0,0,0.0,-1.0,0.9100000262260437,0.2,0
3,1.0,0.0,1.0,0.0,0,0.0,-1.0,0.800000011920929,0.8,2
3,1.0,1.0,0.0,0.0,0,0.0,1.0,0.0,0.0,0
3,1.0,1.0,0.0,0.0,0,0.0,1.0,0.0,0.0,0
3,1.0,0.0,1.0,0.0,0,0.0,-1.0,0.9500000476837158,0.2,0
3,1.0,1.0,0.0,0.0,0,0.0,1.0,0.0,0.0,0
3,1.0,0.0,1.0,0.0,0,0.0,-1.0,0.925000011920929,0.3,1
3,1.0,0.0,1.0,0.0,0,0.0,-1.0,0.9099999666213989,0.3,1
3,1.0,0.0,1.0,0.0,0,0.0,-1.0,0.7599999904632568,0.8,2
3,1.0,0.0,1.0,0.0,0,0.0,-1.0,0.9099999666213989,0.3,0
3,1.0,1.0,0.0,0.0,0,0.0,1.0,0.0,0.0,0
3,1.0,0.0,1.0,0.0,0,0.0,-1.0,0.7999999523162842,0.5,0
3,0.9961871,1.0,0.0,0.0038128854,0,0.0,0.9879894256591797,0.0,0.0,0
3,1.0,0.0,1.0,0.0,0,0.0,-1.0000953674316406,0.940000057220459,0.2,1
3,1.0,0.0,1.0,0.0,0,0.0,-1.0,0.8500000238418579,0.5,2
3,1.0,0.0,1.0,0.0,0,0.0,-1.0,0.6800000071525574,0.8,2
3,1.0,0.0,1.0,0.0,0,0.0,-1.0,0.9100000262260437,0.2,3
3,1.0,1.0,0.0,0.0,0,0.0,1.0,0.0,0.0,0
3,1.0,0.0,1.0,0.0,0,0.0,-1.0,0.925000011920929,0.3,0
3,1.0,0.0,1.0,0.0,0,0.0,-1.0,0.9099999666213989,0.3,0
3,1.0,0.0,1.0,0.0,0,0.0,-1.0,0.6800000071525574,0.8,2
3,1.0,0.0,1.0,0.0,0,0.0,-1.0,0.9099999666213989,0.3,0
3,1.0,0.0,1.0,0.0,0,0.0,-1.0,0.7749999761581421,0.5,0
3,1.0,0.0,1.0,0.0,0,0.0,-1.0,0.9200000166893005,0.2,0
3,1.0,1.0,0.0,0.0,0,0.0,1.0,0.0,0.0,0
3,1.0,0.0,1.0,0.0,0,0.0,-1.0,0.9500000476837158,0.2,2
3,1.0,0.0,1.0,0.0,0,0.0,-1.0,0.7749999761581421,0.5,3
3,1.0,0.0,1.0,0.0,0,0.0,-1.0,0.75,1.0,0
3,1.0,1.0,0.0,0.0,0,0.0,1.0,0.0,0.0,0
3,1.0,0.0,1.0,0.0,0,0.0,-1.0,0.800000011920929,0.8,2
3,1.0,0.0,1.0,0.0,0,0.0,-1.0,0.925000011920929,0.3,0
3,1.0,0.0,1.0,0.0,0,0.0,-1.0,0.9500000476837158,0.2,2
3,1.0,0.0,1.0,0.0,0,0.0,-1.0,0.940000057220459,0.2,1
3,1.0,0.0,1.0,0.0,0,0.0,-1.0,0.9500000476837158,0.2,0
3,1.0,0.0,1.0,0.0,0,0.0,-1.0,0.925000011920929,0.3,1
3,1.0,0.0,1.0,0.0,0,0.0,-1.0,0.925000011920929,0.3,1
3,1.0,0.0,1.0,0.0,0,0.0,-1.0,0.75,1.0,0
3,1.0,0.0,1.0,0.0,0,0.0,-1.0,0.9500000476837158,0.2,1
3,1.0,0.0,1.0,0.0,0,0.0,-1.0,0.9500000476837158,0.2,3
3,1.0,0.0,1.0,0.0,0,0.0,-1.0,0.940000057220459,0.2,2
3,1.0,0.0,1.0,0.0,0,0.0,-1.0,0.925000011920929,0.3,0
3,1.0,0.0,1.0,0.0,0,0.0,-1.0,0.550000011920929,1.0,3
3,1.0,1.0,0.0,0.0,0,0.0,1.0,0.0,0.0,0
3,1.0,1.0,0.0,0.0,0,0.0,1.0,0.0,0.0,0
3,1.0,0.0,1.0,0.0,0,0.0,-1.0,0.875,0.5,1
3,1.0,1.0,0.0,0.0,0,0.0,1.0,0.0,0.0,0
3,1.0,0.0,1.0,0.0,0,0.0,-1.0,0.75,1.0,1
3,1.0,0.0,1.0,0.0,0,0.0,-1.0,0.800000011920929,0.8,0
3,1.0,0.0,1.0,0.0,0,0.0,-1.0,0.7749999761581421,0.5,0
3,1.0,0.0,1.0,0.0,0,0.0,-1.0,0.9500000476837158,0.2,0
3,1.0,0.0,1.0,0.0,0,0.0,-1.0,0.7599999904632568,0.8,1
3,1.0,0.0,1.0,0.0,0,0.0,-1.0,0.940000057220459,0.2,3
3,1.0,0.0,1.0,0.0,0,0.0,-1.0,0.925000011920929,0.3,1
3,1.0,0.0,1.0,0.0,0,0.0,-1.0,0.9099999666213989,0.3,3
3,1.0,0.0,1.0,0.0,0,0.0,-1.0,0.9099999666213989,0.3,1
3,1.0,0.0,1.0,0.0,0,0.0,-1.0,0.6800000071525574,0.8,3
3,1.0,0.0,1.0,0.0,0,0.0,-1.0,0.9500000476837158,0.2,1
3,1.0,0.0,1.0,0.0,0,0.0,-1.0,0.925000011920929,0.3,0
3,1.0,1.0,0.0,0.0,0,0.0,1.0,0.0,0.0,0
3,1.0,1.0,0.0,0.0,0,0.0,1.0,0.0,0.0,0
3,1.0,0.0,1.0,0.0,0,0.0,-1.0,0.75,1.0,3
3,1.0,1.0,0.0,0.0,0,0.0,1.0,0.0,0.0,0
3,1.0,0.0,1.0,0.0,0,0.0,-1.0,0.925000011920929,0.3,1
3,1.0,0.0,1.0,0.0,0,0.0,-1.0,0.7599999904632568,0.8,3
3,1.0,1.0,0.0,0.0,0,0.0,1.0,0.0,0.0,0
3,1.0,0.0,1.0,0.0,0,0.0,-1.0,0.940000057220459,0.2,1
3,1.0,0.0,1.0,0.0,0,0.0,-1.0,0.6800000071525574,0.8,1
3,1.0,0.0,1.0,0.0,0,0.0,-1.0,0.9099999666213989,0.3,1
3,1.0,1.0,0.0,0.0,0,0.0,1.0,0.0,0.0,0
3,1.0,1.0,0.0,0.0,0,0.0,1.0,0.0,0.0,0
3,1.0,0.0,1.0,0.0,0,0.0,-1.0,0.9099999666213989,0.3,3
3,1.0,0.0,1.0,0.0,0,0.0,-1.0,0.7599999904632568,0.8,1
3,1.0,0.0,1.0,0.0,0,0.0,-1.0,0.5999999642372131,1.0,1
3,1.0,0.0,1.0,0.0,0,0.0,-1.0,0.8500000238418579,0.5,3
3,1.0,1.0,0.0,0.0,0,0.0,1.0,0.0,0.0,0
3,1.0,1.0,0.0,0.0,0,0.0,1.0,0.0,0.0,0
3,1.0,0.0,1.0,0.0,0,0.0,-1.0,0.940000057220459,0.2,1
3,1.0,0.0,1.0,0.0,0,0.0,-1.0,0.9500000476837158,0.2,3
3,1.0,0.0,1.0,0.0,0,0.0,-1.0,0.925000011920929,0.3,2
3,1.0,0.0,1.0,0.0,0,0.0,-1.0,0.9500000476837158,0.2,2
3,1.0,1.0,0.0,0.0,0,0.0,1.0,0.0,0.0,0
3,1.0,1.0,0.0,0.0,0,0.0,1.0,0.0,0.0,0
3,1.0,1.0,0.0,0.0,0,0.0,1.0,0.0,0.0,0
3,1.0,1.0,0.0,0.0,0,0.0,1.0,0.0,0.0,0
3,1.0,0.0,1.0,0.0,0,0.0,-1.0,0.9099999666213989,0.3,0
4,1.0,0.0,1.0,0.0,0,0.0,-1.0,0.5999999642372131,1.0,3
4,1.0,0.0,1.0,0.0,0,0.0,-1.0,0.6800000071525574,0.8,0
4,1.0,0.0,1.0,0.0,0,0.0,-1.0,0.75,1.0,0
4,1.0,0.0,1.0,0.0,0,0.0,-1.0,0.9500000476837158,0.2,0
4,1.0,0.0,1.0,0.0,0,0.0,-1.0,0.940000057220459,0.2,2
4,1.0,0.0,1.0,0.0,0,0.0,-1.0,0.7599999904632568,0.8,0
4,1.0,0.0,1.0,0.0,0,0.0,-1.0,0.7749999761581421,0.5,3
4,1.0,1.0,0.0,0.0,0,0.0,1.0,0.0,0.0,0
4,1.0,1.0,0.0,0.0,0,0.0,1.0,0.0,0.0,0
4,1.0,0.0,1.0,0.0,0,0.0,-1.0,0.925000011920929,0.3,2
4,1.0,1.0,0.0,0.0,0,0.0,1.0,0.0,0.0,0
4,1.0,1.0,0.0,0.0,0,0.0,1.0,0.0,0.0,0
4,1.0,0.0,1.0,0.0,0,0.0,-1.0,0.550000011920929,1.0,0
4,1.0,0.0,1.0,0.0,0,0.0,-1.0,0.925000011920929,0.3,0
4,1.0,1.0,0.0,0.0,0,0.0,1.0,0.0,0.0,0
4,1.0,0.0,1.0,0.0,0,0.0,-1.0,0.75,1.0,0
4,1.0,0.0,1.0,0.0,0,0.0,-1.0,0.9099999666213989,0.3,1
4,1.0,0.0,1.0,0.0,0,0.0,-1.0,0.9200000166893005,0.2,1
4,1.0,1.0,0.0,0.0,0,0.0,1.0,0.0,0.0,0
4,1.0,0.0,1.0,0.0,0,0.0,-1.0,0.800000011920929,0.8,3
4,1.0,0.0,1.0,0.0,0,0.0,-1.0,0.925000011920929,0.3,0
4,1.0,0.0,1.0,0.0,0,0.0,-1.0,0.9500000476837158,0.2,2
4,1.0,0.0,1.0,0.0,0,0.0,-1.0,0.9500000476837158,0.2,0
4,1.0,0.0,1.0,0.0,0,0.0,-1.0,0.800000011920929,0.8,0
4,0.9545189,0.20466499030590057,0.7953349947929382,0.04548111,0,0.0,-0.7407576441764832,0.5453349351882935,1.0,3
4,1.0,0.0,1.0,0.0,0,0.0,-1.0022740364074707,0.6399999856948853,0.8,0
4,1.0,0.0,1.0,0.0,0,0.0,-1.0,0.875,0.5,1
4,1.0,0.0,1.0,0.0,0,0.0,-1.0,0.5999999642372131,1.0,2
4,1.0,0.0,1.0,0.0,0,0.0,-1.0,0.925000011920929,0.3,3
4,1.0,0.0,1.0,0.0,0,0.0,-1.0,0.6800000071525574,0.8,0
4,1.0,0.0,1.0,0.0,0,0.0,-1.0,0.7999999523162842,0.5,3
4,1.0,1.0,0.0,0.0,0,0.0,1.0,0.0,0.0,0
4,0.97552955,0.11011701822280884,0.8898829817771912,0.024470448,0,0.0,-0.8605183959007263,0.7998829483985901,0.3,1
4,1.0,1.0,0.0,0.0,0,0.0,0.9987764954566956,0.0,0.0,0
4,1.0,0.0,1.0,0.0,0,0.0,-1.0,0.5999999642372131,1.0,1
4,1.0,0.0,1.0,0.0,0,0.0,-1.0,0.5999999642372131,1.0,0
4,1.0,1.0,0.0,0.0,0,0.0,1.0,0.0,0.0,0
4,1.0,0.0,1.0,0.0,0,0.0,-1.0,0.925000011920929,0.3,3
4,1.0,0.0,1.0,0.0,0,0.0,-1.0,0.925000011920929,0.3,1
4,1.0,0.0,1.0,0.0,0,0.0,-1.0,0.9099999666213989,0.3,0
4,1.0,0.0,1.0,0.0,0,0.0,-1.0,0.800000011920929,0.8,0
4,1.0,0.0,1.0,0.0,0,0.0,-1.0,0.9500000476837158,0.2,0
4,1.0,0.0,1.0,0.0,0,0.0,-1.0,0.940000057220459,0.2,0
4,1.0,0.0,1.0,0.0,0,0.0,-1.0,0.925000011920929,0.3,3
4,1.0,0.0,1.0,0.0,0,0.0,-1.0,0.9500000476837158,0.2,2
4,1.0,1.0,0.0,0.0,0,0.0,1.0,0.0,0.0,0
4,1.0,1.0,0.0,0.0,0,0.0,1.0,0.0,0.0,0
4,1.0,0.0,1.0,0.0,0,0.0,-1.0,0.9200000166893005,0.2,1
4,1.0,0.0,1.0,0.0,0,0.0,-1.0,0.9500000476837158,0.2,1
4,1.0,0.0,1.0,0.0,0,0.0,-1.0,0.925000011920929,0.3,2
4,1.0,0.0,1.0,0.0,0,0.0,-1.0,0.75,1.0,1
4,1.0,1.0,0.0,0.0,0,0.0,1.0,0.0,0.0,0
4,1.0,0.0,1.0,0.0,0,0.0,-1.0,0.8500000238418579,0.5,1
4,1.0,0.0,1.0,0.0,0,0.0,-1.0,0.7000000476837158,1.0,0
4,1.0,1.0,0.0,0.0,0,0.0,1.0,0.0,0.0,0
4,1.0,0.0,1.0,0.0,0,0.0,-1.0,0.6800000071525574,0.8,0
4,1.0,1.0,0.0,0.0,0,0.0,1.0,0.0,0.0,0
4,1.0,0.0,1.0,0.0,0,0.0,-1.0,0.550000011920929,1.0,0
4,1.0,0.0,1.0,0.0,0,0.0,-1.0,0.9500000476837158,0.2,1
4,1.0,1.0,0.0,0.0,0,0.0,1.0,0.0,0.0,0
4,1.0,0.0,1.0,0.0,0,0.0,-1.0,0.9099999666213989,0.3,1
4,1.0,1.0,0.0,0.0,0,0.0,1.0,0.0,0.0,0
4,1.0,1.0,0.0,0.0,0,0.0,1.0,0.0,0.0,0
4,1.0,1.0,0.0,0.0,0,0.0,1.0,0.0,0.0,0
4,0.96,1.0,0.0,0.040000003,0,1.0,0.8740000128746033,0.0,0.0,0
4,1.0,1.0,0.0,0.0,0,0.0,0.9990000128746033,0.0,0.0,0
4,1.0,0.0,1.0,0.0,0,0.0,-1.0,0.800000011920929,0.8,1
4,1.0,0.0,1.0,0.0,0,0.0,-1.0,0.8500000238418579,0.5,3
4,1.0,0.0,1.0,0.0,0,0.0,-1.0,0.75,1.0,1
4,1.0,1.0,0.0,0.0,0,0.0,1.0,0.0,0.0,0
4,1.0,0.0,1.0,0.0,0,0.0,-1.0,0.925000011920929,0.3,1
4,1.0,0.0,1.0,0.0,0,0.0,-1.0,0.925000011920929,0.3,3
4,1.0,0.0,1.0,0.0,0,0.0,-1.0,0.75,1.0,1
4,1.0,1.0,0.0,0.0,0,0.0,1.0,0.0,0.0,0
4,1.0,1.0,0.0,0.0,0,0.0,1.0,0.0,0.0,0
4,1.0,0.0,1.0,0.0,0,0.0,-1.0,0.9500000476837158,0.2,0
4,1.0,1.0,0.0,0.0,0,0.0,1.0,0.0,0.0,0
4,1.0,1.0,0.0,0.0,0,0.0,1.0,0.0,0.0,0
4,0.99088097,0.04103576019406319,0.9589641690254211,0.009119058,0,0.0,-0.9480212330818176,0.8839641809463501,0.3,1
4,1.0,0.0,1.0,0.0,0,0.0,-1.0004559755325317,0.6399999856948853,0.8,1
4,1.0,0.0,1.0,0.0,0,0.0,-1.0,0.75,1.0,0
4,1.0,0.0,1.0,0.0,0,0.0,-1.0,0.7999999523162842,0.5,1
4,1.0,0.0,1.0,0.0,0,0.0,-1.0,0.940000057220459,0.2,3
4,1.0,0.0,1.0,0.0,0,0.0,-1.0,0.9500000476837158,0.2,0
4,0.98077136,0.08652891963720322,0.9134711027145386,0.01922865,0,0.0,-0.8903967142105103,0.8534711599349976,0.2,1
4,1.0,0.0,1.0,0.0,0,0.0,-1.000961422920227,0.925000011920929,0.3,1
4,1.0,1.0,0.0,0.0,0,0.0,1.0,0.0,0.0,0
4,1.0,0.0,1.0,0.0,0,0.0,-1.0,0.940000057220459,0.2,1
4,1.0,1.0,0.0,0.0,0,0.0,1.0,0.0,0.0,0
4,1.0,0.0,1.0,0.0,0,0.0,-1.0,0.925000011920929,0.3,1
4,1.0,0.0,1.0,0.0,0,0.0,-1.0,0.925000011920929,0.3,2
4,1.0,0.0,1.0,0.0,0,0.0,-1.0,0.925000011920929,0.3,1
4,1.0,1.0,0.0,0.0,0,0.0,1.0,0.0,0.0,0
4,1.0,0.0,1.0,0.0,0,0.0,-1.0,0.9500000476837158,0.2,2
4,1.0,1.0,0.0,0.0,0,0.0,1.0,0.0,0.0,0
4,1.0,0.0,1.0,0.0,0,0.0,-1.0,0.6399999856948853,0.8,3
4,1.0,1.0,0.0,0.0,0,0.0,1.0,0.0,0.0,0
4,1.0,1.0,0.0,0.0,0,0.0,1.0,0.0,0.0,0
4,1.0,1.0,0.0,0.0,0,0.0,1.0,0.0,0.0,0
4,1.0,0.0,1.0,0.0,0,0.0,-1.0,0.7999999523162842,0.5,2
4,1.0,0.0,1.0,0.0,0,0.0,-1.0,0.9500000476837158,0.2,3
4,1.0,0.0,1.0,0.0,0,0.0,-1.0,0.9500000476837158,0.2,1
4,1.0,0.0,1.0,0.0,0,0.0,-1.0,0.800000011920929,0.8,1
4,1.0,0.0,1.0,0.0,0,0.0,-1.0,0.9099999666213989,0.3,3
4,1.0,0.0,1.0,0.0,0,0.0,-1.0,0.925000011920929,0.3,3
4,1.0,0.0,1.0,0.0,0,0.0,-1.0,0.9500000476837158,0.2,2
4,1.0,0.0,1.0,0.0,0,0.0,-1.0,0.5999999642372131,1.0,1
4,1.0,0.0,1.0,0.0,0,0.0,-1.0,0.800000011920929,0.8,1
4,1.0,0.0,1.0,0.0,0,0.0,-1.0,0.9099999666213989,0.3,2
4,1.0,0.0,1.0,0.0,0,0.0,-1.0,0.9099999666213989,0.3,2
4,1.0,1.0,0.0,0.0,0,0.0,1.0,0.0,0.0,0
4,1.0,0.0,1.0,0.0,0,0.0,-1.0,0.6399999856948853,0.8,0
4,1.0,0.0,1.0,0.0,0,0.0,-1.0,0.550000011920929,1.0,1
4,1.0,1.0,0.0,0.0,0,0.0,1.0,0.0,0.0,0
4,1.0,1.0,0.0,0.0,0,0.0,1.0,0.0,0.0,0
4,1.0,0.0,1.0,0.0,0,0.0,-1.0,0.6399999856948853,0.8,3
4,1.0,1.0,0.0,0.0,0,0.0,1.0,0.0,0.0,0
4,1.0,0.0,1.0,0.0,0,0.0,-1.0,0.9200000166893005,0.2,2
4,1.0,0.0,1.0,0.0,0,0.0,-1.0,0.5999999642372131,1.0,3
4,1.0,0.0,1.0,0.0,0,0.0,-1.0,0.925000011920929,0.3,0
4,1.0,0.0,1.0,0.0,0,0.0,-1.0,0.6800000071525574,0.8,1
4,1.0,0.0,1.0,0.0,0,0.0,-1.0,0.800000011920929,0.8,1
4,1.0,0.0,1.0,0.0,0,0.0,-1.0,0.9099999666213989,0.3,3
4,1.0,0.0,1.0,0.0,0,0.0,-1.0,0.75,1.0,0
4,1.0,1.0,0.0,0.0,0,0.0,1.0,0.0,0.0,0
4,1.0,1.0,0.0,0.0,0,0.0,1.0,0.0,0.0,0
4,1.0,0.0,1.0,0.0,0,0.0,-1.0,0.9500000476837158,0.2,2
4,1.0,0.0,1.0,0.0,0,0.0,-1.0,0.8500000238418579,0.5,3
4,1.0,0.0,1.0,0.0,0,0.0,-1.0,0.75,1.0,3
4,1.0,0.0,1.0,0.0,0,0.0,-1.0,0.7749999761581421,0.5,3
4,1.0,0.0,1.0,0.0,0,0.0,-1.0,0.800000011920929,0.8,2
4,1.0,0.0,1.0,0.0,0,0.0,-1.0,0.925000011920929,0.3,3
4,1.0,0.0,1.0,0.0,0,0.0,-1.0,0.925000011920929,0.3,3
4,1.0,1.0,0.0,0.0,0,0.0,1.0,0.0,0.0,0
4,1.0,1.0,0.0,0.0,0,0.0,1.0,0.0,0.0,0
4,1.0,1.0,0.0,0.0,0,0.0,1.0,0.0,0.0,0
4,1.0,0.0,1.0,0.0,0,0.0,-1.0,0.940000057220459,0.2,3
4,1.0,1.0,0.0,0.0,0,0.0,1.0,0.0,0.0,0
4,1.0,0.0,1.0,0.0,0,0.0,-1.0,0.5999999642372131,1.0,0
4,1.0,0.0,1.0,0.0,0,0.0,-1.0,0.9099999666213989,0.3,1
4,1.0,0.0,1.0,0.0,0,0.0,-1.0,0.75,1.0,3
4,1.0,0.0,1.0,0.0,0,0.0,-1.0,0.8500000238418579,0.5,1
4,1.0,0.0,1.0,0.0,0,0.0,-1.0,0.940000057220459,0.2,2
4,1.0,0.0,1.0,0.0,0,0.0,-1.0,0.7599999904632568,0.8,2
4,1.0,1.0,0.0,0.0,0,0.0,1.0,0.0,0.0,0
4,1.0,1.0,0.0,0.0,0,0.0,1.0,0.0,0.0,0
4,1.0,0.0,1.0,0.0,0,0.0,-1.0,0.550000011920929,1.0,0
4,1.0,0.0,1.0,0.0,0,0.0,-1.0,0.800000011920929,0.8,0
4,1.0,0.0,1.0,0.0,0,0.0,-1.0,0.925000011920929,0.3,0
4,1.0,0.0,1.0,0.0,0,0.0,-1.0,0.6800000071525574,0.8,0
4,1.0,1.0,0.0,0.0,0,0.0,1.0,0.0,0.0,0
4,1.0,0.0,1.0,0.0,0,0.0,-1.0,0.75,1.0,1
4,1.0,0.0,1.0,0.0,0,0.0,-1.0,0.940000057220459,0.2,1
4,1.0,1.0,0.0,0.0,0,0.0,1.0,0.0,0.0,0
4,1.0,0.0,1.0,0.0,0,0.0,-1.0,0.925000011920929,0.3,2
4,1.0,0.0,1.0,0.0,0,0.0,-1.0,0.75,1.0,3
4,1.0,1.0,0.0,0.0,0,0.0,1.0,0.0,0.0,0
4,1.0,0.0,1.0,0.0,0,0.0,-1.0,0.925000011920929,0.3,0
4,1.0,0.0,1.0,0.0,0,0.0,-1.0,0.9500000476837158,0.2,3
4,1.0,0.0,1.0,0.0,0,0.0,-1.0,0.875,0.5,3
4,1.0,1.0,0.0,0.0,0,0.0,1.0,0.0,0.0,0
4,1.0,0.0,1.0,0.0,0,0.0,-1.0,0.7000000476837158,1.0,3
4,1.0,0.0,1.0,0.0,0,0.0,-1.0,0.6800000071525574,0.8,0
4,1.0,1.0,0.0,0.0,0,0.0,1.0,0.0,0.0,0
4,1.0,0.0,1.0,0.0,0,0.0,-1.0,0.9200000166893005,0.2,1
4,1.0,0.0,1.0,0.0,0,0.0,-1.0,0.9500000476837158,0.2,3
4,1.0,0.0,1.0,0.0,0,0.0,-1.0,0.5999999642372131,1.0,0
4,1.0,0.0,1.0,0.0,0,0.0,-1.0,0.7000000476837158,1.0,3
4,1.0,0.0,1.0,0.0,0,0.0,-1.0,0.8500000238418579,0.5,2
4,1.0,0.0,1.0,0.0,0,0.0,-1.0,0.75,1.0,3
4,1.0,0.0,1.0,0.0,0,0.0,-1.0,0.925000011920929,0.3,3
4,1.0,1.0,0.0,0.0,0,0.0,1.0,0.0,0.0,0
4,1.0,1.0,0.0,0.0,0,0.0,1.0,0.0,0.0,0
4,1.0,1.0,0.0,0.0,0,0.0,1.0,0.0,0.0,0
4,1.0,0.0,1.0,0.0,0,0.0,-1.0,0.7749999761581421,0.5,2
4,1.0,0.0,1.0,0.0,0,0.0,-1.0,0.6399999856948853,0.8,3
4,1.0,0.0,1.0,0.0,0,0.0,-1.0,0.940000057220459,0.2,3
4,1.0,1.0,0.0,0.0,0,0.0,1.0,0.0,0.0,0
4,1.0,0.0,1.0,0.0,0,0.0,-1.0,0.7999999523162842,0.5,1
4,1.0,1.0,0.0,0.0,0,0.0,1.0,0.0,0.0,0
4,1.0,0.0,1.0,0.0,0,0.0,-1.0,0.800000011920929,0.8,3
4,1.0,0.0,1.0,0.0,0,0.0,-1.0,0.75,1.0,3
4,1.0,0.0,1.0,0.0,0,0.0,-1.0,0.7599999904632568,0.8,3
4,1.0,0.0,1.0,0.0,0,0.0,-1.0,0.940000057220459,0.2,1
4,1.0,0.0,1.0,0.0,0,0.0,-1.0,0.5999999642372131,1.0,3
4,1.0,0.0,1.0,0.0,0,0.0,-1.0,0.940000057220459,0.2,0
4,1.0,0.0,1.0,0.0,0,0.0,-1.0,0.9500000476837158,0.2,2
4,1.0,0.0,1.0,0.0,0,0.0,-1.0,0.75,1.0,3
4,1.0,0.0,1.0,0.0,0,0.0,-1.0,0.9100000262260437,0.2,2
4,1.0,0.0,1.0,0.0,0,0.0,-1.0,0.925000011920929,0.3,3
4,1.0,1.0,0.0,0.0,0,0.0,1.0,0.0,0.0,0
4,1.0,0.0,1.0,0.0,0,0.0,-1.0,0.9200000166893005,0.2,0
4,1.0,0.0,1.0,0.0,0,0.0,-1.0,0.75,1.0,3
4,1.0,0.0,1.0,0.0,0,0.0,-1.0,0.7749999761581421,0.5,0
4,1.0,0.0,1.0,0.0,0,0.0,-1.0,0.9099999666213989,0.3,3
4,1.0,1.0,0.0,0.0,0,0.0,1.0,0.0,0.0,0
4,1.0,1.0,0.0,0.0,0,0.0,1.0,0.0,0.0,0
4,1.0,0.0,1.0,0.0,0,0.0,-1.0,0.5999999642372131,1.0,3
4,1.0,1.0,0.0,0.0,0,0.0,1.0,0.0,0.0,0
4,1.0,1.0,0.0,0.0,0,0.0,1.0,0.0,0.0,0
4,1.0,0.0,1.0,0.0,0,0.0,-1.0,0.9099999666213989,0.3,2
4,1.0,0.0,1.0,0.0,0,0.0,-1.0,0.7000000476837158,1.0,0
4,1.0,0.0,1.0,0.0,0,0.0,-1.0,0.5999999642372131,1.0,0
4,1.0,0.0,1.0,0.0,0,0.0,-1.0,0.800000011920929,0.8,2
4,1.0,0.0,1.0,0.0,0,0.0,-1.0,0.5999999642372131,1.0,0
4,1.0,0.0,1.0,0.0,0,0.0,-1.0,0.9500000476837158,0.2,1
4,1.0,0.0,1.0,0.0,0,0.0,-1.0,0.9200000166893005,0.2,2
4,1.0,0.0,1.0,0.0,0,0.0,-1.0,0.800000011920929,0.8,0
4,1.0,0.0,1.0,0.0,0,0.0,-1.0,0.6800000071525574,0.8,0
4,1.0,0.0,1.0,0.0,0,0.0,-1.0,0.875,0.5,1
4,1.0,0.0,1.0,0.0,0,0.0,-1.0,0.9099999666213989,0.3,3
4,1.0,0.0,1.0,0.0,0,0.0,-1.0,0.9099999666213989,0.3,2
4,1.0,0.0,1.0,0.0,0,0.0,-1.0,0.9099999666213989,0.3,2
4,1.0,1.0,0.0,0.0,0,0.0,1.0,0.0,0.0,0
4,1.0,0.0,1.0,0.0,0,0.0,-1.0,0.925000011920929,0.3,3
4,1.0,1.0,0.0,0.0,0,0.0,1.0,0.0,0.0,0
4,1.0,0.0,1.0,0.0,0,0.0,-1.0,0.5999999642372131,1.0,0
4,1.0,1.0,0.0,0.0,0,0.0,1.0,0.0,0.0,0
4,1.0,1.0,0.0,0.0,0,0.0,1.0,0.0,0.0,0
4,1.0,0.0,1.0,0.0,0,0.0,-1.0,0.7749999761581421,0.5,1
4,1.0,1.0,0.0,0.0,0,0.0,1.0,0.0,0.0,0
4,1.0,0.0,1.0,0.0,0,0.0,-1.0,0.550000011920929,1.0,3
4,1.0,0.0,1.0,0.0,0,0.0,-1.0,0.9500000476837158,0.2,0
4,1.0,0.0,1.0,0.0,0,0.0,-1.0,0.9099999666213989,0.3,0
4,1.0,0.0,1.0,0.0,0,0.0,-1.0,0.8500000238418579,0.5,1
4,1.0,0.0,1.0,0.0,0,0.0,-1.0,0.940000057220459,0.2,0
4,1.0,0.0,1.0,0.0,0,0.0,-1.0,0.7000000476837158,1.0,3
4,1.0,1.0,0.0,0.0,0,0.0,1.0,0.0,0.0,0
4,1.0,0.0,1.0,0.0,0,0.0,-1.0,0.925000011920929,0.3,1
4,1.0,0.0,1.0,0.0,0,0.0,-1.0,0.940000057220459,0.2,3
4,1.0,0.0,1.0,0.0,0,0.0,-1.0,0.6399999856948853,0.8,3
4,1.0,0.0,1.0,0.0,0,0.0,-1.0,0.940000057220459,0.2,2
4,1.0,1.0,0.0,0.0,0,0.0,1.0,0.0,0.0,0
4,1.0,0.0,1.0,0.0,0,0.0,-1.0,0.9500000476837158,0.2,3
4,1.0,0.0,1.0,0.0,0,0.0,-1.0,0.940000057220459,0.2,1
4,1.0,0.0,1.0,0.0,0,0.0,-1.0,0.75,1.0,1
4,1.0,0.0,1.0,0.0,0,0.0,-1.0,0.5999999642372131,1.0,3
4,1.0,0.0,1.0,0.0,0,0.0,-1.0,0.8500000238418579,0.5,3
4,1.0,0.0,1.0,0.0,0,0.0,-1.0,0.9500000476837158,0.2,2
4,1.0,1.0,0.0,0.0,0,0.0,1.0,0.0,0.0,0
4,0.96,1.0,0.0,0.040000003,0,1.0,0.8740000128746033,0.0,0.0,0
4,1.0,0.0,1.0,0.0,0,0.0,-1.0010000467300415,0.6800000071525574,0.8,3
4,1.0,1.0,0.0,0.0,0,0.0,1.0,0.0,0.0,0
4,1.0,1.0,0.0,0.0,0,0.0,1.0,0.0,0.0,0
4,1.0,0.0,1.0,0.0,0,0.0,-1.0,0.800000011920929,0.8,0
4,1.0,0.0,1.0,0.0,0,0.0,-1.0,0.9099999666213989,0.3,0
4,1.0,0.0,1.0,0.0,0,0.0,-1.0,0.9500000476837158,0.2,1
4,1.0,1.0,0.0,0.0,0,0.0,1.0,0.0,0.0,0
4,1.0,0.0,1.0,0.0,0,0.0,-1.0,0.925000011920929,0.3,3
4,1.0,0.0,1.0,0.0,0,0.0,-1.0,0.925000011920929,0.3,0
4,1.0,0.0,1.0,0.0,0,0.0,-1.0,0.875,0.5,1
4,1.0,1.0,0.0,0.0,0,0.0,1.0,0.0,0.0,0
4,1.0,0.0,1.0,0.0,0,0.0,-1.0,0.800000011920929,0.8,1
4,1.0,0.0,1.0,0.0,0,0.0,-1.0,0.5999999642372131,1.0,0
4,1.0,0.0,1.0,0.0,0,0.0,-1.0,0.9500000476837158,0.2,1
4,1.0,0.0,1.0,0.0,0,0.0,-1.0,0.7000000476837158,1.0,3
4,1.0,1.0,0.0,0.0,0,0.0,1.0,0.0,0.0,0
4,1.0,0.0,1.0,0.0,0,0.0,-1.0,0.9200000166893005,0.2,0
4,1.0,1.0,0.0,0.0,0,0.0,1.0,0.0,0.0,0
4,1.0,1.0,0.0,0.0,0,0.0,1.0,0.0,0.0,0
4,1.0,0.0,1.0,0.0,0,0.0,-1.0,0.9200000166893005,0.2,1
4,0.9741679,0.11624457687139511,0.8837554454803467,0.02583213,0,0.0,-0.852756917476654,0.7587554454803467,0.5,2
4,1.0,0.0,1.0,0.0,0,0.0,-1.0012916326522827,0.875,0.5,1
4,1.0,0.0,1.0,0.0,0,0.0,-1.0,0.940000057220459,0.2,0
4,1.0,0.0,1.0,0.0,0,0.0,-1.0,0.9200000166893005,0.2,1
4,1.0,0.0,1.0,0.0,0,0.0,-1.0,0.940000057220459,0.2,1
4,1.0,0.0,1.0,0.0,0,0.0,-1.0,0.7599999904632568,0.8,1
4,1.0,1.0,0.0,0.0,0,0.0,1.0,0.0,0.0,0
4,1.0,0.0,1.0,0.0,0,0.0,-1.0,0.7599999904632568,0.8,2
4,1.0,0.0,1.0,0.0,0,0.0,-1.0,0.5999999642372131,1.0,1
4,1.0,0.0,1.0,0.0,0,0.0,-1.0,0.925000011920929,0.3,1
4,1.0,1.0,0.0,0.0,0,0.0,1.0,0.0,0.0,0
4,1.0,0.0,1.0,0.0,0,0.0,-1.0,0.925000011920929,0.3,0
4,1.0,0.0,1.0,0.0,0,0.0,-1.0,0.925000011920929,0.3,1
4,1.0,0.0,1.0,0.0,0,0.0,-1.0,0.75,1.0,0
4,1.0,1.0,0.0,0.0,0,0.0,1.0,0.0,0.0,0
4,1.0,1.0,0.0,0.0,0,0.0,1.0,0.0,0.0,0
4,1.0,0.0,1.0,0.0,0,0.0,-1.0,0.800000011920929,0.8,2
4,1.0,0.0,1.0,0.0,0,0.0,-1.0,0.75,1.0,2
4,1.0,0.0,1.0,0.0,0,0.0,-1.0,0.925000011920929,0.3,1
4,1.0,1.0,0.0,0.0,0,0.0,1.0,0.0,0.0,0
4,1.0,0.0,1.0,0.0,0,0.0,-1.0,0.800000011920929,0.8,2
4,1.0,0.0,1.0,0.0,0,0.0,-1.0,0.800000011920929,0.8,0
4,1.0,0.0,1.0,0.0,0,0.0,-1.0,0.925000011920929,0.3,0
4,1.0,0.0,1.0,0.0,0,0.0,-1.0,0.7749999761581421,0.5,0
4,1.0,0.0,1.0,0.0,0,0.0,-1.0,0.925000011920929,0.3,1
4,1.0,0.0,1.0,0.0,0,0.0,-1.0,0.925000011920929,0.3,1
4,1.0,1.0,0.0,0.0,0,0.0,1.0,0.0,0.0,0
4,1.0,0.0,1.0,0.0,0,0.0,-1.0,0.9500000476837158,0.2,1
4,1.0,1.0,0.0,0.0,0,0.0,1.0,0.0,0.0,0
4,1.0,1.0,0.0,0.0,0,0.0,1.0,0.0,0.0,0
4,1.0,0.0,1.0,0.0,0,0.0,-1.0,0.875,0.5,1
4,1.0,0.0,1.0,0.0,0,0.0,-1.0,0.940000057220459,0.2,0
4,1.0,0.0,1.0,0.0,0,0.0,-1.0,0.925000011920929,0.3,0
4,1.0,1.0,0.0,0.0,0,0.0,1.0,0.0,0.0,0
4,1.0,0.0,1.0,0.0,0,0.0,-1.0,0.9200000166893005,0.2,1
4,1.0,1.0,0.0,0.0,0,0.0,1.0,0.0,0.0,0
4,0.9909499,0.04072526469826698,0.9592747688293457,0.009050059,0,0.0,-0.9484148025512695,0.7192747592926025,0.8,1
4,1.0,0.0,1.0,0.0,0,0.0,-1.0004525184631348,0.925000011920929,0.3,2
4,1.0,0.0,1.0,0.0,0,0.0,-1.0,0.940000057220459,0.2,0
4,1.0,0.0,1.0,0.0,0,0.0,-1.0,0.9500000476837158,0.2,3
4,1.0,0.0,1.0,0.0,0,0.0,-1.0,0.9100000262260437,0.2,1
4,1.0,0.0,1.0,0.0,0,0.0,-1.0,0.800000011920929,0.8,1
4,1.0,0.0,1.0,0.0,0,0.0,-1.0,0.925000011920929,0.3,3
4,1.0,0.0,1.0,0.0,0,0.0,-1.0,0.7599999904632568,0.8,1
4,1.0,0.0,1.0,0.0,0,0.0,-1.0,0.7999999523162842,0.5,2
4,1.0,0.0,1.0,0.0,0,0.0,-1.0,0.7999999523162842,0.5,3
4,1.0,0.0,1.0,0.0,0,0.0,-1.0,0.5999999642372131,1.0,1
4,1.0,1.0,0.0,0.0,0,0.0,1.0,0.0,0.0,0
4,1.0,0.0,1.0,0.0,0,0.0,-1.0,0.5999999642372131,1.0,3
4,1.0,0.0,1.0,0.0,0,0.0,-1.0,0.9099999666213989,0.3,1
4,1.0,1.0,0.0,0.0,0,0.0,1.0,0.0,0.0,0
4,1.0,0.0,1.0,0.0,0,0.0,-1.0,0.940000057220459,0.2,2
4,1.0,0.0,1.0,0.0,0,0.0,-1.0,0.7999999523162842,0.5,2
4,1.0,1.0,0.0,0.0,0,0.0,1.0,0.0,0.0,0
4,1.0,0.0,1.0,0.0,0,0.0,-1.0,0.7599999904632568,0.8,3
4,1.0,0.0,1.0,0.0,0,0.0,-1.0,0.75,1.0,2
4,1.0,1.0,0.0,0.0,0,0.0,1.0,0.0,0.0,0
4,1.0,0.0,1.0,0.0,0,0.0,-1.0,0.925000011920929,0.3,2
4,1.0,1.0,0.0,0.0,0,0.0,1.0,0.0,0.0,0
4,1.0,0.0,1.0,0.0,0,0.0,-1.0,0.9500000476837158,0.2,3
4,1.0,0.0,1.0,0.0,0,0.0,-1.0,0.6800000071525574,0.8,2
4,1.0,0.0,1.0,0.0,0,0.0,-1.0,0.7999999523162842,0.5,3
4,1.0,0.0,1.0,0.0,0,0.0,-1.0,0.800000011920929,0.8,2
4,1.0,0.0,1.0,0.0,0,0.0,-1.0,0.875,0.5,2
4,1.0,0.0,1.0,0.0,0,0.0,-1.0,0.875,0.5,2
4,1.0,0.0,1.0,0.0,0,0.0,-1.0,0.75,1.0,1
4,1.0,0.0,1.0,0.0,0,0.0,-1.0,0.9500000476837158,0.2,1
4,1.0,0.0,1.0,0.0,0,0.0,-1.0,0.7599999904632568,0.8,1
4,1.0,0.0,1.0,0.0,0,0.0,-1.0,0.800000011920929,0.8,0
4,1.0,0.0,1.0,0.0,0,0.0,-1.0,0.9099999666213989,0.3,0
4,1.0,0.0,1.0,0.0,0,0.0,-1.0,0.800000011920929,0.8,3
4,1.0,1.0,0.0,0.0,0,0.0,1.0,0.0,0.0,0
4,1.0,1.0,0.0,0.0,0,0.0,1.0,0.0,0.0,0
4,1.0,0.0,1.0,0.0,0,0.0,-1.0,0.5999999642372131,1.0,1
4,1.0,1.0,0.0,0.0,0,0.0,1.0,0.0,0.0,0
4,1.0,1.0,0.0,0.0,0,0.0,1.0,0.0,0.0,0
4,1.0,1.0,0.0,0.0,0,0.0,1.0,0.0,0.0,0
4,1.0,0.0,1.0,0.0,0,0.0,-1.0,0.7749999761581421,0.5,1
4,1.0,0.0,1.0,0.0,0,0.0,-1.0,0.9200000166893005,0.2,1
4,1.0,0.0,1.0,0.0,0,0.0,-1.0,0.800000011920929,0.8,2
4,1.0,0.0,1.0,0.0,0,0.0,-1.0,0.6399999856948853,0.8,1
4,1.0,0.0,1.0,0.0,0,0.0,-1.0,0.800000011920929,0.8,1
4,1.0,0.0,1.0,0.0,0,0.0,-1.0,0.800000011920929,0.8,1
4,1.0,1.0,0.0,0.0,0,0.0,1.0,0.0,0.0,0
4,1.0,1.0,0.0,0.0,0,0.0,1.0,0.0,0.0,0
4,1.0,0.0,1.0,0.0,0,0.0,-1.0,0.9500000476837158,0.2,0
4,1.0,1.0,0.0,0.0,0,0.0,1.0,0.0,0.0,0
4,1.0,0.0,1.0,0.0,0,0.0,-1.0,0.875,0.5,1
4,1.0,0.0,1.0,0.0,0,0.0,-1.0,0.925000011920929,0.3,0
4,1.0,0.0,1.0,0.0,0,0.0,-1.0,0.75,1.0,0
4,1.0,0.0,1.0,0.0,0,0.0,-1.0,0.5999999642372131,1.0,3
4,1.0,0.0,1.0,0.0,0,0.0,-1.0,0.7599999904632568,0.8,3
4,1.0,1.0,0.0,0.0,0,0.0,1.0,0.0,0.0,0
4,1.0,0.0,1.0,0.0,0,0.0,-1.0,0.6800000071525574,0.8,0
4,1.0,1.0,0.0,0.0,0,0.0,1.0,0.0,0.0,0
4,1.0,0.0,1.0,0.0,0,0.0,-1.0,0.940000057220459,0.2,0
4,1.0,0.0,1.0,0.0,0,0.0,-1.0,0.9099999666213989,0.3,2
4,1.0,1.0,0.0,0.0,0,0.0,1.0,0.0,0.0,0
4,1.0,1.0,0.0,0.0,0,0.0,1.0,0.0,0.0,0
4,1.0,0.0,1.0,0.0,0,0.0,-1.0,0.6800000071525574,0.8,3
4,1.0,1.0,0.0,0.0,0,0.0,1.0,0.0,0.0,0
4,1.0,1.0,0.0,0.0,0,0.0,1.0,0.0,0.0,0
4,1.0,0.0,1.0,0.0,0,0.0,-1.0,0.75,1.0,2
4,1.0,0.0,1.0,0.0,0,0.0,-1.0,0.9200000166893005,0.2,3
4,1.0,0.0,1.0,0.0,0,0.0,-1.0,0.800000011920929,0.8,0
4,1.0,0.0,1.0,0.0,0,0.0,-1.0,0.800000011920929,0.8,2
4,1.0,1.0,0.0,0.0,0,0.0,1.0,0.0,0.0,0
4,1.0,0.0,1.0,0.0,0,0.0,-1.0,0.925000011920929,0.3,3
4,1.0,1.0,0.0,0.0,0,0.0,1.0,0.0,0.0,0
4,1.0,0.0,1.0,0.0,0,0.0,-1.0,0.7999999523162842,0.5,3
4,1.0,1.0,0.0,0.0,0,0.0,1.0,0.0,0.0,0
4,1.0,0.0,1.0,0.0,0,0.0,-1.0,0.9099999666213989,0.3,0
4,1.0,1.0,0.0,0.0,0,0.0,1.0,0.0,0.0,0
4,1.0,1.0,0.0,0.0,0,0.0,1.0,0.0,0.0,0
4,1.0,0.0,1.0,0.0,0,0.0,-1.0,0.7999999523162842,0.5,1
4,1.0,0.0,1.0,0.0,0,0.0,-1.0,0.7000000476837158,1.0,2
4,1.0,1.0,0.0,0.0,0,0.0,1.0,0.0,0.0,0
4,1.0,0.0,1.0,0.0,0,0.0,-1.0,0.9100000262260437,0.2,3
4,1.0,1.0,0.0,0.0,0,0.0,1.0,0.0,0.0,0
4,1.0,0.0,1.0,0.0,0,0.0,-1.0,0.9500000476837158,0.2,1
4,0.99189764,0.036460552364587784,0.9635394811630249,0.008102345,0,0.0,-0.9538167715072632,0.7635394930839539,0.8,3
4,1.0,0.0,1.0,0.0,0,0.0,-1.0004050731658936,0.925000011920929,0.3,1
4,1.0,0.0,1.0,0.0,0,0.0,-1.0,0.800000011920929,0.8,3
4,1.0,0.0,1.0,0.0,0,0.0,-1.0,0.925000011920929,0.3,2
4,0.962612,0.1682460606098175,0.8317539095878601,0.037388016,0,0.0,-0.7868883013725281,0.6317539215087891,0.8,1
4,1.0,0.0,1.0,0.0,0,0.0,-1.0018694400787354,0.5999999642372131,1.0,2
4,1.0,1.0,0.0,0.0,0,0.0,1.0,0.0,0.0,0
4,1.0,0.0,1.0,0.0,0,0.0,-1.0,0.6399999856948853,0.8,3
4,1.0,0.0,1.0,0.0,0,0.0,-1.0,0.925000011920929,0.3,3
4,1.0,0.0,1.0,0.0,0,0.0,-1.0,0.9099999666213989,0.3,2
4,1.0,1.0,0.0,0.0,0,0.0,1.0,0.0,0.0,0
4,1.0,0.0,1.0,0.0,0,0.0,-1.0,0.9500000476837158,0.2,3
4,1.0,1.0,0.0,0.0,0,0.0,1.0,0.0,0.0,0
4,1.0,0.0,1.0,0.0,0,0.0,-1.0,0.800000011920929,0.8,3
4,1.0,1.0,0.0,0.0,0,0.0,1.0,0.0,0.0,0
4,1.0,0.0,1.0,0.0,0,0.0,-1.0,0.925000011920929,0.3,3
4,1.0,0.0,1.0,0.0,0,0.0,-1.0,0.550000011920929,1.0,3
4,1.0,0.0,1.0,0.0,0,0.0,-1.0,0.9200000166893005,0.2,1
4,1.0,0.0,1.0,0.0,0,0.0,-1.0,0.9500000476837158,0.2,1
4,1.0,0.0,1.0,0.0,0,0.0,-1.0,0.6399999856948853,0.8,3
4,1.0,0.0,1.0,0.0,0,0.0,-1.0,0.800000011920929,0.8,2
4,1.0,0.0,1.0,0.0,0,0.0,-1.0,0.9099999666213989,0.3,0
4,1.0,0.0,1.0,0.0,0,0.0,-1.0,0.7000000476837158,1.0,2
4,1.0,0.0,1.0,0.0,0,0.0,-1.0,0.875,0.5,1
4,1.0,0.0,1.0,0.0,0,0.0,-1.0,0.550000011920929,1.0,2
4,1.0,0.0,1.0,0.0,0,0.0,-1.0,0.8500000238418579,0.5,2
4,1.0,0.0,1.0,0.0,0,0.0,-1.0,0.9099999666213989,0.3,0
4,1.0,0.0,1.0,0.0,0,0.0,-1.0,0.8500000238418579,0.5,0
4,1.0,0.0,1.0,0.0,0,0.0,-1.0,0.9500000476837158,0.2,0
4,1.0,0.0,1.0,0.0,0,0.0,-1.0,0.800000011920929,0.8,0
4,1.0,0.0,1.0,0.0,0,0.0,-1.0,0.6800000071525574,0.8,0
4,1.0,0.0,1.0,0.0,0,0.0,-1.0,0.9500000476837158,0.2,1
4,1.0,1.0,0.0,0.0,0,0.0,1.0,0.0,0.0,0
4,1.0,1.0,0.0,0.0,0,0.0,1.0,0.0,0.0,0
4,1.0,1.0,0.0,0.0,0,0.0,1.0,0.0,0.0,0
4,1.0,1.0,0.0,0.0,0,0.0,1.0,0.0,0.0,0
4,1.0,0.0,1.0,0.0,0,0.0,-1.0,0.7000000476837158,1.0,0
4,1.0,1.0,0.0,0.0,0,0.0,1.0,0.0,0.0,0
4,1.0,1.0,0.0,0.0,0,0.0,1.0,0.0,0.0,0
4,1.0,0.0,1.0,0.0,0,0.0,-1.0,0.9500000476837158,0.2,0
4,1.0,1.0,0.0,0.0,0,0.0,1.0,0.0,0.0,0
4,1.0,0.0,1.0,0.0,0,0.0,-1.0,0.8500000238418579,0.5,0
4,1.0,0.0,1.0,0.0,0,0.0,-1.0,0.550000011920929,1.0,2
4,1.0,0.0,1.0,0.0,0,0.0,-1.0,0.875,0.5,3
4,1.0,1.0,0.0,0.0,0,0.0,1.0,0.0,0.0,0
4,1.0,0.0,1.0,0.0,0,0.0,-1.0,0.5999999642372131,1.0,0
4,1.0,0.0,1.0,0.0,0,0.0,-1.0,0.7999999523162842,0.5,3
4,1.0,0.0,1.0,0.0,0,0.0,-1.0,0.875,0.5,2
4,1.0,0.0,1.0,0.0,0,0.0,-1.0,0.7000000476837158,1.0,0
4,1.0,1.0,0.0,0.0,0,0.0,1.0,0.0,0.0,0
4,1.0,0.0,1.0,0.0,0,0.0,-1.0,0.75,1.0,3
4,1.0,0.0,1.0,0.0,0,0.0,-1.0,0.925000011920929,0.3,1
4,1.0,1.0,0.0,0.0,0,0.0,1.0,0.0,0.0,0
4,1.0,1.0,0.0,0.0,0,0.0,1.0,0.0,0.0,0
4,1.0,1.0,0.0,0.0,0,0.0,1.0,0.0,0.0,0
4,1.0,0.0,1.0,0.0,0,0.0,-1.0,0.8500000238418579,0.5,2
4,1.0,0.0,1.0,0.0,0,0.0,-1.0,0.5999999642372131,1.0,0
4,1.0,0.0,1.0,0.0,0,0.0,-1.0,0.9100000262260437,0.2,0
4,1.0,1.0,0.0,0.0,0,0.0,1.0,0.0,0.0,0
4,1.0,0.0,1.0,0.0,0,0.0,-1.0,0.75,1.0,0
4,1.0,0.0,1.0,0.0,0,0.0,-1.0,0.940000057220459,0.2,2
4,1.0,0.0,1.0,0.0,0,0.0,-1.0,0.5999999642372131,1.0,0
4,1.0,0.0,1.0,0.0,0,0.0,-1.0,0.9099999666213989,0.3,0
4,1.0,0.0,1.0,0.0,0,0.0,-1.0,0.7599999904632568,0.8,0
4,1.0,0.0,1.0,0.0,0,0.0,-1.0,0.940000057220459,0.2,0
4,1.0,0.0,1.0,0.0,0,0.0,-1.0,0.7000000476837158,1.0,0
4,1.0,0.0,1.0,0.0,0,0.0,-1.0,0.9100000262260437,0.2,3
4,1.0,0.0,1.0,0.0,0,0.0,-1.0,0.875,0.5,1
4,1.0,1.0,0.0,0.0,0,0.0,1.0,0.0,0.0,0
4,1.0,0.0,1.0,0.0,0,0.0,-1.0,0.925000011920929,0.3,1
4,1.0,0.0,1.0,0.0,0,0.0,-1.0,0.75,1.0,3
4,1.0,0.0,1.0,0.0,0,0.0,-1.0,0.925000011920929,0.3,1
4,1.0,1.0,0.0,0.0,0,0.0,1.0,0.0,0.0,0
4,1.0,0.0,1.0,0.0,0,0.0,-1.0,0.925000011920929,0.3,1
4,1.0,0.0,1.0,0.0,0,0.0,-1.0,0.8500000238418579,0.5,3
4,1.0,0.0,1.0,0.0,0,0.0,-1.0,0.9200000166893005,0.2,1
4,1.0,0.0,1.0,0.0,0,0.0,-1.0,0.5999999642372131,1.0,2
4,1.0,0.0,1.0,0.0,0,0.0,-1.0,0.875,0.5,3
4,0.96,1.0,0.0,0.040000003,0,1.0,0.8740000128746033,0.0,0.0,0
4,1.0,0.0,1.0,0.0,0,0.0,-1.0010000467300415,0.9500000476837158,0.2,1
4,1.0,0.0,1.0,0.0,0,0.0,-1.0,0.925000011920929,0.3,1
4,1.0,0.0,1.0,0.0,0,0.0,-1.0,0.7999999523162842,0.5,0
4,1.0,0.0,1.0,0.0,0,0.0,-1.0,0.9500000476837158,0.2,1
4,1.0,0.0,1.0,0.0,0,0.0,-1.0,0.925000011920929,0.3,3
4,1.0,0.0,1.0,0.0,0,0.0,-1.0,0.9500000476837158,0.2,1
4,1.0,0.0,1.0,0.0,0,0.0,-1.0,0.8500000238418579,0.5,1
4,1.0,1.0,0.0,0.0,0,0.0,1.0,0.0,0.0,0
4,1.0,0.0,1.0,0.0,0,0.0,-1.0,0.875,0.5,1
4,1.0,0.0,1.0,0.0,0,0.0,-1.0,0.7599999904632568,0.8,0
4,1.0,0.0,1.0,0.0,0,0.0,-1.0,0.5999999642372131,1.0,3
4,1.0,0.0,1.0,0.0,0,0.0,-1.0,0.7599999904632568,0.8,1
4,1.0,0.0,1.0,0.0,0,0.0,-1.0,0.8500000238418579,0.5,3
4,1.0,0.0,1.0,0.0,0,0.0,-1.0,0.925000011920929,0.3,2
4,1.0,0.0,1.0,0.0,0,0.0,-1.0,0.8500000238418579,0.5,0
4,1.0,0.0,1.0,0.0,0,0.0,-1.0,0.875,0.5,3
4,1.0,1.0,0.0,0.0,0,0.0,1.0,0.0,0.0,0
4,1.0,1.0,0.0,0.0,0,0.0,1.0,0.0,0.0,0
4,1.0,0.0,1.0,0.0,0,0.0,-1.0,0.7999999523162842,0.5,2
4,1.0,0.0,1.0,0.0,0,0.0,-1.0,0.6800000071525574,0.8,1
4,1.0,0.0,1.0,0.0,0,0.0,-1.0,0.75,1.0,1
4,1.0,1.0,0.0,0.0,0,0.0,1.0,0.0,0.0,0
4,1.0,0.0,1.0,0.0,0,0.0,-1.0,0.75,1.0,1
4,1.0,1.0,0.0,0.0,0,0.0,1.0,0.0,0.0,0
4,1.0,0.0,1.0,0.0,0,0.0,-1.0,0.940000057220459,0.2,3
4,1.0,0.0,1.0,0.0,0,0.0,-1.0,0.7999999523162842,0.5,1
4,1.0,1.0,0.0,0.0,0,0.0,1.0,0.0,0.0,0
4,1.0,0.0,1.0,0.0,0,0.0,-1.0,0.9500000476837158,0.2,1
4,1.0,0.0,1.0,0.0,0,0.0,-1.0,0.800000011920929,0.8,2
4,1.0,0.0,1.0,0.0,0,0.0,-1.0,0.7000000476837158,1.0,0
4,1.0,0.0,1.0,0.0,0,0.0,-1.0,0.9500000476837158,0.2,1
4,1.0,0.0,1.0,0.0,0,0.0,-1.0,0.75,1.0,1
4,1.0,1.0,0.0,0.0,0,0.0,1.0,0.0,0.0,0
4,1.0,1.0,0.0,0.0,0,0.0,1.0,0.0,0.0,0
4,1.0,1.0,0.0,0.0,0,0.0,1.0,0.0,0.0,0
4,1.0,0.0,1.0,0.0,0,0.0,-1.0,0.75,1.0,2
4,1.0,1.0,0.0,0.0,0,0.0,1.0,0.0,0.0,0
4,1.0,0.0,1.0,0.0,0,0.0,-1.0,0.925000011920929,0.3,0
4,1.0,0.0,1.0,0.0,0,0.0,-1.0,0.9500000476837158,0.2,1
4,1.0,0.0,1.0,0.0,0,0.0,-1.0,0.800000011920929,0.8,2
