episode,service_quality,mitigation_efficiency,attack_leakage,collateral_damage,sla_violation,shield_repair,defender_reward,attacker_reward,attack_intensity,protocol
0,1.0,0.0,1.0,0.0,0,0.0,-1.0,0.800000011920929,0.8,2
0,1.0,0.0,1.0,0.0,0,0.0,-1.0,0.7999999523162842,0.5,1
0,1.0,0.0,1.0,0.0,0,0.0,-1.0,0.925000011920929,0.3,3
0,1.0,0.0,1.0,0.0,0,0.0,-1.0,0.9500000476837158,0.2,3
0,1.0,0.0,1.0,0.0,0,0.0,-1.0,0.7000000476837158,1.0,0
0,1.0,1.0,0.0,0.0,0,0.0,1.0,0.0,0.0,0
0,1.0,0.0,1.0,0.0,0,0.0,-1.0,0.940000057220459,0.2,0
0,1.0,0.0,1.0,0.0,0,0.0,-1.0,0.9200000166893005,0.2,0
0,1.0,1.0,0.0,0.0,0,0.0,1.0,0.0,0.0,0
0,1.0,0.0,1.0,0.0,0,0.0,-1.0,0.7749999761581421,0.5,3
0,1.0,0.0,1.0,0.0,0,0.0,-1.0,0.9500000476837158,0.2,2
0,1.0,0.0,1.0,0.0,0,0.0,-1.0,0.875,0.5,2
0,1.0,0.0,1.0,0.0,0,0.0,-1.0,0.7749999761581421,0.5,0
0,1.0,1.0,0.0,0.0,0,0.0,1.0,0.0,0.0,0
0,1.0,1.0,0.0,0.0,0,0.0,1.0,0.0,0.0,0
0,1.0,1.0,0.0,0.0,0,0.0,1.0,0.0,0.0,0
0,1.0,0.0,1.0,0.0,0,0.0,-1.0,0.925000011920929,0.3,0
0,1.0,0.0,1.0,0.0,0,0.0,-1.0,0.9100000262260437,0.2,2
0,1.0,0.0,1.0,0.0,0,0.0,-1.0,0.875,0.5,0
0,1.0,1.0,0.0,0.0,0,0.0,1.0,0.0,0.0,0
0,1.0,0.0,1.0,0.0,0,0.0,-1.0,0.9500000476837158,0.2,3
0,1.0,0.0,1.0,0.0,0,0.0,-1.0,0.7599999904632568,0.8,0
0,1.0,1.0,0.0,0.0,0,0.0,1.0,0.0,0.0,0
0,1.0,0.0,1.0,0.0,0,0.0,-1.0,0.9099999666213989,0.3,2
0,1.0,0.0,1.0,0.0,0,0.0,-1.0,0.75,1.0,0
0,1.0,0.0,1.0,0.0,0,0.0,-1.0,0.7000000476837158,1.0,3
0,1.0,0.0,1.0,0.0,0,0.0,-1.0,0.940000057220459,0.2,1
0,1.0,0.0,1.0,0.0,0,0.0,-1.0,0.800000011920929,0.8,0
0,1.0,1.0,0.0,0.0,0,0.0,1.0,0.0,0.0,0
0,1.0,1.0,0.0,0.0,0,0.0,1.0,0.0,0.0,0
0,1.0,1.0,0.0,0.0,0,0.0,1.0,0.0,0.0,0
0,1.0,0.0,1.0,0.0,0,0.0,-1.0,0.9500000476837158,0.2,1
0,1.0,1.0,0.0,0.0,0,0.0,1.0,0.0,0.0,0
0,1.0,1.0,0.0,0.0,0,0.0,1.0,0.0,0.0,0
0,1.0,1.0,0.0,0.0,0,0.0,1.0,0.0,0.0,0
0,1.0,1.0,0.0,0.0,0,0.0,1.0,0.0,0.0,0
0,1.0,0.0,1.0,0.0,0,0.0,-1.0,0.875,0.5,0
0,1.0,1.0,0.0,0.0,0,0.0,1.0,0.0,0.0,0
0,1.0,0.0,1.0,0.0,0,0.0,-1.0,0.9099999666213989,0.3,1
0,1.0,0.0,1.0,0.0,0,0.0,-1.0,0.7000000476837158,1.0,0
0,1.0,0.0,1.0,0.0,0,0.0,-1.0,0.7999999523162842,0.5,0
0,1.0,1.0,0.0,0.0,0,0.0,1.0,0.0,0.0,0
0,1.0,0.0,1.0,0.0,0,0.0,-1.0,0.9200000166893005,0.2,1
0,1.0,0.0,1.0,0.0,0,0.0,-1.0,0.7000000476837158,1.0,0
0,1.0,1.0,0.0,0.0,0,0.0,1.0,0.0,0.0,0
0,1.0,0.0,1.0,0.0,0,0.0,-1.0,0.5999999642372131,1.0,0
0,1.0,0.0,1.0,0.0,0,0.0,-1.0,0.875,0.5,3
0,1.0,0.0,1.0,0.0,0,0.0,-1.0,0.800000011920929,0.8,0
0,1.0,0.0,1.0,0.0,0,0.0,-1.0,0.9500000476837158,0.2,3
0,1.0,0.0,1.0,0.0,0,0.0,-1.0,0.75,1.0,0
0,1.0,1.0,0.0,0.0,0,0.0,1.0,0.0,0.0,0
0,1.0,0.0,1.0,0.0,0,0.0,-1.0,0.925000011920929,0.3,1
0,1.0,0.0,1.0,0.0,0,0.0,-1.0,0.925000011920929,0.3,3
0,1.0,0.0,1.0,0.0,0,0.0,-1.0,0.9099999666213989,0.3,3
0,1.0,0.0,1.0,0.0,0,0.0,-1.0,0.925000011920929,0.3,2
0,1.0,1.0,0.0,0.0,0,0.0,1.0,0.0,0.0,0
0,1.0,1.0,0.0,0.0,0,0.0,1.0,0.0,0.0,0
0,1.0,0.0,1.0,0.0,0,0.0,-1.0,0.800000011920929,0.8,3
0,1.0,0.0,1.0,0.0,0,0.0,-1.0,0.875,0.5,2
0,1.0,0.0,1.0,0.0,0,0.0,-1.0,0.925000011920929,0.3,1
0,1.0,0.0,1.0,0.0,0,0.0,-1.0,0.925000011920929,0.3,0
0,1.0,0.0,1.0,0.0,0,0.0,-1.0,0.550000011920929,1.0,1
0,1.0,0.0,1.0,0.0,0,0.0,-1.0,0.75,1.0,2
0,1.0,1.0,0.0,0.0,0,0.0,1.0,0.0,0.0,0
0,1.0,0.0,1.0,0.0,0,0.0,-1.0,0.9500000476837158,0.2,1
0,1.0,0.0,1.0,0.0,0,0.0,-1.0,0.9099999666213989,0.3,1
0,1.0,0.0,1.0,0.0,0,0.0,-1.0,0.9500000476837158,0.2,1
0,1.0,0.0,1.0,0.0,0,0.0,-1.0,0.9100000262260437,0.2,3
0,1.0,0.0,1.0,0.0,0,0.0,-1.0,0.7749999761581421,0.5,0
0,1.0,0.0,1.0,0.0,0,0.0,-1.0,0.940000057220459,0.2,1
0,1.0,1.0,0.0,0.0,0,0.0,1.0,0.0,0.0,0
0,1.0,0.0,1.0,0.0,0,0.0,-1.0,0.925000011920929,0.3,1
0,1.0,0.0,1.0,0.0,0,0.0,-1.0,0.7999999523162842,0.5,3
0,1.0,1.0,0.0,0.0,0,0.0,1.0,0.0,0.0,0
0,1.0,1.0,0.0,0.0,0,0.0,1.0,0.0,0.0,0
0,1.0,1.0,0.0,0.0,0,0.0,1.0,0.0,0.0,0
0,1.0,1.0,0.0,0.0,0,0.0,1.0,0.0,0.0,0
0,1.0,1.0,0.0,0.0,0,0.0,1.0,0.0,0.0,0
0,1.0,1.0,0.0,0.0,0,0.0,1.0,0.0,0.0,0
0,1.0,0.0,1.0,0.0,0,0.0,-1.0,0.9099999666213989,0.3,1
0,1.0,0.0,1.0,0.0,0,0.0,-1.0,0.7749999761581421,0.5,1
0,1.0,0.0,1.0,0.0,0,0.0,-1.0,0.9200000166893005,0.2,2
0,1.0,0.0,1.0,0.0,0,0.0,-1.0,0.75,1.0,1
0,1.0,0.0,1.0,0.0,0,0.0,-1.0,0.9500000476837158,0.2,1
0,1.0,0.0,1.0,0.0,0,0.0,-1.0,0.9100000262260437,0.2,3
0,1.0,0.0,1.0,0.0,0,0.0,-1.0,0.9099999666213989,0.3,3
0,1.0,0.0,1.0,0.0,0,0.0,-1.0,0.800000011920929,0.8,0
0,1.0,1.0,0.0,0.0,0,0.0,1.0,0.0,0.0,0
0,1.0,0.0,1.0,0.0,0,0.0,-1.0,0.7000000476837158,1.0,1
0,1.0,0.0,1.0,0.0,0,0.0,-1.0,0.7599999904632568,0.8,0
0,1.0,1.0,0.0,0.0,0,0.0,1.0,0.0,0.0,0
0,1.0,1.0,0.0,0.0,0,0.0,1.0,0.0,0.0,0
0,1.0,1.0,0.0,0.0,0,0.0,1.0,0.0,0.0,0
0,1.0,1.0,0.0,0.0,0,0.0,1.0,0.0,0.0,0
0,1.0,0.0,1.0,0.0,0,0.0,-1.0,0.925000011920929,0.3,2
0,1.0,0.0,1.0,0.0,0,0.0,-1.0,0.7999999523162842,0.5,1
0,1.0,1.0,0.0,0.0,0,0.0,1.0,0.0,0.0,0
0,1.0,1.0,0.0,0.0,0,0.0,1.0,0.0,0.0,0
0,1.0,0.0,1.0,0.0,0,0.0,-1.0,0.940000057220459,0.2,2
0,1.0,0.0,1.0,0.0,0,0.0,-1.0,0.5999999642372131,1.0,0
0,1.0,0.0,1.0,0.0,0,0.0,-1.0,0.75,1.0,3
0,1.0,0.0,1.0,0.0,0,0.0,-1.0,0.7599999904632568,0.8,2
0,1.0,0.0,1.0,0.0,0,0.0,-1.0,0.75,1.0,2
0,1.0,0.0,1.0,0.0,0,0.0,-1.0,0.925000011920929,0.3,1
0,1.0,0.0,1.0,0.0,0,0.0,-1.0,0.9500000476837158,0.2,3
0,1.0,1.0,0.0,0.0,0,0.0,1.0,0.0,0.0,0
0,1.0,0.0,1.0,0.0,0,0.0,-1.0,0.9500000476837158,0.2,0
0,1.0,0.0,1.0,0.0,0,0.0,-1.0,0.7999999523162842,0.5,3
0,1.0,1.0,0.0,0.0,0,0.0,1.0,0.0,0.0,0
0,1.0,0.0,1.0,0.0,0,0.0,-1.0,0.7000000476837158,1.0,2
0,1.0,0.0,1.0,0.0,0,0.0,-1.0,0.800000011920929,0.8,2
0,1.0,0.0,1.0,0.0,0,0.0,-1.0,0.8500000238418579,0.5,3
0,1.0,0.0,1.0,0.0,0,0.0,-1.0,0.5999999642372131,1.0,2
0,1.0,1.0,0.0,0.0,0,0.0,1.0,0.0,0.0,0
0,1.0,1.0,0.0,0.0,0,0.0,1.0,0.0,0.0,0
0,1.0,0.0,1.0,0.0,0,0.0,-1.0,0.9500000476837158,0.2,2
0,1.0,0.0,1.0,0.0,0,0.0,-1.0,0.9200000166893005,0.2,2
0,1.0,0.0,1.0,0.0,0,0.0,-1.0,0.925000011920929,0.3,2
0,1.0,1.0,0.0,0.0,0,0.0,1.0,0.0,0.0,0
0,1.0,1.0,0.0,0.0,0,0.0,1.0,0.0,0.0,0
0,1.0,0.0,1.0,0.0,0,0.0,-1.0,0.7000000476837158,1.0,0
0,1.0,0.0,1.0,0.0,0,0.0,-1.0,0.9100000262260437,0.2,2
0,1.0,0.0,1.0,0.0,0,0.0,-1.0,0.7999999523162842,0.5,3
0,1.0,0.0,1.0,0.0,0,0.0,-1.0,0.875,0.5,0
0,1.0,0.0,1.0,0.0,0,0.0,-1.0,0.875,0.5,1
0,1.0,1.0,0.0,0.0,0,0.0,1.0,0.0,0.0,0
0,1.0,0.0,1.0,0.0,0,0.0,-1.0,0.7999999523162842,0.5,2
0,1.0,0.0,1.0,0.0,0,0.0,-1.0,0.9099999666213989,0.3,3
0,1.0,0.0,1.0,0.0,0,0.0,-1.0,0.9500000476837158,0.2,0
0,1.0,0.0,1.0,0.0,0,0.0,-1.0,0.800000011920929,0.8,1
0,1.0,1.0,0.0,0.0,0,0.0,1.0,0.0,0.0,0
0,1.0,0.0,1.0,0.0,0,0.0,-1.0,0.875,0.5,3
0,1.0,0.0,1.0,0.0,0,0.0,-1.0,0.7749999761581421,0.5,2
0,1.0,0.0,1.0,0.0,0,0.0,-1.0,0.800000011920929,0.8,3
0,1.0,1.0,0.0,0.0,0,0.0,1.0,0.0,0.0,0
0,1.0,1.0,0.0,0.0,0,0.0,1.0,0.0,0.0,0
0,1.0,1.0,0.0,0.0,0,0.0,1.0,0.0,0.0,0
0,1.0,1.0,0.0,0.0,0,0.0,1.0,0.0,0.0,0
0,1.0,0.0,1.0,0.0,0,0.0,-1.0,0.925000011920929,0.3,2
0,1.0,1.0,0.0,0.0,0,0.0,1.0,0.0,0.0,0
0,1.0,0.0,1.0,0.0,0,0.0,-1.0,0.7999999523162842,0.5,3
0,1.0,0.0,1.0,0.0,0,0.0,-1.0,0.75,1.0,2
0,1.0,1.0,0.0,0.0,0,0.0,1.0,0.0,0.0,0
0,1.0,0.0,1.0,0.0,0,0.0,-1.0,0.9500000476837158,0.2,2
0,1.0,1.0,0.0,0.0,0,0.0,1.0,0.0,0.0,0
0,1.0,0.0,1.0,0.0,0,0.0,-1.0,0.800000011920929,0.8,1
0,1.0,1.0,0.0,0.0,0,0.0,1.0,0.0,0.0,0
0,1.0,0.0,1.0,0.0,0,0.0,-1.0,0.75,1.0,3
0,1.0,1.0,0.0,0.0,0,0.0,1.0,0.0,0.0,0
0,1.0,0.0,1.0,0.0,0,0.0,-1.0,0.925000011920929,0.3,2
0,1.0,0.0,1.0,0.0,0,0.0,-1.0,0.800000011920929,0.8,2
0,1.0,0.0,1.0,0.0,0,0.0,-1.0,0.7999999523162842,0.5,1
0,1.0,0.0,1.0,0.0,0,0.0,-1.0,0.9500000476837158,0.2,1
0,1.0,0.0,1.0,0.0,0,0.0,-1.0,0.7599999904632568,0.8,3
0,1.0,0.0,1.0,0.0,0,0.0,-1.0,0.5999999642372131,1.0,3
0,1.0,0.0,1.0,0.0,0,0.0,-1.0,0.800000011920929,0.8,2
0,1.0,0.0,1.0,0.0,0,0.0,-1.0,0.9200000166893005,0.2,3
0,1.0,0.0,1.0,0.0,0,0.0,-1.0,0.75,1.0,3
0,1.0,1.0,0.0,0.0,0,0.0,1.0,0.0,0.0,0
0,1.0,0.0,1.0,0.0,0,0.0,-1.0,0.925000011920929,0.3,3
0,1.0,0.0,1.0,0.0,0,0.0,-1.0,0.8500000238418579,0.5,1
0,1.0,0.0,1.0,0.0,0,0.0,-1.0,0.9099999666213989,0.3,3
0,1.0,1.0,0.0,0.0,0,0.0,1.0,0.0,0.0,0
0,1.0,1.0,0.0,0.0,0,0.0,1.0,0.0,0.0,0
0,1.0,0.0,1.0,0.0,0,0.0,-1.0,0.9099999666213989,0.3,3
0,1.0,0.0,1.0,0.0,0,0.0,-1.0,0.9099999666213989,0.3,1
0,1.0,1.0,0.0,0.0,0,0.0,1.0,0.0,0.0,0
0,1.0,0.0,1.0,0.0,0,0.0,-1.0,0.7599999904632568,0.8,0
0,1.0,0.0,1.0,0.0,0,0.0,-1.0,0.9200000166893005,0.2,0
0,1.0,1.0,0.0,0.0,0,0.0,1.0,0.0,0.0,0
0,1.0,1.0,0.0,0.0,0,0.0,1.0,0.0,0.0,0
0,1.0,0.0,1.0,0.0,0,0.0,-1.0,0.9500000476837158,0.2,0
0,1.0,0.0,1.0,0.0,0,0.0,-1.0,0.7000000476837158,1.0,2
0,1.0,1.0,0.0,0.0,0,0.0,1.0,0.0,0.0,0
0,1.0,0.0,1.0,0.0,0,0.0,-1.0,0.9099999666213989,0.3,1
0,1.0,1.0,0.0,0.0,0,0.0,1.0,0.0,0.0,0
0,1.0,1.0,0.0,0.0,0,0.0,1.0,0.0,0.0,0
0,1.0,0.0,1.0,0.0,0,0.0,-1.0,0.8500000238418579,0.5,0
0,1.0,1.0,0.0,0.0,0,0.0,1.0,0.0,0.0,0
0,1.0,1.0,0.0,0.0,0,0.0,1.0,0.0,0.0,0
0,1.0,1.0,0.0,0.0,0,0.0,1.0,0.0,0.0,0
0,1.0,0.0,1.0,0.0,0,0.0,-1.0,0.7599999904632568,0.8,2
0,1.0,0.0,1.0,0.0,0,0.0,-1.0,0.925000011920929,0.3,2
0,1.0,0.0,1.0,0.0,0,0.0,-1.0,0.875,0.5,2
0,1.0,0.0,1.0,0.0,0,0.0,-1.0,0.800000011920929,0.8,1
0,1.0,0.0,1.0,0.0,0,0.0,-1.0,0.9500000476837158,0.2,0
0,1.0,0.0,1.0,0.0,0,0.0,-1.0,0.9099999666213989,0.3,3
0,1.0,0.0,1.0,0.0,0,0.0,-1.0,0.8500000238418579,0.5,0
0,1.0,0.0,1.0,0.0,0,0.0,-1.0,0.925000011920929,0.3,1
0,1.0,0.0,1.0,0.0,0,0.0,-1.0,0.925000011920929,0.3,1
0,1.0,0.0,1.0,0.0,0,0.0,-1.0,0.7749999761581421,0.5,0
0,1.0,0.0,1.0,0.0,0,0.0,-1.0,0.75,1.0,0
0,1.0,0.0,1.0,0.0,0,0.0,-1.0,0.9099999666213989,0.3,3
0,1.0,1.0,0.0,0.0,0,0.0,1.0,0.0,0.0,0
0,1.0,1.0,0.0,0.0,0,0.0,1.0,0.0,0.0,0
0,1.0,0.0,1.0,0.0,0,0.0,-1.0,0.6800000071525574,0.8,1
0,1.0,0.0,1.0,0.0,0,0.0,-1.0,0.7999999523162842,0.5,3
0,1.0,0.0,1.0,0.0,0,0.0,-1.0,0.875,0.5,3
0,1.0,0.0,1.0,0.0,0,0.0,-1.0,0.9200000166893005,0.2,1
0,1.0,1.0,0.0,0.0,0,0.0,1.0,0.0,0.0,0
0,1.0,0.0,1.0,0.0,0,0.0,-1.0,0.9500000476837158,0.2,1
0,1.0,0.0,1.0,0.0,0,0.0,-1.0,0.6800000071525574,0.8,3
0,1.0,0.0,1.0,0.0,0,0.0,-1.0,0.8500000238418579,0.5,0
0,1.0,0.0,1.0,0.0,0,0.0,-1.0,0.940000057220459,0.2,3
0,1.0,0.0,1.0,0.0,0,0.0,-1.0,0.6800000071525574,0.8,0
0,1.0,0.0,1.0,0.0,0,0.0,-1.0,0.800000011920929,0.8,1
0,1.0,0.0,1.0,0.0,0,0.0,-1.0,0.940000057220459,0.2,2
0,1.0,0.0,1.0,0.0,0,0.0,-1.0,0.9500000476837158,0.2,0
0,1.0,0.0,1.0,0.0,0,0.0,-1.0,0.925000011920929,0.3,1
0,1.0,0.0,1.0,0.0,0,0.0,-1.0,0.9100000262260437,0.2,0
0,1.0,0.0,1.0,0.0,0,0.0,-1.0,0.9099999666213989,0.3,0
0,1.0,1.0,0.0,0.0,0,0.0,1.0,0.0,0.0,0
0,1.0,0.0,1.0,0.0,0,0.0,-1.0,0.8500000238418579,0.5,2
0,1.0,1.0,0.0,0.0,0,0.0,1.0,0.0,0.0,0
0,1.0,0.0,1.0,0.0,0,0.0,-1.0,0.9500000476837158,0.2,2
0,1.0,0.0,1.0,0.0,0,0.0,-1.0,0.925000011920929,0.3,0
0,1.0,0.0,1.0,0.0,0,0.0,-1.0,0.875,0.5,0
0,1.0,0.0,1.0,0.0,0,0.0,-1.0,0.75,1.0,0
0,1.0,0.0,1.0,0.0,0,0.0,-1.0,0.5999999642372131,1.0,1
0,1.0,0.0,1.0,0.0,0,0.0,-1.0,0.5999999642372131,1.0,1
0,1.0,1.0,0.0,0.0,0,0.0,1.0,0.0,0.0,0
0,1.0,0.0,1.0,0.0,0,0.0,-1.0,0.875,0.5,1
0,1.0,1.0,0.0,0.0,0,0.0,1.0,0.0,0.0,0
0,1.0,0.0,1.0,0.0,0,0.0,-1.0,0.800000011920929,0.8,1
0,1.0,1.0,0.0,0.0,0,0.0,1.0,0.0,0.0,0
0,1.0,0.0,1.0,0.0,0,0.0,-1.0,0.9099999666213989,0.3,2
0,1.0,0.0,1.0,0.0,0,0.0,-1.0,0.940000057220459,0.2,3
0,1.0,0.0,1.0,0.0,0,0.0,-1.0,0.925000011920929,0.3,0
0,1.0,1.0,0.0,0.0,0,0.0,1.0,0.0,0.0,0
0,1.0,0.0,1.0,0.0,0,0.0,-1.0,0.800000011920929,0.8,0
0,1.0,1.0,0.0,0.0,0,0.0,1.0,0.0,0.0,0
0,1.0,0.0,1.0,0.0,0,0.0,-1.0,0.925000011920929,0.3,0
0,1.0,1.0,0.0,0.0,0,0.0,1.0,0.0,0.0,0
0,1.0,1.0,0.0,0.0,0,0.0,1.0,0.0,0.0,0
0,1.0,0.0,1.0,0.0,0,0.0,-1.0,0.9099999666213989,0.3,2
0,1.0,0.0,1.0,0.0,0,0.0,-1.0,0.6399999856948853,0.8,1
0,1.0,0.0,1.0,0.0,0,0.0,-1.0,0.925000011920929,0.3,0
0,1.0,1.0,0.0,0.0,0,0.0,1.0,0.0,0.0,0
0,1.0,0.0,1.0,0.0,0,0.0,-1.0,0.925000011920929,0.3,3
0,1.0,1.0,0.0,0.0,0,0.0,1.0,0.0,0.0,0
0,1.0,0.0,1.0,0.0,0,0.0,-1.0,0.75,1.0,1
0,1.0,0.0,1.0,0.0,0,0.0,-1.0,0.7999999523162842,0.5,3
0,1.0,0.0,1.0,0.0,0,0.0,-1.0,0.800000011920929,0.8,2
0,1.0,0.0,1.0,0.0,0,0.0,-1.0,0.9500000476837158,0.2,2
0,1.0,0.0,1.0,0.0,0,0.0,-1.0,0.875,0.5,1
0,1.0,0.0,1.0,0.0,0,0.0,-1.0,0.800000011920929,0.8,3
0,1.0,0.0,1.0,0.0,0,0.0,-1.0,0.9200000166893005,0.2,2
0,1.0,0.0,1.0,0.0,0,0.0,-1.0,0.940000057220459,0.2,2
0,1.0,0.0,1.0,0.0,0,0.0,-1.0,0.7749999761581421,0.5,1
0,1.0,0.0,1.0,0.0,0,0.0,-1.0,0.800000011920929,0.8,1
0,1.0,1.0,0.0,0.0,0,0.0,1.0,0.0,0.0,0
0,1.0,0.0,1.0,0.0,0,0.0,-1.0,0.7749999761581421,0.5,0
0,1.0,0.0,1.0,0.0,0,0.0,-1.0,0.9100000262260437,0.2,2
0,1.0,0.0,1.0,0.0,0,0.0,-1.0,0.6800000071525574,0.8,0
0,1.0,0.0,1.0,0.0,0,0.0,-1.0,0.9099999666213989,0.3,0
0,1.0,1.0,0.0,0.0,0,0.0,1.0,0.0,0.0,0
0,1.0,0.0,1.0,0.0,0,0.0,-1.0,0.7000000476837158,1.0,2
0,1.0,1.0,0.0,0.0,0,0.0,1.0,0.0,0.0,0
0,1.0,0.0,1.0,0.0,0,0.0,-1.0,0.9500000476837158,0.2,2
0,1.0,0.0,1.0,0.0,0,0.0,-1.0,0.875,0.5,2
0,1.0,0.0,1.0,0.0,0,0.0,-1.0,0.8500000238418579,0.5,3
0,1.0,0.0,1.0,0.0,0,0.0,-1.0,0.9500000476837158,0.2,1
0,1.0,1.0,0.0,0.0,0,0.0,1.0,0.0,0.0,0
0,1.0,0.0,1.0,0.0,0,0.0,-1.0,0.9500000476837158,0.2,0
0,1.0,0.0,1.0,0.0,0,0.0,-1.0,0.9500000476837158,0.2,1
0,1.0,1.0,0.0,0.0,0,0.0,1.0,0.0,0.0,0
0,1.0,0.0,1.0,0.0,0,0.0,-1.0,0.875,0.5,3
0,1.0,0.0,1.0,0.0,0,0.0,-1.0,0.9500000476837158,0.2,1
0,1.0,1.0,0.0,0.0,0,0.0,1.0,0.0,0.0,0
0,1.0,0.0,1.0,0.0,0,0.0,-1.0,0.550000011920929,1.0,2
0,1.0,0.0,1.0,0.0,0,0.0,-1.0,0.875,0.5,1
0,1.0,1.0,0.0,0.0,0,0.0,1.0,0.0,0.0,0
0,1.0,1.0,0.0,0.0,0,0.0,1.0,0.0,0.0,0
0,1.0,0.0,1.0,0.0,0,0.0,-1.0,0.875,0.5,2
0,1.0,1.0,0.0,0.0,0,0.0,1.0,0.0,0.0,0
0,1.0,0.0,1.0,0.0,0,0.0,-1.0,0.7749999761581421,0.5,3
0,1.0,0.0,1.0,0.0,0,0.0,-1.0,0.925000011920929,0.3,2
0,1.0,1.0,0.0,0.0,0,0.0,1.0,0.0,0.0,0
0,1.0,1.0,0.0,0.0,0,0.0,1.0,0.0,0.0,0
0,1.0,1.0,0.0,0.0,0,0.0,1.0,0.0,0.0,0
0,1.0,0.0,1.0,0.0,0,0.0,-1.0,0.7999999523162842,0.5,0
0,1.0,0.0,1.0,0.0,0,0.0,-1.0,0.8500000238418579,0.5,3
0,1.0,0.0,1.0,0.0,0,0.0,-1.0,0.6399999856948853,0.8,0
0,1.0,0.0,1.0,0.0,0,0.0,-1.0,0.9500000476837158,0.2,1
0,1.0,0.0,1.0,0.0,0,0.0,-1.0,0.925000011920929,0.3,1
0,1.0,0.0,1.0,0.0,0,0.0,-1.0,0.7999999523162842,0.5,0
0,1.0,1.0,0.0,0.0,0,0.0,1.0,0.0,0.0,0
0,1.0,0.0,1.0,0.0,0,0.0,-1.0,0.800000011920929,0.8,3
0,1.0,0.0,1.0,0.0,0,0.0,-1.0,0.9099999666213989,0.3,3
0,1.0,1.0,0.0,0.0,0,0.0,1.0,0.0,0.0,0
0,1.0,0.0,1.0,0.0,0,0.0,-1.0,0.7999999523162842,0.5,3
0,1.0,0.0,1.0,0.0,0,0.0,-1.0,0.9100000262260437,0.2,3
0,1.0,1.0,0.0,0.0,0,0.0,1.0,0.0,0.0,0
0,1.0,0.0,1.0,0.0,0,0.0,-1.0,0.9200000166893005,0.2,3
0,1.0,0.0,1.0,0.0,0,0.0,-1.0,0.7749999761581421,0.5,3
0,1.0,0.0,1.0,0.0,0,0.0,-1.0,0.5999999642372131,1.0,2
0,1.0,0.0,1.0,0.0,0,0.0,-1.0,0.75,1.0,1
0,1.0,1.0,0.0,0.0,0,0.0,1.0,0.0,0.0,0
0,1.0,1.0,0.0,0.0,0,0.0,1.0,0.0,0.0,0
0,1.0,0.0,1.0,0.0,0,0.0,-1.0,0.9500000476837158,0.2,1
0,1.0,0.0,1.0,0.0,0,0.0,-1.0,0.925000011920929,0.3,2
0,1.0,0.0,1.0,0.0,0,0.0,-1.0,0.5999999642372131,1.0,1
0,1.0,0.0,1.0,0.0,0,0.0,-1.0,0.800000011920929,0.8,0
0,1.0,0.0,1.0,0.0,0,0.0,-1.0,0.6800000071525574,0.8,0
0,1.0,0.0,1.0,0.0,0,0.0,-1.0,0.875,0.5,2
0,1.0,0.0,1.0,0.0,0,0.0,-1.0,0.7599999904632568,0.8,1
0,1.0,0.0,1.0,0.0,0,0.0,-1.0,0.875,0.5,2
0,1.0,0.0,1.0,0.0,0,0.0,-1.0,0.9500000476837158,0.2,2
0,1.0,0.0,1.0,0.0,0,0.0,-1.0,0.875,0.5,2
0,1.0,1.0,0.0,0.0,0,0.0,1.0,0.0,0.0,0
0,1.0,0.0,1.0,0.0,0,0.0,-1.0,0.9500000476837158,0.2,0
0,1.0,0.0,1.0,0.0,0,0.0,-1.0,0.8500000238418579,0.5,3
0,1.0,1.0,0.0,0.0,0,0.0,1.0,0.0,0.0,0
0,1.0,0.0,1.0,0.0,0,0.0,-1.0,0.925000011920929,0.3,0
0,1.0,0.0,1.0,0.0,0,0.0,-1.0,0.5999999642372131,1.0,3
0,1.0,0.0,1.0,0.0,0,0.0,-1.0,0.9500000476837158,0.2,2
0,1.0,0.0,1.0,0.0,0,0.0,-1.0,0.875,0.5,2
0,1.0,1.0,0.0,0.0,0,0.0,1.0,0.0,0.0,0
0,1.0,0.0,1.0,0.0,0,0.0,-1.0,0.5999999642372131,1.0,2
0,1.0,1.0,0.0,0.0,0,0.0,1.0,0.0,0.0,0
0,1.0,0.0,1.0,0.0,0,0.0,-1.0,0.875,0.5,0
0,1.0,0.0,1.0,0.0,0,0.0,-1.0,0.7999999523162842,0.5,2
0,1.0,0.0,1.0,0.0,0,0.0,-1.0,0.9200000166893005,0.2,3
0,1.0,1.0,0.0,0.0,0,0.0,1.0,0.0,0.0,0
0,1.0,0.0,1.0,0.0,0,0.0,-1.0,0.925000011920929,0.3,2
0,1.0,0.0,1.0,0.0,0,0.0,-1.0,0.940000057220459,0.2,0
0,1.0,0.0,1.0,0.0,0,0.0,-1.0,0.7599999904632568,0.8,0
0,1.0,0.0,1.0,0.0,0,0.0,-1.0,0.940000057220459,0.2,3
0,1.0,0.0,1.0,0.0,0,0.0,-1.0,0.9099999666213989,0.3,2
0,1.0,0.0,1.0,0.0,0,0.0,-1.0,0.925000011920929,0.3,3
0,1.0,1.0,0.0,0.0,0,0.0,1.0,0.0,0.0,0
0,1.0,0.0,1.0,0.0,0,0.0,-1.0,0.9200000166893005,0.2,2
0,1.0,0.0,1.0,0.0,0,0.0,-1.0,0.7999999523162842,0.5,1
0,1.0,0.0,1.0,0.0,0,0.0,-1.0,0.925000011920929,0.3,0
0,1.0,1.0,0.0,0.0,0,0.0,1.0,0.0,0.0,0
0,1.0,1.0,0.0,0.0,0,0.0,1.0,0.0,0.0,0
0,1.0,0.0,1.0,0.0,0,0.0,-1.0,0.9200000166893005,0.2,0
0,1.0,0.0,1.0,0.0,0,0.0,-1.0,0.6399999856948853,0.8,2
0,1.0,0.0,1.0,0.0,0,0.0,-1.0,0.7999999523162842,0.5,2
0,1.0,0.0,1.0,0.0,0,0.0,-1.0,0.9500000476837158,0.2,1
0,1.0,1.0,0.0,0.0,0,0.0,1.0,0.0,0.0,0
0,1.0,0.0,1.0,0.0,0,0.0,-1.0,0.75,1.0,2
0,1.0,0.0,1.0,0.0,0,0.0,-1.0,0.7749999761581421,0.5,2
0,1.0,0.0,1.0,0.0,0,0.0,-1.0,0.75,1.0,0
0,1.0,1.0,0.0,0.0,0,0.0,1.0,0.0,0.0,0
0,1.0,0.0,1.0,0.0,0,0.0,-1.0,0.8500000238418579,0.5,1
0,1.0,0.0,1.0,0.0,0,0.0,-1.0,0.75,1.0,0
0,1.0,1.0,0.0,0.0,0,0.0,1.0,0.0,0.0,0
0,1.0,0.0,1.0,0.0,0,0.0,-1.0,0.940000057220459,0.2,0
0,1.0,1.0,0.0,0.0,0,0.0,1.0,0.0,0.0,0
0,1.0,1.0,0.0,0.0,0,0.0,1.0,0.0,0.0,0
0,1.0,1.0,0.0,0.0,0,0.0,1.0,0.0,0.0,0
0,1.0,1.0,0.0,0.0,0,0.0,1.0,0.0,0.0,0
0,1.0,0.0,1.0,0.0,0,0.0,-1.0,0.9099999666213989,0.3,3
0,1.0,1.0,0.0,0.0,0,0.0,1.0,0.0,0.0,0
0,1.0,0.0,1.0,0.0,0,0.0,-1.0,0.9500000476837158,0.2,3
0,1.0,1.0,0.0,0.0,0,0.0,1.0,0.0,0.0,0
0,1.0,1.0,0.0,0.0,0,0.0,1.0,0.0,0.0,0
0,1.0,0.0,1.0,0.0,0,0.0,-1.0,0.5999999642372131,1.0,1
0,1.0,1.0,0.0,0.0,0,0.0,1.0,0.0,0.0,0
0,1.0,0.0,1.0,0.0,0,0.0,-1.0,0.550000011920929,1.0,1
0,1.0,0.0,1.0,0.0,0,0.0,-1.0,0.5999999642372131,1.0,3
0,1.0,0.0,1.0,0.0,0,0.0,-1.0,0.75,1.0,1
0,1.0,0.0,1.0,0.0,0,0.0,-1.0,0.9099999666213989,0.3,3
0,1.0,0.0,1.0,0.0,0,0.0,-1.0,0.6399999856948853,0.8,3
0,1.0,0.0,1.0,0.0,0,0.0,-1.0,0.75,1.0,0
0,1.0,0.0,1.0,0.0,0,0.0,-1.0,0.9099999666213989,0.3,3
0,1.0,1.0,0.0,0.0,0,0.0,1.0,0.0,0.0,0
0,1.0,0.0,1.0,0.0,0,0.0,-1.0,0.8500000238418579,0.5,3
0,1.0,1.0,0.0,0.0,0,0.0,1.0,0.0,0.0,0
0,1.0,0.0,1.0,0.0,0,0.0,-1.0,0.925000011920929,0.3,0
0,1.0,0.0,1.0,0.0,0,0.0,-1.0,0.9099999666213989,0.3,2
0,1.0,1.0,0.0,0.0,0,0.0,1.0,0.0,0.0,0
0,1.0,1.0,0.0,0.0,0,0.0,1.0,0.0,0.0,0
0,1.0,0.0,1.0,0.0,0,0.0,-1.0,0.9200000166893005,0.2,3
0,1.0,0.0,1.0,0.0,0,0.0,-1.0,0.5999999642372131,1.0,0
0,1.0,0.0,1.0,0.0,0,0.0,-1.0,0.9200000166893005,0.2,1
0,1.0,1.0,0.0,0.0,0,0.0,1.0,0.0,0.0,0
0,1.0,1.0,0.0,0.0,0,0.0,1.0,0.0,0.0,0
0,1.0,0.0,1.0,0.0,0,0.0,-1.0,0.9500000476837158,0.2,1
0,1.0,0.0,1.0,0.0,0,0.0,-1.0,0.7599999904632568,0.8,3
0,1.0,1.0,0.0,0.0,0,0.0,1.0,0.0,0.0,0
0,1.0,0.0,1.0,0.0,0,0.0,-1.0,0.925000011920929,0.3,3
0,1.0,1.0,0.0,0.0,0,0.0,1.0,0.0,0.0,0
0,1.0,0.0,1.0,0.0,0,0.0,-1.0,0.75,1.0,2
0,1.0,0.0,1.0,0.0,0,0.0,-1.0,0.800000011920929,0.8,3
0,1.0,0.0,1.0,0.0,0,0.0,-1.0,0.9100000262260437,0.2,3
0,1.0,0.0,1.0,0.0,0,0.0,-1.0,0.940000057220459,0.2,2
0,1.0,1.0,0.0,0.0,0,0.0,1.0,0.0,0.0,0
0,1.0,0.0,1.0,0.0,0,0.0,-1.0,0.6800000071525574,0.8,1
0,1.0,0.0,1.0,0.0,0,0.0,-1.0,0.925000011920929,0.3,2
0,1.0,0.0,1.0,0.0,0,0.0,-1.0,0.925000011920929,0.3,3
0,1.0,0.0,1.0,0.0,0,0.0,-1.0,0.5999999642372131,1.0,3
0,1.0,0.0,1.0,0.0,0,0.0,-1.0,0.7749999761581421,0.5,1
0,1.0,0.0,1.0,0.0,0,0.0,-1.0,0.9500000476837158,0.2,0
0,1.0,0.0,1.0,0.0,0,0.0,-1.0,0.7599999904632568,0.8,3
0,1.0,1.0,0.0,0.0,0,0.0,1.0,0.0,0.0,0
0,1.0,1.0,0.0,0.0,0,0.0,1.0,0.0,0.0,0
0,1.0,0.0,1.0,0.0,0,0.0,-1.0,0.9200000166893005,0.2,0
0,1.0,0.0,1.0,0.0,0,0.0,-1.0,0.6800000071525574,0.8,0
0,1.0,0.0,1.0,0.0,0,0.0,-1.0,0.875,0.5,0
0,1.0,0.0,1.0,0.0,0,0.0,-1.0,0.7999999523162842,0.5,1
0,1.0,0.0,1.0,0.0,0,0.0,-1.0,0.9500000476837158,0.2,0
0,1.0,0.0,1.0,0.0,0,0.0,-1.0,0.75,1.0,1
0,1.0,0.0,1.0,0.0,0,0.0,-1.0,0.875,0.5,2
0,1.0,0.0,1.0,0.0,0,0.0,-1.0,0.7000000476837158,1.0,0
0,1.0,0.0,1.0,0.0,0,0.0,-1.0,0.940000057220459,0.2,2
0,1.0,0.0,1.0,0.0,0,0.0,-1.0,0.925000011920929,0.3,0
0,1.0,0.0,1.0,0.0,0,0.0,-1.0,0.925000011920929,0.3,0
0,1.0,1.0,0.0,0.0,0,0.0,1.0,0.0,0.0,0
0,1.0,0.0,1.0,0.0,0,0.0,-1.0,0.925000011920929,0.3,2
0,1.0,1.0,0.0,0.0,0,0.0,1.0,0.0,0.0,0
0,1.0,1.0,0.0,0.0,0,0.0,1.0,0.0,0.0,0
0,1.0,1.0,0.0,0.0,0,0.0,1.0,0.0,0.0,0
0,1.0,0.0,1.0,0.0,0,0.0,-1.0,0.7599999904632568,0.8,1
0,1.0,1.0,0.0,0.0,0,0.0,1.0,0.0,0.0,0
0,1.0,0.0,1.0,0.0,0,0.0,-1.0,0.9500000476837158,0.2,1
0,1.0,0.0,1.0,0.0,0,0.0,-1.0,0.5999999642372131,1.0,0
0,1.0,0.0,1.0,0.0,0,0.0,-1.0,0.75,1.0,0
0,1.0,0.0,1.0,0.0,0,0.0,-1.0,0.9500000476837158,0.2,0
0,1.0,0.0,1.0,0.0,0,0.0,-1.0,0.875,0.5,1
0,1.0,1.0,0.0,0.0,0,0.0,1.0,0.0,0.0,0
0,1.0,0.0,1.0,0.0,0,0.0,-1.0,0.7999999523162842,0.5,3
0,1.0,0.0,1.0,0.0,0,0.0,-1.0,0.925000011920929,0.3,0
0,1.0,0.0,1.0,0.0,0,0.0,-1.0,0.6800000071525574,0.8,0
0,1.0,0.0,1.0,0.0,0,0.0,-1.0,0.800000011920929,0.8,0
0,1.0,1.0,0.0,0.0,0,0.0,1.0,0.0,0.0,0
0,1.0,0.0,1.0,0.0,0,0.0,-1.0,0.9099999666213989,0.3,0
0,1.0,0.0,1.0,0.0,0,0.0,-1.0,0.9200000166893005,0.2,0
0,1.0,0.0,1.0,0.0,0,0.0,-1.0,0.9200000166893005,0.2,2
0,1.0,1.0,0.0,0.0,0,0.0,1.0,0.0,0.0,0
0,1.0,0.0,1.0,0.0,0,0.0,-1.0,0.940000057220459,0.2,0
0,1.0,0.0,1.0,0.0,0,0.0,-1.0,0.875,0.5,2
0,1.0,1.0,0.0,0.0,0,0.0,1.0,0.0,0.0,0
0,1.0,1.0,0.0,0.0,0,0.0,1.0,0.0,0.0,0
0,1.0,1.0,0.0,0.0,0,0.0,1.0,0.0,0.0,0
0,1.0,1.0,0.0,0.0,0,0.0,1.0,0.0,0.0,0
0,1.0,1.0,0.0,0.0,0,0.0,1.0,0.0,0.0,0
0,1.0,0.0,1.0,0.0,0,0.0,-1.0,0.800000011920929,0.8,2
0,1.0,1.0,0.0,0.0,0,0.0,1.0,0.0,0.0,0
0,1.0,0.0,1.0,0.0,0,0.0,-1.0,0.75,1.0,2
0,1.0,0.0,1.0,0.0,0,0.0,-1.0,0.940000057220459,0.2,2
0,1.0,0.0,1.0,0.0,0,0.0,-1.0,0.7999999523162842,0.5,3
0,1.0,0.0,1.0,0.0,0,0.0,-1.0,0.75,1.0,0
0,1.0,0.0,1.0,0.0,0,0.0,-1.0,0.7000000476837158,1.0,2
0,1.0,0.0,1.0,0.0,0,0.0,-1.0,0.9099999666213989,0.3,3
0,1.0,0.0,1.0,0.0,0,0.0,-1.0,0.75,1.0,1
0,1.0,1.0,0.0,0.0,0,0.0,1.0,0.0,0.0,0
0,1.0,1.0,0.0,0.0,0,0.0,1.0,0.0,0.0,0
0,1.0,0.0,1.0,0.0,0,0.0,-1.0,0.9200000166893005,0.2,3
0,1.0,0.0,1.0,0.0,0,0.0,-1.0,0.6800000071525574,0.8,1
0,1.0,0.0,1.0,0.0,0,0.0,-1.0,0.925000011920929,0.3,3
0,1.0,0.0,1.0,0.0,0,0.0,-1.0,0.940000057220459,0.2,1
0,1.0,0.0,1.0,0.0,0,0.0,-1.0,0.925000011920929,0.3,1
0,1.0,0.0,1.0,0.0,0,0.0,-1.0,0.9200000166893005,0.2,3
0,1.0,0.0,1.0,0.0,0,0.0,-1.0,0.925000011920929,0.3,2
0,1.0,1.0,0.0,0.0,0,0.0,1.0,0.0,0.0,0
0,1.0,0.0,1.0,0.0,0,0.0,-1.0,0.925000011920929,0.3,1
0,1.0,1.0,0.0,0.0,0,0.0,1.0,0.0,0.0,0
0,1.0,1.0,0.0,0.0,0,0.0,1.0,0.0,0.0,0
0,1.0,0.0,1.0,0.0,0,0.0,-1.0,0.940000057220459,0.2,2
0,1.0,0.0,1.0,0.0,0,0.0,-1.0,0.75,1.0,1
0,1.0,0.0,1.0,0.0,0,0.0,-1.0,0.6399999856948853,0.8,2
0,1.0,0.0,1.0,0.0,0,0.0,-1.0,0.9500000476837158,0.2,1
0,1.0,0.0,1.0,0.0,0,0.0,-1.0,0.800000011920929,0.8,1
0,1.0,0.0,1.0,0.0,0,0.0,-1.0,0.9500000476837158,0.2,1
0,1.0,0.0,1.0,0.0,0,0.0,-1.0,0.800000011920929,0.8,0
0,1.0,0.0,1.0,0.0,0,0.0,-1.0,0.9200000166893005,0.2,1
0,1.0,0.0,1.0,0.0,0,0.0,-1.0,0.6800000071525574,0.8,1
0,1.0,0.0,1.0,0.0,0,0.0,-1.0,0.800000011920929,0.8,1
0,1.0,0.0,1.0,0.0,0,0.0,-1.0,0.5999999642372131,1.0,3
0,1.0,1.0,0.0,0.0,0,0.0,1.0,0.0,0.0,0
0,1.0,0.0,1.0,0.0,0,0.0,-1.0,0.9099999666213989,0.3,1
0,1.0,0.0,1.0,0.0,0,0.0,-1.0,0.800000011920929,0.8,2
0,1.0,1.0,0.0,0.0,0,0.0,1.0,0.0,0.0,0
0,1.0,0.0,1.0,0.0,0,0.0,-1.0,0.875,0.5,1
0,1.0,0.0,1.0,0.0,0,0.0,-1.0,0.9200000166893005,0.2,1
0,1.0,0.0,1.0,0.0,0,0.0,-1.0,0.7599999904632568,0.8,1
0,1.0,0.0,1.0,0.0,0,0.0,-1.0,0.75,1.0,1
0,1.0,1.0,0.0,0.0,0,0.0,1.0,0.0,0.0,0
0,1.0,0.0,1.0,0.0,0,0.0,-1.0,0.925000011920929,0.3,3
0,1.0,0.0,1.0,0.0,0,0.0,-1.0,0.5999999642372131,1.0,0
0,1.0,1.0,0.0,0.0,0,0.0,1.0,0.0,0.0,0
0,1.0,1.0,0.0,0.0,0,0.0,1.0,0.0,0.0,0
0,1.0,0.0,1.0,0.0,0,0.0,-1.0,0.9200000166893005,0.2,3
0,1.0,1.0,0.0,0.0,0,0.0,1.0,0.0,0.0,0
0,1.0,0.0,1.0,0.0,0,0.0,-1.0,0.9099999666213989,0.3,2
0,1.0,0.0,1.0,0.0,0,0.0,-1.0,0.75,1.0,1
0,1.0,0.0,1.0,0.0,0,0.0,-1.0,0.925000011920929,0.3,0
0,1.0,0.0,1.0,0.0,0,0.0,-1.0,0.9500000476837158,0.2,1
0,1.0,1.0,0.0,0.0,0,0.0,1.0,0.0,0.0,0
0,1.0,1.0,0.0,0.0,0,0.0,1.0,0.0,0.0,0
0,1.0,1.0,0.0,0.0,0,0.0,1.0,0.0,0.0,0
0,1.0,1.0,0.0,0.0,0,0.0,1.0,0.0,0.0,0
0,1.0,0.0,1.0,0.0,0,0.0,-1.0,0.875,0.5,0
0,1.0,0.0,1.0,0.0,0,0.0,-1.0,0.6800000071525574,0.8,1
0,1.0,1.0,0.0,0.0,0,0.0,1.0,0.0,0.0,0
0,1.0,1.0,0.0,0.0,0,0.0,1.0,0.0,0.0,0
0,1.0,1.0,0.0,0.0,0,0.0,1.0,0.0,0.0,0
0,1.0,0.0,1.0,0.0,0,0.0,-1.0,0.75,1.0,3
1,1.0,0.0,1.0,0.0,0,0.0,-1.0,0.6399999856948853,0.8,1
1,1.0,0.0,1.0,0.0,0,0.0,-1.0,0.800000011920929,0.8,1
1,1.0,0.0,1.0,0.0,0,0.0,-1.0,0.925000011920929,0.3,0
1,1.0,0.0,1.0,0.0,0,0.0,-1.0,0.9200000166893005,0.2,2
1,1.0,0.0,1.0,0.0,0,0.0,-1.0,0.9099999666213989,0.3,0
1,1.0,0.0,1.0,0.0,0,0.0,-1.0,0.7999999523162842,0.5,0
1,1.0,0.0,1.0,0.0,0,0.0,-1.0,0.9500000476837158,0.2,0
1,1.0,0.0,1.0,0.0,0,0.0,-1.0,0.75,1.0,0
1,1.0,0.0,1.0,0.0,0,0.0,-1.0,0.940000057220459,0.2,2
1,1.0,0.0,1.0,0.0,0,0.0,-1.0,0.875,0.5,3
1,1.0,0.0,1.0,0.0,0,0.0,-1.0,0.6399999856948853,0.8,2
1,1.0,0.0,1.0,0.0,0,0.0,-1.0,0.75,1.0,3
1,1.0,1.0,0.0,0.0,0,0.0,1.0,0.0,0.0,0
1,1.0,0.0,1.0,0.0,0,0.0,-1.0,0.940000057220459,0.2,1
1,1.0,1.0,0.0,0.0,0,0.0,1.0,0.0,0.0,0
1,1.0,0.0,1.0,0.0,0,0.0,-1.0,0.7999999523162842,0.5,2
1,1.0,0.0,1.0,0.0,0,0.0,-1.0,0.925000011920929,0.3,2
1,1.0,0.0,1.0,0.0,0,0.0,-1.0,0.925000011920929,0.3,0
1,1.0,1.0,0.0,0.0,0,0.0,1.0,0.0,0.0,0
1,1.0,1.0,0.0,0.0,0,0.0,1.0,0.0,0.0,0
1,1.0,0.0,1.0,0.0,0,0.0,-1.0,0.75,1.0,3
1,1.0,1.0,0.0,0.0,0,0.0,1.0,0.0,0.0,0
1,1.0,0.0,1.0,0.0,0,0.0,-1.0,0.9099999666213989,0.3,3
1,1.0,0.0,1.0,0.0,0,0.0,-1.0,0.875,0.5,2
1,1.0,0.0,1.0,0.0,0,0.0,-1.0,0.800000011920929,0.8,2
1,1.0,1.0,0.0,0.0,0,0.0,1.0,0.0,0.0,0
1,1.0,0.0,1.0,0.0,0,0.0,-1.0,0.6800000071525574,0.8,1
1,1.0,0.0,1.0,0.0,0,0.0,-1.0,0.9500000476837158,0.2,3
1,1.0,0.0,1.0,0.0,0,0.0,-1.0,0.9099999666213989,0.3,2
1,1.0,0.0,1.0,0.0,0,0.0,-1.0,0.9200000166893005,0.2,1
1,1.0,0.0,1.0,0.0,0,0.0,-1.0,0.925000011920929,0.3,0
1,1.0,1.0,0.0,0.0,0,0.0,1.0,0.0,0.0,0
1,1.0,1.0,0.0,0.0,0,0.0,1.0,0.0,0.0,0
1,1.0,0.0,1.0,0.0,0,0.0,-1.0,0.9200000166893005,0.2,0
1,1.0,1.0,0.0,0.0,0,0.0,1.0,0.0,0.0,0
1,1.0,1.0,0.0,0.0,0,0.0,1.0,0.0,0.0,0
1,1.0,0.0,1.0,0.0,0,0.0,-1.0,0.940000057220459,0.2,0
1,1.0,1.0,0.0,0.0,0,0.0,1.0,0.0,0.0,0
1,1.0,1.0,0.0,0.0,0,0.0,1.0,0.0,0.0,0
1,1.0,0.0,1.0,0.0,0,0.0,-1.0,0.9500000476837158,0.2,0
1,1.0,0.0,1.0,0.0,0,0.0,-1.0,0.75,1.0,0
1,1.0,0.0,1.0,0.0,0,0.0,-1.0,0.925000011920929,0.3,2
1,1.0,0.0,1.0,0.0,0,0.0,-1.0,0.925000011920929,0.3,2
1,1.0,0.0,1.0,0.0,0,0.0,-1.0,0.925000011920929,0.3,1
1,1.0,0.0,1.0,0.0,0,0.0,-1.0,0.800000011920929,0.8,0
1,1.0,0.0,1.0,0.0,0,0.0,-1.0,0.6800000071525574,0.8,3
1,1.0,1.0,0.0,0.0,0,0.0,1.0,0.0,0.0,0
1,1.0,0.0,1.0,0.0,0,0.0,-1.0,0.7000000476837158,1.0,0
1,1.0,0.0,1.0,0.0,0,0.0,-1.0,0.9200000166893005,0.2,0
1,1.0,0.0,1.0,0.0,0,0.0,-1.0,0.75,1.0,0
1,1.0,0.0,1.0,0.0,0,0.0,-1.0,0.925000011920929,0.3,1
1,1.0,0.0,1.0,0.0,0,0.0,-1.0,0.9099999666213989,0.3,3
1,1.0,0.0,1.0,0.0,0,0.0,-1.0,0.9500000476837158,0.2,3
1,1.0,0.0,1.0,0.0,0,0.0,-1.0,0.9200000166893005,0.2,3
1,1.0,0.0,1.0,0.0,0,0.0,-1.0,0.75,1.0,3
1,1.0,0.0,1.0,0.0,0,0.0,-1.0,0.9099999666213989,0.3,1
1,1.0,0.0,1.0,0.0,0,0.0,-1.0,0.925000011920929,0.3,0
1,1.0,1.0,0.0,0.0,0,0.0,1.0,0.0,0.0,0
1,1.0,0.0,1.0,0.0,0,0.0,-1.0,0.9099999666213989,0.3,2
1,1.0,0.0,1.0,0.0,0,0.0,-1.0,0.7999999523162842,0.5,0
1,1.0,1.0,0.0,0.0,0,0.0,1.0,0.0,0.0,0
1,1.0,1.0,0.0,0.0,0,0.0,1.0,0.0,0.0,0
1,1.0,0.0,1.0,0.0,0,0.0,-1.0,0.7599999904632568,0.8,3
1,1.0,0.0,1.0,0.0,0,0.0,-1.0,0.7000000476837158,1.0,1
1,1.0,0.0,1.0,0.0,0,0.0,-1.0,0.875,0.5,3
1,1.0,0.0,1.0,0.0,0,0.0,-1.0,0.75,1.0,1
1,1.0,0.0,1.0,0.0,0,0.0,-1.0,0.875,0.5,1
1,1.0,0.0,1.0,0.0,0,0.0,-1.0,0.6800000071525574,0.8,2
1,1.0,0.0,1.0,0.0,0,0.0,-1.0,0.5999999642372131,1.0,1
1,1.0,0.0,1.0,0.0,0,0.0,-1.0,0.5999999642372131,1.0,3
1,1.0,1.0,0.0,0.0,0,0.0,1.0,0.0,0.0,0
1,1.0,1.0,0.0,0.0,0,0.0,1.0,0.0,0.0,0
1,1.0,0.0,1.0,0.0,0,0.0,-1.0,0.7999999523162842,0.5,0
1,1.0,0.0,1.0,0.0,0,0.0,-1.0,0.9500000476837158,0.2,2
1,1.0,1.0,0.0,0.0,0,0.0,1.0,0.0,0.0,0
1,1.0,1.0,0.0,0.0,0,0.0,1.0,0.0,0.0,0
1,1.0,0.0,1.0,0.0,0,0.0,-1.0,0.9500000476837158,0.2,1
1,1.0,1.0,0.0,0.0,0,0.0,1.0,0.0,0.0,0
1,1.0,0.0,1.0,0.0,0,0.0,-1.0,0.7599999904632568,0.8,0
1,1.0,1.0,0.0,0.0,0,0.0,1.0,0.0,0.0,0
1,1.0,0.0,1.0,0.0,0,0.0,-1.0,0.8500000238418579,0.5,1
1,1.0,1.0,0.0,0.0,0,0.0,1.0,0.0,0.0,0
1,1.0,0.0,1.0,0.0,0,0.0,-1.0,0.75,1.0,1
1,1.0,1.0,0.0,0.0,0,0.0,1.0,0.0,0.0,0
1,1.0,0.0,1.0,0.0,0,0.0,-1.0,0.7999999523162842,0.5,1
1,1.0,0.0,1.0,0.0,0,0.0,-1.0,0.7599999904632568,0.8,2
1,1.0,0.0,1.0,0.0,0,0.0,-1.0,0.7999999523162842,0.5,3
1,1.0,0.0,1.0,0.0,0,0.0,-1.0,0.875,0.5,1
1,1.0,1.0,0.0,0.0,0,0.0,1.0,0.0,0.0,0
1,1.0,0.0,1.0,0.0,0,0.0,-1.0,0.9200000166893005,0.2,3
1,1.0,0.0,1.0,0.0,0,0.0,-1.0,0.875,0.5,2
1,1.0,1.0,0.0,0.0,0,0.0,1.0,0.0,0.0,0
1,1.0,0.0,1.0,0.0,0,0.0,-1.0,0.75,1.0,0
1,1.0,0.0,1.0,0.0,0,0.0,-1.0,0.7749999761581421,0.5,0
1,1.0,0.0,1.0,0.0,0,0.0,-1.0,0.875,0.5,1
1,1.0,1.0,0.0,0.0,0,0.0,1.0,0.0,0.0,0
1,1.0,0.0,1.0,0.0,0,0.0,-1.0,0.925000011920929,0.3,3
1,1.0,0.0,1.0,0.0,0,0.0,-1.0,0.9100000262260437,0.2,1
1,1.0,0.0,1.0,0.0,0,0.0,-1.0,0.925000011920929,0.3,1
1,1.0,0.0,1.0,0.0,0,0.0,-1.0,0.9099999666213989,0.3,2
1,1.0,0.0,1.0,0.0,0,0.0,-1.0,0.5999999642372131,1.0,0
1,1.0,0.0,1.0,0.0,0,0.0,-1.0,0.75,1.0,2
1,1.0,0.0,1.0,0.0,0,0.0,-1.0,0.925000011920929,0.3,1
1,1.0,0.0,1.0,0.0,0,0.0,-1.0,0.875,0.5,2
1,1.0,0.0,1.0,0.0,0,0.0,-1.0,0.940000057220459,0.2,2
1,1.0,0.0,1.0,0.0,0,0.0,-1.0,0.800000011920929,0.8,0
1,1.0,0.0,1.0,0.0,0,0.0,-1.0,0.550000011920929,1.0,2
1,1.0,1.0,0.0,0.0,0,0.0,1.0,0.0,0.0,0
1,1.0,1.0,0.0,0.0,0,0.0,1.0,0.0,0.0,0
1,1.0,1.0,0.0,0.0,0,0.0,1.0,0.0,0.0,0
1,1.0,0.0,1.0,0.0,0,0.0,-1.0,0.800000011920929,0.8,0
1,1.0,0.0,1.0,0.0,0,0.0,-1.0,0.5999999642372131,1.0,2
1,1.0,0.0,1.0,0.0,0,0.0,-1.0,0.9099999666213989,0.3,2
1,1.0,0.0,1.0,0.0,0,0.0,-1.0,0.7599999904632568,0.8,1
1,1.0,1.0,0.0,0.0,0,0.0,1.0,0.0,0.0,0
1,1.0,0.0,1.0,0.0,0,0.0,-1.0,0.940000057220459,0.2,2
1,1.0,1.0,0.0,0.0,0,0.0,1.0,0.0,0.0,0
1,1.0,1.0,0.0,0.0,0,0.0,1.0,0.0,0.0,0
1,1.0,1.0,0.0,0.0,0,0.0,1.0,0.0,0.0,0
1,1.0,0.0,1.0,0.0,0,0.0,-1.0,0.9500000476837158,0.2,2
1,1.0,1.0,0.0,0.0,0,0.0,1.0,0.0,0.0,0
1,1.0,0.0,1.0,0.0,0,0.0,-1.0,0.800000011920929,0.8,1
1,1.0,0.0,1.0,0.0,0,0.0,-1.0,0.9500000476837158,0.2,1
1,1.0,0.0,1.0,0.0,0,0.0,-1.0,0.925000011920929,0.3,1
1,1.0,1.0,0.0,0.0,0,0.0,1.0,0.0,0.0,0
1,1.0,0.0,1.0,0.0,0,0.0,-1.0,0.940000057220459,0.2,0
1,1.0,0.0,1.0,0.0,0,0.0,-1.0,0.925000011920929,0.3,2
1,1.0,0.0,1.0,0.0,0,0.0,-1.0,0.9500000476837158,0.2,0
1,1.0,0.0,1.0,0.0,0,0.0,-1.0,0.7000000476837158,1.0,1
1,1.0,0.0,1.0,0.0,0,0.0,-1.0,0.75,1.0,1
1,1.0,0.0,1.0,0.0,0,0.0,-1.0,0.7999999523162842,0.5,0
1,1.0,0.0,1.0,0.0,0,0.0,-1.0,0.925000011920929,0.3,0
1,1.0,0.0,1.0,0.0,0,0.0,-1.0,0.75,1.0,0
1,1.0,0.0,1.0,0.0,0,0.0,-1.0,0.8500000238418579,0.5,1
1,1.0,1.0,0.0,0.0,0,0.0,1.0,0.0,0.0,0
1,1.0,1.0,0.0,0.0,0,0.0,1.0,0.0,0.0,0
1,1.0,0.0,1.0,0.0,0,0.0,-1.0,0.6399999856948853,0.8,2
1,1.0,0.0,1.0,0.0,0,0.0,-1.0,0.7999999523162842,0.5,1
1,1.0,0.0,1.0,0.0,0,0.0,-1.0,0.9100000262260437,0.2,3
1,1.0,0.0,1.0,0.0,0,0.0,-1.0,0.9500000476837158,0.2,2
1,1.0,0.0,1.0,0.0,0,0.0,-1.0,0.9500000476837158,0.2,3
1,1.0,0.0,1.0,0.0,0,0.0,-1.0,0.6800000071525574,0.8,2
1,1.0,1.0,0.0,0.0,0,0.0,1.0,0.0,0.0,0
1,1.0,0.0,1.0,0.0,0,0.0,-1.0,0.550000011920929,1.0,2
1,1.0,0.0,1.0,0.0,0,0.0,-1.0,0.75,1.0,2
1,1.0,0.0,1.0,0.0,0,0.0,-1.0,0.9500000476837158,0.2,1
1,1.0,1.0,0.0,0.0,0,0.0,1.0,0.0,0.0,0
1,1.0,1.0,0.0,0.0,0,0.0,1.0,0.0,0.0,0
1,1.0,1.0,0.0,0.0,0,0.0,1.0,0.0,0.0,0
1,1.0,0.0,1.0,0.0,0,0.0,-1.0,0.7000000476837158,1.0,1
1,1.0,0.0,1.0,0.0,0,0.0,-1.0,0.925000011920929,0.3,3
1,1.0,1.0,0.0,0.0,0,0.0,1.0,0.0,0.0,0
1,1.0,0.0,1.0,0.0,0,0.0,-1.0,0.875,0.5,3
1,1.0,1.0,0.0,0.0,0,0.0,1.0,0.0,0.0,0
1,1.0,0.0,1.0,0.0,0,0.0,-1.0,0.6399999856948853,0.8,1
1,1.0,0.0,1.0,0.0,0,0.0,-1.0,0.6800000071525574,0.8,0
1,1.0,0.0,1.0,0.0,0,0.0,-1.0,0.7999999523162842,0.5,3
1,1.0,0.0,1.0,0.0,0,0.0,-1.0,0.9100000262260437,0.2,2
1,1.0,0.0,1.0,0.0,0,0.0,-1.0,0.5999999642372131,1.0,1
1,1.0,0.0,1.0,0.0,0,0.0,-1.0,0.925000011920929,0.3,0
1,1.0,1.0,0.0,0.0,0,0.0,1.0,0.0,0.0,0
1,1.0,0.0,1.0,0.0,0,0.0,-1.0,0.925000011920929,0.3,3
1,1.0,0.0,1.0,0.0,0,0.0,-1.0,0.875,0.5,1
1,1.0,0.0,1.0,0.0,0,0.0,-1.0,0.800000011920929,0.8,2
1,1.0,0.0,1.0,0.0,0,0.0,-1.0,0.9200000166893005,0.2,3
1,1.0,0.0,1.0,0.0,0,0.0,-1.0,0.75,1.0,0
1,1.0,0.0,1.0,0.0,0,0.0,-1.0,0.9500000476837158,0.2,3
1,1.0,0.0,1.0,0.0,0,0.0,-1.0,0.75,1.0,3
1,1.0,0.0,1.0,0.0,0,0.0,-1.0,0.7000000476837158,1.0,3
1,1.0,0.0,1.0,0.0,0,0.0,-1.0,0.550000011920929,1.0,0
1,1.0,1.0,0.0,0.0,0,0.0,1.0,0.0,0.0,0
1,1.0,0.0,1.0,0.0,0,0.0,-1.0,0.800000011920929,0.8,1
1,1.0,1.0,0.0,0.0,0,0.0,1.0,0.0,0.0,0
1,1.0,0.0,1.0,0.0,0,0.0,-1.0,0.7599999904632568,0.8,3
1,1.0,1.0,0.0,0.0,0,0.0,1.0,0.0,0.0,0
1,1.0,1.0,0.0,0.0,0,0.0,1.0,0.0,0.0,0
1,1.0,1.0,0.0,0.0,0,0.0,1.0,0.0,0.0,0
1,1.0,1.0,0.0,0.0,0,0.0,1.0,0.0,0.0,0
1,1.0,1.0,0.0,0.0,0,0.0,1.0,0.0,0.0,0
1,1.0,0.0,1.0,0.0,0,0.0,-1.0,0.925000011920929,0.3,0
1,1.0,1.0,0.0,0.0,0,0.0,1.0,0.0,0.0,0
1,1.0,0.0,1.0,0.0,0,0.0,-1.0,0.9500000476837158,0.2,3
1,1.0,0.0,1.0,0.0,0,0.0,-1.0,0.875,0.5,2
1,1.0,0.0,1.0,0.0,0,0.0,-1.0,0.7749999761581421,0.5,1
1,1.0,0.0,1.0,0.0,0,0.0,-1.0,0.800000011920929,0.8,0
1,1.0,1.0,0.0,0.0,0,0.0,1.0,0.0,0.0,0
1,1.0,0.0,1.0,0.0,0,0.0,-1.0,0.5999999642372131,1.0,3
1,1.0,1.0,0.0,0.0,0,0.0,1.0,0.0,0.0,0
1,1.0,1.0,0.0,0.0,0,0.0,1.0,0.0,0.0,0
1,1.0,1.0,0.0,0.0,0,0.0,1.0,0.0,0.0,0
1,1.0,0.0,1.0,0.0,0,0.0,-1.0,0.6800000071525574,0.8,3
1,1.0,1.0,0.0,0.0,0,0.0,1.0,0.0,0.0,0
1,1.0,1.0,0.0,0.0,0,0.0,1.0,0.0,0.0,0
1,1.0,0.0,1.0,0.0,0,0.0,-1.0,0.6800000071525574,0.8,3
1,1.0,0.0,1.0,0.0,0,0.0,-1.0,0.9100000262260437,0.2,2
1,1.0,0.0,1.0,0.0,0,0.0,-1.0,0.6800000071525574,0.8,1
1,1.0,0.0,1.0,0.0,0,0.0,-1.0,0.875,0.5,2
1,1.0,0.0,1.0,0.0,0,0.0,-1.0,0.925000011920929,0.3,1
1,1.0,0.0,1.0,0.0,0,0.0,-1.0,0.925000011920929,0.3,3
1,1.0,0.0,1.0,0.0,0,0.0,-1.0,0.9500000476837158,0.2,3
1,1.0,0.0,1.0,0.0,0,0.0,-1.0,0.9500000476837158,0.2,3
1,1.0,0.0,1.0,0.0,0,0.0,-1.0,0.9100000262260437,0.2,3
1,1.0,0.0,1.0,0.0,0,0.0,-1.0,0.925000011920929,0.3,0
1,1.0,0.0,1.0,0.0,0,0.0,-1.0,0.800000011920929,0.8,1
1,1.0,0.0,1.0,0.0,0,0.0,-1.0,0.9099999666213989,0.3,0
1,1.0,0.0,1.0,0.0,0,0.0,-1.0,0.9100000262260437,0.2,1
1,1.0,0.0,1.0,0.0,0,0.0,-1.0,0.9100000262260437,0.2,0
1,1.0,0.0,1.0,0.0,0,0.0,-1.0,0.9500000476837158,0.2,3
1,1.0,0.0,1.0,0.0,0,0.0,-1.0,0.875,0.5,1
1,1.0,1.0,0.0,0.0,0,0.0,1.0,0.0,0.0,0
1,1.0,1.0,0.0,0.0,0,0.0,1.0,0.0,0.0,0
1,1.0,0.0,1.0,0.0,0,0.0,-1.0,0.9100000262260437,0.2,1
1,1.0,1.0,0.0,0.0,0,0.0,1.0,0.0,0.0,0
1,1.0,0.0,1.0,0.0,0,0.0,-1.0,0.9099999666213989,0.3,2
1,1.0,1.0,0.0,0.0,0,0.0,1.0,0.0,0.0,0
1,1.0,0.0,1.0,0.0,0,0.0,-1.0,0.9099999666213989,0.3,0
1,1.0,1.0,0.0,0.0,0,0.0,1.0,0.0,0.0,0
1,1.0,1.0,0.0,0.0,0,0.0,1.0,0.0,0.0,0
1,1.0,1.0,0.0,0.0,0,0.0,1.0,0.0,0.0,0
1,1.0,1.0,0.0,0.0,0,0.0,1.0,0.0,0.0,0
1,1.0,1.0,0.0,0.0,0,0.0,1.0,0.0,0.0,0
1,1.0,0.0,1.0,0.0,0,0.0,-1.0,0.5999999642372131,1.0,2
1,1.0,1.0,0.0,0.0,0,0.0,1.0,0.0,0.0,0
1,1.0,0.0,1.0,0.0,0,0.0,-1.0,0.800000011920929,0.8,0
1,1.0,1.0,0.0,0.0,0,0.0,1.0,0.0,0.0,0
1,1.0,0.0,1.0,0.0,0,0.0,-1.0,0.9500000476837158,0.2,1
1,1.0,0.0,1.0,0.0,0,0.0,-1.0,0.800000011920929,0.8,2
1,1.0,0.0,1.0,0.0,0,0.0,-1.0,0.7749999761581421,0.5,3
1,1.0,0.0,1.0,0.0,0,0.0,-1.0,0.925000011920929,0.3,0
1,1.0,0.0,1.0,0.0,0,0.0,-1.0,0.800000011920929,0.8,2
1,1.0,0.0,1.0,0.0,0,0.0,-1.0,0.925000011920929,0.3,3
1,1.0,0.0,1.0,0.0,0,0.0,-1.0,0.6800000071525574,0.8,0
1,1.0,0.0,1.0,0.0,0,0.0,-1.0,0.6800000071525574,0.8,0
1,1.0,0.0,1.0,0.0,0,0.0,-1.0,0.7999999523162842,0.5,3
1,1.0,0.0,1.0,0.0,0,0.0,-1.0,0.9099999666213989,0.3,3
1,1.0,0.0,1.0,0.0,0,0.0,-1.0,0.7749999761581421,0.5,2
1,1.0,0.0,1.0,0.0,0,0.0,-1.0,0.925000011920929,0.3,1
1,1.0,0.0,1.0,0.0,0,0.0,-1.0,0.6800000071525574,0.8,0
1,1.0,1.0,0.0,0.0,0,0.0,1.0,0.0,0.0,0
1,1.0,0.0,1.0,0.0,0,0.0,-1.0,0.9100000262260437,0.2,3
1,1.0,0.0,1.0,0.0,0,0.0,-1.0,0.9100000262260437,0.2,1
1,1.0,0.0,1.0,0.0,0,0.0,-1.0,0.5999999642372131,1.0,1
1,1.0,0.0,1.0,0.0,0,0.0,-1.0,0.9099999666213989,0.3,1
1,1.0,0.0,1.0,0.0,0,0.0,-1.0,0.7749999761581421,0.5,0
1,1.0,0.0,1.0,0.0,0,0.0,-1.0,0.800000011920929,0.8,2
1,1.0,0.0,1.0,0.0,0,0.0,-1.0,0.9200000166893005,0.2,0
1,1.0,0.0,1.0,0.0,0,0.0,-1.0,0.875,0.5,1
1,1.0,1.0,0.0,0.0,0,0.0,1.0,0.0,0.0,0
1,1.0,1.0,0.0,0.0,0,0.0,1.0,0.0,0.0,0
1,1.0,1.0,0.0,0.0,0,0.0,1.0,0.0,0.0,0
1,1.0,0.0,1.0,0.0,0,0.0,-1.0,0.7599999904632568,0.8,1
1,1.0,0.0,1.0,0.0,0,0.0,-1.0,0.9099999666213989,0.3,2
1,1.0,1.0,0.0,0.0,0,0.0,1.0,0.0,0.0,0
1,1.0,0.0,1.0,0.0,0,0.0,-1.0,0.6800000071525574,0.8,1
1,1.0,0.0,1.0,0.0,0,0.0,-1.0,0.940000057220459,0.2,1
1,1.0,0.0,1.0,0.0,0,0.0,-1.0,0.875,0.5,2
1,1.0,0.0,1.0,0.0,0,0.0,-1.0,0.9100000262260437,0.2,1
1,1.0,1.0,0.0,0.0,0,0.0,1.0,0.0,0.0,0
1,1.0,0.0,1.0,0.0,0,0.0,-1.0,0.875,0.5,1
1,1.0,0.0,1.0,0.0,0,0.0,-1.0,0.550000011920929,1.0,3
1,1.0,0.0,1.0,0.0,0,0.0,-1.0,0.5999999642372131,1.0,1
1,1.0,0.0,1.0,0.0,0,0.0,-1.0,0.7000000476837158,1.0,0
1,1.0,0.0,1.0,0.0,0,0.0,-1.0,0.7999999523162842,0.5,1
1,1.0,0.0,1.0,0.0,0,0.0,-1.0,0.800000011920929,0.8,2
1,1.0,1.0,0.0,0.0,0,0.0,1.0,0.0,0.0,0
1,1.0,0.0,1.0,0.0,0,0.0,-1.0,0.9500000476837158,0.2,3
1,1.0,0.0,1.0,0.0,0,0.0,-1.0,0.5999999642372131,1.0,1
1,1.0,0.0,1.0,0.0,0,0.0,-1.0,0.925000011920929,0.3,0
1,1.0,0.0,1.0,0.0,0,0.0,-1.0,0.925000011920929,0.3,1
1,1.0,0.0,1.0,0.0,0,0.0,-1.0,0.8500000238418579,0.5,1
1,1.0,0.0,1.0,0.0,0,0.0,-1.0,0.925000011920929,0.3,2
1,1.0,0.0,1.0,0.0,0,0.0,-1.0,0.6800000071525574,0.8,1
1,1.0,0.0,1.0,0.0,0,0.0,-1.0,0.9099999666213989,0.3,3
1,1.0,0.0,1.0,0.0,0,0.0,-1.0,0.925000011920929,0.3,0
1,1.0,1.0,0.0,0.0,0,0.0,1.0,0.0,0.0,0
1,1.0,1.0,0.0,0.0,0,0.0,1.0,0.0,0.0,0
1,1.0,0.0,1.0,0.0,0,0.0,-1.0,0.550000011920929,1.0,2
1,1.0,0.0,1.0,0.0,0,0.0,-1.0,0.6800000071525574,0.8,2
1,1.0,0.0,1.0,0.0,0,0.0,-1.0,0.925000011920929,0.3,1
1,1.0,1.0,0.0,0.0,0,0.0,1.0,0.0,0.0,0
1,1.0,0.0,1.0,0.0,0,0.0,-1.0,0.940000057220459,0.2,3
1,1.0,0.0,1.0,0.0,0,0.0,-1.0,0.75,1.0,1
1,1.0,0.0,1.0,0.0,0,0.0,-1.0,0.75,1.0,1
1,1.0,0.0,1.0,0.0,0,0.0,-1.0,0.925000011920929,0.3,3
1,1.0,0.0,1.0,0.0,0,0.0,-1.0,0.9200000166893005,0.2,2
1,1.0,0.0,1.0,0.0,0,0.0,-1.0,0.925000011920929,0.3,3
1,1.0,0.0,1.0,0.0,0,0.0,-1.0,0.9099999666213989,0.3,3
1,1.0,0.0,1.0,0.0,0,0.0,-1.0,0.7599999904632568,0.8,1
1,1.0,0.0,1.0,0.0,0,0.0,-1.0,0.9500000476837158,0.2,3
1,1.0,0.0,1.0,0.0,0,0.0,-1.0,0.9500000476837158,0.2,0
1,1.0,1.0,0.0,0.0,0,0.0,1.0,0.0,0.0,0
1,1.0,0.0,1.0,0.0,0,0.0,-1.0,0.940000057220459,0.2,1
1,1.0,0.0,1.0,0.0,0,0.0,-1.0,0.9099999666213989,0.3,1
1,1.0,1.0,0.0,0.0,0,0.0,1.0,0.0,0.0,0
1,1.0,0.0,1.0,0.0,0,0.0,-1.0,0.925000011920929,0.3,3
1,1.0,0.0,1.0,0.0,0,0.0,-1.0,0.940000057220459,0.2,3
1,1.0,1.0,0.0,0.0,0,0.0,1.0,0.0,0.0,0
1,1.0,1.0,0.0,0.0,0,0.0,1.0,0.0,0.0,0
1,1.0,0.0,1.0,0.0,0,0.0,-1.0,0.925000011920929,0.3,1
1,1.0,0.0,1.0,0.0,0,0.0,-1.0,0.925000011920929,0.3,2
1,1.0,0.0,1.0,0.0,0,0.0,-1.0,0.800000011920929,0.8,2
1,1.0,0.0,1.0,0.0,0,0.0,-1.0,0.6399999856948853,0.8,0
1,1.0,0.0,1.0,0.0,0,0.0,-1.0,0.800000011920929,0.8,0
1,1.0,0.0,1.0,0.0,0,0.0,-1.0,0.9099999666213989,0.3,2
1,1.0,0.0,1.0,0.0,0,0.0,-1.0,0.9500000476837158,0.2,2
1,1.0,0.0,1.0,0.0,0,0.0,-1.0,0.925000011920929,0.3,3
1,1.0,0.0,1.0,0.0,0,0.0,-1.0,0.75,1.0,1
1,1.0,0.0,1.0,0.0,0,0.0,-1.0,0.7000000476837158,1.0,3
1,1.0,1.0,0.0,0.0,0,0.0,1.0,0.0,0.0,0
1,1.0,0.0,1.0,0.0,0,0.0,-1.0,0.7000000476837158,1.0,3
1,1.0,0.0,1.0,0.0,0,0.0,-1.0,0.550000011920929,1.0,0
1,1.0,1.0,0.0,0.0,0,0.0,1.0,0.0,0.0,0
1,1.0,0.0,1.0,0.0,0,0.0,-1.0,0.7749999761581421,0.5,0
1,1.0,1.0,0.0,0.0,0,0.0,1.0,0.0,0.0,0
1,1.0,0.0,1.0,0.0,0,0.0,-1.0,0.925000011920929,0.3,3
1,1.0,1.0,0.0,0.0,0,0.0,1.0,0.0,0.0,0
1,1.0,0.0,1.0,0.0,0,0.0,-1.0,0.9500000476837158,0.2,2
1,1.0,0.0,1.0,0.0,0,0.0,-1.0,0.7749999761581421,0.5,2
1,1.0,0.0,1.0,0.0,0,0.0,-1.0,0.9099999666213989,0.3,3
1,1.0,0.0,1.0,0.0,0,0.0,-1.0,0.925000011920929,0.3,0
1,1.0,0.0,1.0,0.0,0,0.0,-1.0,0.8500000238418579,0.5,1
1,1.0,1.0,0.0,0.0,0,0.0,1.0,0.0,0.0,0
1,1.0,0.0,1.0,0.0,0,0.0,-1.0,0.8500000238418579,0.5,0
1,1.0,0.0,1.0,0.0,0,0.0,-1.0,0.75,1.0,2
1,1.0,0.0,1.0,0.0,0,0.0,-1.0,0.9500000476837158,0.2,0
1,1.0,0.0,1.0,0.0,0,0.0,-1.0,0.5999999642372131,1.0,0
1,1.0,1.0,0.0,0.0,0,0.0,1.0,0.0,0.0,0
1,1.0,0.0,1.0,0.0,0,0.0,-1.0,0.9500000476837158,0.2,0
1,1.0,0.0,1.0,0.0,0,0.0,-1.0,0.75,1.0,2
1,1.0,0.0,1.0,0.0,0,0.0,-1.0,0.7599999904632568,0.8,1
1,1.0,1.0,0.0,0.0,0,0.0,1.0,0.0,0.0,0
1,1.0,1.0,0.0,0.0,0,0.0,1.0,0.0,0.0,0
1,1.0,0.0,1.0,0.0,0,0.0,-1.0,0.75,1.0,1
1,1.0,1.0,0.0,0.0,0,0.0,1.0,0.0,0.0,0
1,1.0,1.0,0.0,0.0,0,0.0,1.0,0.0,0.0,0
1,1.0,0.0,1.0,0.0,0,0.0,-1.0,0.875,0.5,3
1,1.0,0.0,1.0,0.0,0,0.0,-1.0,0.875,0.5,2
1,1.0,1.0,0.0,0.0,0,0.0,1.0,0.0,0.0,0
1,1.0,1.0,0.0,0.0,0,0.0,1.0,0.0,0.0,0
1,1.0,1.0,0.0,0.0,0,0.0,1.0,0.0,0.0,0
1,1.0,0.0,1.0,0.0,0,0.0,-1.0,0.8500000238418579,0.5,2
1,1.0,0.0,1.0,0.0,0,0.0,-1.0,0.6399999856948853,0.8,2
1,1.0,0.0,1.0,0.0,0,0.0,-1.0,0.925000011920929,0.3,1
1,1.0,0.0,1.0,0.0,0,0.0,-1.0,0.940000057220459,0.2,0
1,1.0,0.0,1.0,0.0,0,0.0,-1.0,0.7000000476837158,1.0,0
1,1.0,0.0,1.0,0.0,0,0.0,-1.0,0.875,0.5,1
1,1.0,0.0,1.0,0.0,0,0.0,-1.0,0.9500000476837158,0.2,3
1,1.0,0.0,1.0,0.0,0,0.0,-1.0,0.9500000476837158,0.2,2
1,1.0,0.0,1.0,0.0,0,0.0,-1.0,0.9500000476837158,0.2,3
1,1.0,0.0,1.0,0.0,0,0.0,-1.0,0.9500000476837158,0.2,1
1,1.0,0.0,1.0,0.0,0,0.0,-1.0,0.9099999666213989,0.3,2
1,1.0,0.0,1.0,0.0,0,0.0,-1.0,0.925000011920929,0.3,1
1,1.0,0.0,1.0,0.0,0,0.0,-1.0,0.800000011920929,0.8,3
1,1.0,0.0,1.0,0.0,0,0.0,-1.0,0.940000057220459,0.2,3
1,1.0,0.0,1.0,0.0,0,0.0,-1.0,0.925000011920929,0.3,0
1,1.0,0.0,1.0,0.0,0,0.0,-1.0,0.7999999523162842,0.5,3
1,1.0,0.0,1.0,0.0,0,0.0,-1.0,0.9500000476837158,0.2,2
1,1.0,0.0,1.0,0.0,0,0.0,-1.0,0.925000011920929,0.3,2
1,1.0,0.0,1.0,0.0,0,0.0,-1.0,0.9099999666213989,0.3,2
1,1.0,0.0,1.0,0.0,0,0.0,-1.0,0.7999999523162842,0.5,0
1,1.0,0.0,1.0,0.0,0,0.0,-1.0,0.925000011920929,0.3,0
1,1.0,1.0,0.0,0.0,0,0.0,1.0,0.0,0.0,0
1,1.0,0.0,1.0,0.0,0,0.0,-1.0,0.9500000476837158,0.2,0
1,1.0,1.0,0.0,0.0,0,0.0,1.0,0.0,0.0,0
1,1.0,0.0,1.0,0.0,0,0.0,-1.0,0.9200000166893005,0.2,2
1,1.0,1.0,0.0,0.0,0,0.0,1.0,0.0,0.0,0
1,1.0,0.0,1.0,0.0,0,0.0,-1.0,0.9200000166893005,0.2,3
1,1.0,1.0,0.0,0.0,0,0.0,1.0,0.0,0.0,0
1,1.0,0.0,1.0,0.0,0,0.0,-1.0,0.925000011920929,0.3,3
1,1.0,0.0,1.0,0.0,0,0.0,-1.0,0.875,0.5,0
1,1.0,1.0,0.0,0.0,0,0.0,1.0,0.0,0.0,0
1,1.0,0.0,1.0,0.0,0,0.0,-1.0,0.5999999642372131,1.0,0
1,1.0,0.0,1.0,0.0,0,0.0,-1.0,0.7999999523162842,0.5,3
1,1.0,0.0,1.0,0.0,0,0.0,-1.0,0.7000000476837158,1.0,3
1,1.0,0.0,1.0,0.0,0,0.0,-1.0,0.75,1.0,0
1,1.0,0.0,1.0,0.0,0,0.0,-1.0,0.75,1.0,2
1,1.0,1.0,0.0,0.0,0,0.0,1.0,0.0,0.0,0
1,1.0,1.0,0.0,0.0,0,0.0,1.0,0.0,0.0,0
1,1.0,1.0,0.0,0.0,0,0.0,1.0,0.0,0.0,0
1,1.0,0.0,1.0,0.0,0,0.0,-1.0,0.75,1.0,3
1,1.0,0.0,1.0,0.0,0,0.0,-1.0,0.5999999642372131,1.0,1
1,1.0,1.0,0.0,0.0,0,0.0,1.0,0.0,0.0,0
1,1.0,0.0,1.0,0.0,0,0.0,-1.0,0.7000000476837158,1.0,3
1,1.0,0.0,1.0,0.0,0,0.0,-1.0,0.9500000476837158,0.2,3
1,1.0,0.0,1.0,0.0,0,0.0,-1.0,0.940000057220459,0.2,0
1,1.0,1.0,0.0,0.0,0,0.0,1.0,0.0,0.0,0
1,1.0,0.0,1.0,0.0,0,0.0,-1.0,0.8500000238418579,0.5,0
1,1.0,1.0,0.0,0.0,0,0.0,1.0,0.0,0.0,0
1,1.0,1.0,0.0,0.0,0,0.0,1.0,0.0,0.0,0
1,1.0,0.0,1.0,0.0,0,0.0,-1.0,0.925000011920929,0.3,3
1,1.0,1.0,0.0,0.0,0,0.0,1.0,0.0,0.0,0
1,1.0,1.0,0.0,0.0,0,0.0,1.0,0.0,0.0,0
1,1.0,0.0,1.0,0.0,0,0.0,-1.0,0.550000011920929,1.0,1
1,1.0,1.0,0.0,0.0,0,0.0,1.0,0.0,0.0,0
1,1.0,0.0,1.0,0.0,0,0.0,-1.0,0.7000000476837158,1.0,3
1,1.0,1.0,0.0,0.0,0,0.0,1.0,0.0,0.0,0
1,1.0,0.0,1.0,0.0,0,0.0,-1.0,0.75,1.0,2
1,1.0,0.0,1.0,0.0,0,0.0,-1.0,0.940000057220459,0.2,3
1,1.0,0.0,1.0,0.0,0,0.0,-1.0,0.9099999666213989,0.3,3
1,1.0,1.0,0.0,0.0,0,0.0,1.0,0.0,0.0,0
1,1.0,0.0,1.0,0.0,0,0.0,-1.0,0.940000057220459,0.2,1
1,1.0,0.0,1.0,0.0,0,0.0,-1.0,0.9099999666213989,0.3,2
1,1.0,0.0,1.0,0.0,0,0.0,-1.0,0.7000000476837158,1.0,0
1,1.0,0.0,1.0,0.0,0,0.0,-1.0,0.8500000238418579,0.5,1
1,1.0,0.0,1.0,0.0,0,0.0,-1.0,0.875,0.5,3
1,1.0,0.0,1.0,0.0,0,0.0,-1.0,0.9099999666213989,0.3,3
1,1.0,0.0,1.0,0.0,0,0.0,-1.0,0.7749999761581421,0.5,1
1,1.0,0.0,1.0,0.0,0,0.0,-1.0,0.875,0.5,1
1,1.0,1.0,0.0,0.0,0,0.0,1.0,0.0,0.0,0
1,1.0,1.0,0.0,0.0,0,0.0,1.0,0.0,0.0,0
1,1.0,1.0,0.0,0.0,0,0.0,1.0,0.0,0.0,0
1,1.0,1.0,0.0,0.0,0,0.0,1.0,0.0,0.0,0
1,1.0,0.0,1.0,0.0,0,0.0,-1.0,0.7999999523162842,0.5,3
1,1.0,1.0,0.0,0.0,0,0.0,1.0,0.0,0.0,0
1,1.0,0.0,1.0,0.0,0,0.0,-1.0,0.5999999642372131,1.0,0
1,1.0,0.0,1.0,0.0,0,0.0,-1.0,0.75,1.0,0
1,1.0,0.0,1.0,0.0,0,0.0,-1.0,0.925000011920929,0.3,0
1,1.0,0.0,1.0,0.0,0,0.0,-1.0,0.925000011920929,0.3,2
1,1.0,1.0,0.0,0.0,0,0.0,1.0,0.0,0.0,0
1,1.0,0.0,1.0,0.0,0,0.0,-1.0,0.9200000166893005,0.2,0
1,1.0,0.0,1.0,0.0,0,0.0,-1.0,0.940000057220459,0.2,1
1,1.0,0.0,1.0,0.0,0,0.0,-1.0,0.9100000262260437,0.2,1
1,1.0,0.0,1.0,0.0,0,0.0,-1.0,0.875,0.5,2
1,1.0,1.0,0.0,0.0,0,0.0,1.0,0.0,0.0,0
1,1.0,0.0,1.0,0.0,0,0.0,-1.0,0.875,0.5,0
1,1.0,1.0,0.0,0.0,0,0.0,1.0,0.0,0.0,0
1,1.0,0.0,1.0,0.0,0,0.0,-1.0,0.925000011920929,0.3,1
1,1.0,0.0,1.0,0.0,0,0.0,-1.0,0.800000011920929,0.8,2
1,1.0,1.0,0.0,0.0,0,0.0,1.0,0.0,0.0,0
1,1.0,0.0,1.0,0.0,0,0.0,-1.0,0.75,1.0,2
1,1.0,1.0,0.0,0.0,0,0.0,1.0,0.0,0.0,0
1,1.0,1.0,0.0,0.0,0,0.0,1.0,0.0,0.0,0
1,1.0,0.0,1.0,0.0,0,0.0,-1.0,0.6399999856948853,0.8,1
1,1.0,0.0,1.0,0.0,0,0.0,-1.0,0.7749999761581421,0.5,0
1,1.0,0.0,1.0,0.0,0,0.0,-1.0,0.7000000476837158,1.0,0
1,1.0,0.0,1.0,0.0,0,0.0,-1.0,0.5999999642372131,1.0,3
1,1.0,1.0,0.0,0.0,0,0.0,1.0,0.0,0.0,0
1,1.0,0.0,1.0,0.0,0,0.0,-1.0,0.75,1.0,3
1,1.0,1.0,0.0,0.0,0,0.0,1.0,0.0,0.0,0
1,1.0,1.0,0.0,0.0,0,0.0,1.0,0.0,0.0,0
1,1.0,0.0,1.0,0.0,0,0.0,-1.0,0.875,0.5,2
1,1.0,1.0,0.0,0.0,0,0.0,1.0,0.0,0.0,0
1,1.0,0.0,1.0,0.0,0,0.0,-1.0,0.925000011920929,0.3,0
1,1.0,0.0,1.0,0.0,0,0.0,-1.0,0.9200000166893005,0.2,0
1,1.0,0.0,1.0,0.0,0,0.0,-1.0,0.9200000166893005,0.2,2
1,1.0,0.0,1.0,0.0,0,0.0,-1.0,0.9500000476837158,0.2,2
1,1.0,0.0,1.0,0.0,0,0.0,-1.0,0.925000011920929,0.3,2
1,1.0,0.0,1.0,0.0,0,0.0,-1.0,0.9500000476837158,0.2,0
1,1.0,0.0,1.0,0.0,0,0.0,-1.0,0.7999999523162842,0.5,2
1,1.0,0.0,1.0,0.0,0,0.0,-1.0,0.800000011920929,0.8,0
1,1.0,0.0,1.0,0.0,0,0.0,-1.0,0.75,1.0,0
1,1.0,0.0,1.0,0.0,0,0.0,-1.0,0.7999999523162842,0.5,1
1,1.0,0.0,1.0,0.0,0,0.0,-1.0,0.9500000476837158,0.2,2
1,1.0,0.0,1.0,0.0,0,0.0,-1.0,0.875,0.5,1
1,1.0,0.0,1.0,0.0,0,0.0,-1.0,0.75,1.0,1
1,1.0,1.0,0.0,0.0,0,0.0,1.0,0.0,0.0,0
1,1.0,1.0,0.0,0.0,0,0.0,1.0,0.0,0.0,0
1,1.0,0.0,1.0,0.0,0,0.0,-1.0,0.75,1.0,0
1,1.0,1.0,0.0,0.0,0,0.0,1.0,0.0,0.0,0
1,1.0,0.0,1.0,0.0,0,0.0,-1.0,0.75,1.0,3
1,1.0,1.0,0.0,0.0,0,0.0,1.0,0.0,0.0,0
1,1.0,0.0,1.0,0.0,0,0.0,-1.0,0.7000000476837158,1.0,3
1,1.0,1.0,0.0,0.0,0,0.0,1.0,0.0,0.0,0
1,1.0,0.0,1.0,0.0,0,0.0,-1.0,0.875,0.5,3
1,1.0,0.0,1.0,0.0,0,0.0,-1.0,0.550000011920929,1.0,3
1,1.0,0.0,1.0,0.0,0,0.0,-1.0,0.9500000476837158,0.2,2
1,1.0,0.0,1.0,0.0,0,0.0,-1.0,0.800000011920929,0.8,1
1,1.0,0.0,1.0,0.0,0,0.0,-1.0,0.875,0.5,1
1,1.0,0.0,1.0,0.0,0,0.0,-1.0,0.9099999666213989,0.3,0
1,1.0,0.0,1.0,0.0,0,0.0,-1.0,0.875,0.5,2
1,1.0,1.0,0.0,0.0,0,0.0,1.0,0.0,0.0,0
1,1.0,1.0,0.0,0.0,0,0.0,1.0,0.0,0.0,0
1,1.0,1.0,0.0,0.0,0,0.0,1.0,0.0,0.0,0
1,1.0,0.0,1.0,0.0,0,0.0,-1.0,0.9099999666213989,0.3,0
1,1.0,0.0,1.0,0.0,0,0.0,-1.0,0.7000000476837158,1.0,1
1,1.0,1.0,0.0,0.0,0,0.0,1.0,0.0,0.0,0
1,1.0,0.0,1.0,0.0,0,0.0,-1.0,0.925000011920929,0.3,1
1,1.0,0.0,1.0,0.0,0,0.0,-1.0,0.6399999856948853,0.8,1
1,1.0,1.0,0.0,0.0,0,0.0,1.0,0.0,0.0,0
1,1.0,0.0,1.0,0.0,0,0.0,-1.0,0.940000057220459,0.2,0
1,1.0,0.0,1.0,0.0,0,0.0,-1.0,0.875,0.5,2
1,1.0,0.0,1.0,0.0,0,0.0,-1.0,0.75,1.0,0
1,1.0,0.0,1.0,0.0,0,0.0,-1.0,0.9500000476837158,0.2,1
1,1.0,1.0,0.0,0.0,0,0.0,1.0,0.0,0.0,0
1,1.0,0.0,1.0,0.0,0,0.0,-1.0,0.7000000476837158,1.0,0
1,1.0,0.0,1.0,0.0,0,0.0,-1.0,0.75,1.0,0
1,1.0,0.0,1.0,0.0,0,0.0,-1.0,0.940000057220459,0.2,3
1,1.0,0.0,1.0,0.0,0,0.0,-1.0,0.925000011920929,0.3,0
1,1.0,0.0,1.0,0.0,0,0.0,-1.0,0.875,0.5,1
1,1.0,0.0,1.0,0.0,0,0.0,-1.0,0.800000011920929,0.8,0
1,1.0,1.0,0.0,0.0,0,0.0,1.0,0.0,0.0,0
1,1.0,1.0,0.0,0.0,0,0.0,1.0,0.0,0.0,0
1,1.0,0.0,1.0,0.0,0,0.0,-1.0,0.9099999666213989,0.3,2
1,1.0,0.0,1.0,0.0,0,0.0,-1.0,0.7000000476837158,1.0,1
1,1.0,1.0,0.0,0.0,0,0.0,1.0,0.0,0.0,0
1,1.0,0.0,1.0,0.0,0,0.0,-1.0,0.875,0.5,3
1,1.0,1.0,0.0,0.0,0,0.0,1.0,0.0,0.0,0
1,1.0,1.0,0.0,0.0,0,0.0,1.0,0.0,0.0,0
1,1.0,0.0,1.0,0.0,0,0.0,-1.0,0.75,1.0,1
1,1.0,0.0,1.0,0.0,0,0.0,-1.0,0.875,0.5,2
2,1.0,0.0,1.0,0.0,0,0.0,-1.0,0.7599999904632568,0.8,0
2,1.0,0.0,1.0,0.0,0,0.0,-1.0,0.9500000476837158,0.2,0
2,1.0,0.0,1.0,0.0,0,0.0,-1.0,0.75,1.0,3
2,1.0,0.0,1.0,0.0,0,0.0,-1.0,0.9500000476837158,0.2,3
2,1.0,0.0,1.0,0.0,0,0.0,-1.0,0.6399999856948853,0.8,0
2,1.0,0.0,1.0,0.0,0,0.0,-1.0,0.940000057220459,0.2,3
2,1.0,0.0,1.0,0.0,0,0.0,-1.0,0.875,0.5,3
2,1.0,1.0,0.0,0.0,0,0.0,1.0,0.0,0.0,0
2,1.0,0.0,1.0,0.0,0,0.0,-1.0,0.9099999666213989,0.3,2
2,1.0,0.0,1.0,0.0,0,0.0,-1.0,0.9100000262260437,0.2,2
2,1.0,0.0,1.0,0.0,0,0.0,-1.0,0.800000011920929,0.8,3
2,1.0,1.0,0.0,0.0,0,0.0,1.0,0.0,0.0,0
2,1.0,0.0,1.0,0.0,0,0.0,-1.0,0.9500000476837158,0.2,1
2,1.0,0.0,1.0,0.0,0,0.0,-1.0,0.9099999666213989,0.3,3
2,1.0,0.0,1.0,0.0,0,0.0,-1.0,0.7000000476837158,1.0,0
2,1.0,0.0,1.0,0.0,0,0.0,-1.0,0.925000011920929,0.3,0
2,1.0,0.0,1.0,0.0,0,0.0,-1.0,0.75,1.0,3
2,1.0,1.0,0.0,0.0,0,0.0,1.0,0.0,0.0,0
2,1.0,1.0,0.0,0.0,0,0.0,1.0,0.0,0.0,0
2,1.0,0.0,1.0,0.0,0,0.0,-1.0,0.550000011920929,1.0,2
2,1.0,0.0,1.0,0.0,0,0.0,-1.0,0.7000000476837158,1.0,0
2,1.0,0.0,1.0,0.0,0,0.0,-1.0,0.9500000476837158,0.2,3
2,1.0,1.0,0.0,0.0,0,0.0,1.0,0.0,0.0,0
2,1.0,0.0,1.0,0.0,0,0.0,-1.0,0.925000011920929,0.3,0
2,1.0,1.0,0.0,0.0,0,0.0,1.0,0.0,0.0,0
2,1.0,0.0,1.0,0.0,0,0.0,-1.0,0.9500000476837158,0.2,3
2,1.0,0.0,1.0,0.0,0,0.0,-1.0,0.940000057220459,0.2,0
2,1.0,0.0,1.0,0.0,0,0.0,-1.0,0.5999999642372131,1.0,1
2,1.0,0.0,1.0,0.0,0,0.0,-1.0,0.7000000476837158,1.0,0
2,1.0,0.0,1.0,0.0,0,0.0,-1.0,0.940000057220459,0.2,1
2,1.0,1.0,0.0,0.0,0,0.0,1.0,0.0,0.0,0
2,1.0,0.0,1.0,0.0,0,0.0,-1.0,0.925000011920929,0.3,3
2,1.0,0.0,1.0,0.0,0,0.0,-1.0,0.7999999523162842,0.5,0
2,1.0,0.0,1.0,0.0,0,0.0,-1.0,0.7000000476837158,1.0,2
2,1.0,1.0,0.0,0.0,0,0.0,1.0,0.0,0.0,0
2,1.0,0.0,1.0,0.0,0,0.0,-1.0,0.9099999666213989,0.3,3
2,1.0,0.0,1.0,0.0,0,0.0,-1.0,0.925000011920929,0.3,0
2,1.0,0.0,1.0,0.0,0,0.0,-1.0,0.6399999856948853,0.8,3
2,1.0,0.0,1.0,0.0,0,0.0,-1.0,0.9099999666213989,0.3,0
2,1.0,1.0,0.0,0.0,0,0.0,1.0,0.0,0.0,0
2,1.0,0.0,1.0,0.0,0,0.0,-1.0,0.925000011920929,0.3,0
2,1.0,0.0,1.0,0.0,0,0.0,-1.0,0.9500000476837158,0.2,3
2,1.0,0.0,1.0,0.0,0,0.0,-1.0,0.7599999904632568,0.8,0
2,1.0,0.0,1.0,0.0,0,0.0,-1.0,0.800000011920929,0.8,0
2,1.0,0.0,1.0,0.0,0,0.0,-1.0,0.925000011920929,0.3,3
2,1.0,0.0,1.0,0.0,0,0.0,-1.0,0.75,1.0,0
2,1.0,0.0,1.0,0.0,0,0.0,-1.0,0.9500000476837158,0.2,2
2,1.0,0.0,1.0,0.0,0,0.0,-1.0,0.6399999856948853,0.8,1
2,1.0,1.0,0.0,0.0,0,0.0,1.0,0.0,0.0,0
2,1.0,0.0,1.0,0.0,0,0.0,-1.0,0.75,1.0,3
2,1.0,0.0,1.0,0.0,0,0.0,-1.0,0.9500000476837158,0.2,1
2,1.0,0.0,1.0,0.0,0,0.0,-1.0,0.7999999523162842,0.5,0
2,1.0,0.0,1.0,0.0,0,0.0,-1.0,0.875,0.5,1
2,1.0,0.0,1.0,0.0,0,0.0,-1.0,0.940000057220459,0.2,1
2,1.0,0.0,1.0,0.0,0,0.0,-1.0,0.9200000166893005,0.2,0
2,1.0,1.0,0.0,0.0,0,0.0,1.0,0.0,0.0,0
2,1.0,1.0,0.0,0.0,0,0.0,1.0,0.0,0.0,0
2,1.0,1.0,0.0,0.0,0,0.0,1.0,0.0,0.0,0
2,1.0,0.0,1.0,0.0,0,0.0,-1.0,0.875,0.5,3
2,1.0,1.0,0.0,0.0,0,0.0,1.0,0.0,0.0,0
2,1.0,0.0,1.0,0.0,0,0.0,-1.0,0.800000011920929,0.8,3
2,1.0,1.0,0.0,0.0,0,0.0,1.0,0.0,0.0,0
2,1.0,1.0,0.0,0.0,0,0.0,1.0,0.0,0.0,0
2,1.0,0.0,1.0,0.0,0,0.0,-1.0,0.6800000071525574,0.8,1
2,1.0,0.0,1.0,0.0,0,0.0,-1.0,0.875,0.5,0
2,1.0,1.0,0.0,0.0,0,0.0,1.0,0.0,0.0,0
2,1.0,0.0,1.0,0.0,0,0.0,-1.0,0.9500000476837158,0.2,1
2,1.0,0.0,1.0,0.0,0,0.0,-1.0,0.7000000476837158,1.0,1
2,1.0,0.0,1.0,0.0,0,0.0,-1.0,0.940000057220459,0.2,0
2,1.0,0.0,1.0,0.0,0,0.0,-1.0,0.875,0.5,2
2,1.0,0.0,1.0,0.0,0,0.0,-1.0,0.7749999761581421,0.5,1
2,1.0,0.0,1.0,0.0,0,0.0,-1.0,0.8500000238418579,0.5,3
2,1.0,0.0,1.0,0.0,0,0.0,-1.0,0.875,0.5,1
2,1.0,0.0,1.0,0.0,0,0.0,-1.0,0.8500000238418579,0.5,3
2,1.0,0.0,1.0,0.0,0,0.0,-1.0,0.6800000071525574,0.8,3
2,1.0,0.0,1.0,0.0,0,0.0,-1.0,0.75,1.0,1
2,1.0,0.0,1.0,0.0,0,0.0,-1.0,0.9100000262260437,0.2,1
2,1.0,1.0,0.0,0.0,0,0.0,1.0,0.0,0.0,0
2,1.0,0.0,1.0,0.0,0,0.0,-1.0,0.6399999856948853,0.8,1
2,1.0,1.0,0.0,0.0,0,0.0,1.0,0.0,0.0,0
2,1.0,0.0,1.0,0.0,0,0.0,-1.0,0.9500000476837158,0.2,0
2,1.0,0.0,1.0,0.0,0,0.0,-1.0,0.9099999666213989,0.3,2
2,1.0,0.0,1.0,0.0,0,0.0,-1.0,0.7999999523162842,0.5,3
2,1.0,0.0,1.0,0.0,0,0.0,-1.0,0.875,0.5,0
2,1.0,0.0,1.0,0.0,0,0.0,-1.0,0.7999999523162842,0.5,1
2,1.0,0.0,1.0,0.0,0,0.0,-1.0,0.6800000071525574,0.8,1
2,1.0,0.0,1.0,0.0,0,0.0,-1.0,0.9500000476837158,0.2,3
2,1.0,0.0,1.0,0.0,0,0.0,-1.0,0.75,1.0,1
2,1.0,0.0,1.0,0.0,0,0.0,-1.0,0.9500000476837158,0.2,2
2,1.0,0.0,1.0,0.0,0,0.0,-1.0,0.9099999666213989,0.3,2
2,1.0,0.0,1.0,0.0,0,0.0,-1.0,0.6800000071525574,0.8,1
2,1.0,0.0,1.0,0.0,0,0.0,-1.0,0.9100000262260437,0.2,1
2,1.0,0.0,1.0,0.0,0,0.0,-1.0,0.9500000476837158,0.2,3
2,1.0,0.0,1.0,0.0,0,0.0,-1.0,0.9099999666213989,0.3,0
2,1.0,0.0,1.0,0.0,0,0.0,-1.0,0.925000011920929,0.3,3
2,1.0,0.0,1.0,0.0,0,0.0,-1.0,0.940000057220459,0.2,2
2,1.0,1.0,0.0,0.0,0,0.0,1.0,0.0,0.0,0
2,1.0,0.0,1.0,0.0,0,0.0,-1.0,0.9099999666213989,0.3,3
2,1.0,1.0,0.0,0.0,0,0.0,1.0,0.0,0.0,0
2,1.0,1.0,0.0,0.0,0,0.0,1.0,0.0,0.0,0
2,1.0,0.0,1.0,0.0,0,0.0,-1.0,0.9500000476837158,0.2,2
2,1.0,0.0,1.0,0.0,0,0.0,-1.0,0.800000011920929,0.8,2
2,1.0,0.0,1.0,0.0,0,0.0,-1.0,0.9500000476837158,0.2,3
2,1.0,0.0,1.0,0.0,0,0.0,-1.0,0.7999999523162842,0.5,0
2,1.0,0.0,1.0,0.0,0,0.0,-1.0,0.925000011920929,0.3,2
2,1.0,0.0,1.0,0.0,0,0.0,-1.0,0.7000000476837158,1.0,2
2,1.0,1.0,0.0,0.0,0,0.0,1.0,0.0,0.0,0
2,1.0,0.0,1.0,0.0,0,0.0,-1.0,0.7749999761581421,0.5,2
2,1.0,0.0,1.0,0.0,0,0.0,-1.0,0.925000011920929,0.3,3
2,1.0,0.0,1.0,0.0,0,0.0,-1.0,0.925000011920929,0.3,1
2,1.0,1.0,0.0,0.0,0,0.0,1.0,0.0,0.0,0
2,1.0,1.0,0.0,0.0,0,0.0,1.0,0.0,0.0,0
2,1.0,0.0,1.0,0.0,0,0.0,-1.0,0.7000000476837158,1.0,3
2,1.0,0.0,1.0,0.0,0,0.0,-1.0,0.6800000071525574,0.8,3
2,1.0,1.0,0.0,0.0,0,0.0,1.0,0.0,0.0,0
2,1.0,1.0,0.0,0.0,0,0.0,1.0,0.0,0.0,0
2,1.0,0.0,1.0,0.0,0,0.0,-1.0,0.800000011920929,0.8,2
2,1.0,0.0,1.0,0.0,0,0.0,-1.0,0.9500000476837158,0.2,2
2,1.0,1.0,0.0,0.0,0,0.0,1.0,0.0,0.0,0
2,1.0,0.0,1.0,0.0,0,0.0,-1.0,0.9099999666213989,0.3,3
2,1.0,1.0,0.0,0.0,0,0.0,1.0,0.0,0.0,0
2,1.0,0.0,1.0,0.0,0,0.0,-1.0,0.550000011920929,1.0,3
2,1.0,0.0,1.0,0.0,0,0.0,-1.0,0.925000011920929,0.3,1
2,1.0,0.0,1.0,0.0,0,0.0,-1.0,0.9099999666213989,0.3,0
2,1.0,0.0,1.0,0.0,0,0.0,-1.0,0.925000011920929,0.3,1
2,1.0,1.0,0.0,0.0,0,0.0,1.0,0.0,0.0,0
2,1.0,0.0,1.0,0.0,0,0.0,-1.0,0.9200000166893005,0.2,2
2,1.0,0.0,1.0,0.0,0,0.0,-1.0,0.800000011920929,0.8,0
2,1.0,0.0,1.0,0.0,0,0.0,-1.0,0.925000011920929,0.3,1
2,1.0,0.0,1.0,0.0,0,0.0,-1.0,0.9099999666213989,0.3,2
2,1.0,1.0,0.0,0.0,0,0.0,1.0,0.0,0.0,0
2,1.0,0.0,1.0,0.0,0,0.0,-1.0,0.925000011920929,0.3,1
2,1.0,1.0,0.0,0.0,0,0.0,1.0,0.0,0.0,0
2,1.0,0.0,1.0,0.0,0,0.0,-1.0,0.9099999666213989,0.3,1
2,1.0,1.0,0.0,0.0,0,0.0,1.0,0.0,0.0,0
2,1.0,1.0,0.0,0.0,0,0.0,1.0,0.0,0.0,0
2,1.0,0.0,1.0,0.0,0,0.0,-1.0,0.75,1.0,0
2,1.0,0.0,1.0,0.0,0,0.0,-1.0,0.7000000476837158,1.0,0
2,1.0,1.0,0.0,0.0,0,0.0,1.0,0.0,0.0,0
2,1.0,0.0,1.0,0.0,0,0.0,-1.0,0.6800000071525574,0.8,0
2,1.0,0.0,1.0,0.0,0,0.0,-1.0,0.9500000476837158,0.2,2
2,1.0,0.0,1.0,0.0,0,0.0,-1.0,0.9500000476837158,0.2,2
2,1.0,0.0,1.0,0.0,0,0.0,-1.0,0.800000011920929,0.8,3
2,1.0,0.0,1.0,0.0,0,0.0,-1.0,0.800000011920929,0.8,3
2,1.0,1.0,0.0,0.0,0,0.0,1.0,0.0,0.0,0
2,1.0,0.0,1.0,0.0,0,0.0,-1.0,0.8500000238418579,0.5,2
2,1.0,0.0,1.0,0.0,0,0.0,-1.0,0.940000057220459,0.2,2
2,1.0,0.0,1.0,0.0,0,0.0,-1.0,0.925000011920929,0.3,1
2,1.0,0.0,1.0,0.0,0,0.0,-1.0,0.800000011920929,0.8,2
2,1.0,0.0,1.0,0.0,0,0.0,-1.0,0.925000011920929,0.3,1
2,1.0,1.0,0.0,0.0,0,0.0,1.0,0.0,0.0,0
2,1.0,0.0,1.0,0.0,0,0.0,-1.0,0.7749999761581421,0.5,3
2,1.0,0.0,1.0,0.0,0,0.0,-1.0,0.875,0.5,2
2,1.0,0.0,1.0,0.0,0,0.0,-1.0,0.9099999666213989,0.3,0
2,1.0,0.0,1.0,0.0,0,0.0,-1.0,0.75,1.0,3
2,1.0,0.0,1.0,0.0,0,0.0,-1.0,0.7749999761581421,0.5,3
2,1.0,0.0,1.0,0.0,0,0.0,-1.0,0.875,0.5,3
2,1.0,0.0,1.0,0.0,0,0.0,-1.0,0.940000057220459,0.2,3
2,1.0,0.0,1.0,0.0,0,0.0,-1.0,0.75,1.0,0
2,1.0,1.0,0.0,0.0,0,0.0,1.0,0.0,0.0,0
2,1.0,0.0,1.0,0.0,0,0.0,-1.0,0.9100000262260437,0.2,3
2,1.0,1.0,0.0,0.0,0,0.0,1.0,0.0,0.0,0
2,1.0,0.0,1.0,0.0,0,0.0,-1.0,0.7999999523162842,0.5,2
2,1.0,0.0,1.0,0.0,0,0.0,-1.0,0.7000000476837158,1.0,0
2,1.0,0.0,1.0,0.0,0,0.0,-1.0,0.7599999904632568,0.8,1
2,1.0,1.0,0.0,0.0,0,0.0,1.0,0.0,0.0,0
2,1.0,0.0,1.0,0.0,0,0.0,-1.0,0.550000011920929,1.0,0
2,1.0,0.0,1.0,0.0,0,0.0,-1.0,0.9100000262260437,0.2,1
2,1.0,0.0,1.0,0.0,0,0.0,-1.0,0.9500000476837158,0.2,3
2,1.0,0.0,1.0,0.0,0,0.0,-1.0,0.5999999642372131,1.0,1
2,1.0,0.0,1.0,0.0,0,0.0,-1.0,0.550000011920929,1.0,0
2,1.0,1.0,0.0,0.0,0,0.0,1.0,0.0,0.0,0
2,1.0,0.0,1.0,0.0,0,0.0,-1.0,0.925000011920929,0.3,1
2,1.0,0.0,1.0,0.0,0,0.0,-1.0,0.5999999642372131,1.0,0
2,1.0,1.0,0.0,0.0,0,0.0,1.0,0.0,0.0,0
2,1.0,0.0,1.0,0.0,0,0.0,-1.0,0.6399999856948853,0.8,2
2,1.0,0.0,1.0,0.0,0,0.0,-1.0,0.7000000476837158,1.0,3
2,1.0,0.0,1.0,0.0,0,0.0,-1.0,0.9200000166893005,0.2,2
2,1.0,0.0,1.0,0.0,0,0.0,-1.0,0.925000011920929,0.3,2
2,1.0,0.0,1.0,0.0,0,0.0,-1.0,0.9200000166893005,0.2,0
2,1.0,0.0,1.0,0.0,0,0.0,-1.0,0.925000011920929,0.3,3
2,1.0,0.0,1.0,0.0,0,0.0,-1.0,0.875,0.5,1
2,1.0,1.0,0.0,0.0,0,0.0,1.0,0.0,0.0,0
2,1.0,0.0,1.0,0.0,0,0.0,-1.0,0.9100000262260437,0.2,1
2,1.0,1.0,0.0,0.0,0,0.0,1.0,0.0,0.0,0
2,1.0,0.0,1.0,0.0,0,0.0,-1.0,0.550000011920929,1.0,0
2,1.0,0.0,1.0,0.0,0,0.0,-1.0,0.7999999523162842,0.5,1
2,1.0,0.0,1.0,0.0,0,0.0,-1.0,0.940000057220459,0.2,1
2,1.0,1.0,0.0,0.0,0,0.0,1.0,0.0,0.0,0
2,1.0,1.0,0.0,0.0,0,0.0,1.0,0.0,0.0,0
2,1.0,1.0,0.0,0.0,0,0.0,1.0,0.0,0.0,0
2,1.0,0.0,1.0,0.0,0,0.0,-1.0,0.925000011920929,0.3,0
2,1.0,1.0,0.0,0.0,0,0.0,1.0,0.0,0.0,0
2,1.0,0.0,1.0,0.0,0,0.0,-1.0,0.6800000071525574,0.8,0
2,1.0,1.0,0.0,0.0,0,0.0,1.0,0.0,0.0,0
2,1.0,0.0,1.0,0.0,0,0.0,-1.0,0.940000057220459,0.2,3
2,1.0,1.0,0.0,0.0,0,0.0,1.0,0.0,0.0,0
2,1.0,1.0,0.0,0.0,0,0.0,1.0,0.0,0.0,0
2,1.0,0.0,1.0,0.0,0,0.0,-1.0,0.9500000476837158,0.2,3
2,1.0,0.0,1.0,0.0,0,0.0,-1.0,0.9099999666213989,0.3,2
2,1.0,0.0,1.0,0.0,0,0.0,-1.0,0.9500000476837158,0.2,3
2,1.0,0.0,1.0,0.0,0,0.0,-1.0,0.9099999666213989,0.3,2
2,1.0,0.0,1.0,0.0,0,0.0,-1.0,0.9500000476837158,0.2,0
2,1.0,0.0,1.0,0.0,0,0.0,-1.0,0.875,0.5,0
2,1.0,0.0,1.0,0.0,0,0.0,-1.0,0.6399999856948853,0.8,3
2,1.0,0.0,1.0,0.0,0,0.0,-1.0,0.8500000238418579,0.5,0
2,1.0,0.0,1.0,0.0,0,0.0,-1.0,0.7599999904632568,0.8,0
2,1.0,0.0,1.0,0.0,0,0.0,-1.0,0.9500000476837158,0.2,2
2,1.0,0.0,1.0,0.0,0,0.0,-1.0,0.8500000238418579,0.5,1
2,1.0,0.0,1.0,0.0,0,0.0,-1.0,0.9500000476837158,0.2,3
2,1.0,1.0,0.0,0.0,0,0.0,1.0,0.0,0.0,0
2,1.0,1.0,0.0,0.0,0,0.0,1.0,0.0,0.0,0
2,1.0,1.0,0.0,0.0,0,0.0,1.0,0.0,0.0,0
2,1.0,0.0,1.0,0.0,0,0.0,-1.0,0.925000011920929,0.3,0
2,1.0,1.0,0.0,0.0,0,0.0,1.0,0.0,0.0,0
2,1.0,0.0,1.0,0.0,0,0.0,-1.0,0.7999999523162842,0.5,3
2,1.0,0.0,1.0,0.0,0,0.0,-1.0,0.6399999856948853,0.8,1
2,1.0,0.0,1.0,0.0,0,0.0,-1.0,0.9099999666213989,0.3,3
2,1.0,1.0,0.0,0.0,0,0.0,1.0,0.0,0.0,0
2,1.0,1.0,0.0,0.0,0,0.0,1.0,0.0,0.0,0
2,1.0,1.0,0.0,0.0,0,0.0,1.0,0.0,0.0,0
2,1.0,0.0,1.0,0.0,0,0.0,-1.0,0.7999999523162842,0.5,0
2,1.0,0.0,1.0,0.0,0,0.0,-1.0,0.875,0.5,3
2,1.0,0.0,1.0,0.0,0,0.0,-1.0,0.9500000476837158,0.2,1
2,1.0,0.0,1.0,0.0,0,0.0,-1.0,0.6399999856948853,0.8,1
2,1.0,0.0,1.0,0.0,0,0.0,-1.0,0.940000057220459,0.2,0
2,1.0,0.0,1.0,0.0,0,0.0,-1.0,0.5999999642372131,1.0,2
2,1.0,0.0,1.0,0.0,0,0.0,-1.0,0.9099999666213989,0.3,1
2,1.0,0.0,1.0,0.0,0,0.0,-1.0,0.9500000476837158,0.2,0
2,1.0,0.0,1.0,0.0,0,0.0,-1.0,0.9099999666213989,0.3,2
2,1.0,1.0,0.0,0.0,0,0.0,1.0,0.0,0.0,0
2,1.0,1.0,0.0,0.0,0,0.0,1.0,0.0,0.0,0
2,1.0,0.0,1.0,0.0,0,0.0,-1.0,0.925000011920929,0.3,1
2,1.0,1.0,0.0,0.0,0,0.0,1.0,0.0,0.0,0
2,1.0,0.0,1.0,0.0,0,0.0,-1.0,0.9100000262260437,0.2,2
2,1.0,0.0,1.0,0.0,0,0.0,-1.0,0.9099999666213989,0.3,0
2,1.0,0.0,1.0,0.0,0,0.0,-1.0,0.9200000166893005,0.2,0
2,1.0,0.0,1.0,0.0,0,0.0,-1.0,0.875,0.5,2
2,1.0,1.0,0.0,0.0,0,0.0,1.0,0.0,0.0,0
2,1.0,0.0,1.0,0.0,0,0.0,-1.0,0.940000057220459,0.2,0
2,1.0,0.0,1.0,0.0,0,0.0,-1.0,0.75,1.0,1
2,1.0,0.0,1.0,0.0,0,0.0,-1.0,0.800000011920929,0.8,3
2,1.0,1.0,0.0,0.0,0,0.0,1.0,0.0,0.0,0
2,1.0,0.0,1.0,0.0,0,0.0,-1.0,0.9200000166893005,0.2,2
2,1.0,0.0,1.0,0.0,0,0.0,-1.0,0.75,1.0,3
2,1.0,0.0,1.0,0.0,0,0.0,-1.0,0.5999999642372131,1.0,1
2,1.0,0.0,1.0,0.0,0,0.0,-1.0,0.75,1.0,2
2,1.0,0.0,1.0,0.0,0,0.0,-1.0,0.7000000476837158,1.0,2
2,1.0,0.0,1.0,0.0,0,0.0,-1.0,0.75,1.0,1
2,1.0,0.0,1.0,0.0,0,0.0,-1.0,0.875,0.5,0
2,1.0,0.0,1.0,0.0,0,0.0,-1.0,0.9500000476837158,0.2,3
2,1.0,0.0,1.0,0.0,0,0.0,-1.0,0.8500000238418579,0.5,2
2,1.0,0.0,1.0,0.0,0,0.0,-1.0,0.75,1.0,1
2,1.0,0.0,1.0,0.0,0,0.0,-1.0,0.7749999761581421,0.5,2
2,1.0,1.0,0.0,0.0,0,0.0,1.0,0.0,0.0,0
2,1.0,0.0,1.0,0.0,0,0.0,-1.0,0.9200000166893005,0.2,1
2,1.0,0.0,1.0,0.0,0,0.0,-1.0,0.9500000476837158,0.2,3
2,1.0,0.0,1.0,0.0,0,0.0,-1.0,0.9099999666213989,0.3,1
2,1.0,1.0,0.0,0.0,0,0.0,1.0,0.0,0.0,0
2,1.0,1.0,0.0,0.0,0,0.0,1.0,0.0,0.0,0
2,1.0,0.0,1.0,0.0,0,0.0,-1.0,0.7999999523162842,0.5,1
2,1.0,0.0,1.0,0.0,0,0.0,-1.0,0.7599999904632568,0.8,2
2,1.0,0.0,1.0,0.0,0,0.0,-1.0,0.875,0.5,2
2,1.0,1.0,0.0,0.0,0,0.0,1.0,0.0,0.0,0
2,1.0,0.0,1.0,0.0,0,0.0,-1.0,0.6399999856948853,0.8,3
2,1.0,0.0,1.0,0.0,0,0.0,-1.0,0.9500000476837158,0.2,3
2,1.0,1.0,0.0,0.0,0,0.0,1.0,0.0,0.0,0
2,1.0,0.0,1.0,0.0,0,0.0,-1.0,0.6800000071525574,0.8,2
2,1.0,1.0,0.0,0.0,0,0.0,1.0,0.0,0.0,0
2,1.0,0.0,1.0,0.0,0,0.0,-1.0,0.925000011920929,0.3,2
2,1.0,1.0,0.0,0.0,0,0.0,1.0,0.0,0.0,0
2,1.0,0.0,1.0,0.0,0,0.0,-1.0,0.9099999666213989,0.3,1
2,1.0,0.0,1.0,0.0,0,0.0,-1.0,0.6399999856948853,0.8,3
2,1.0,0.0,1.0,0.0,0,0.0,-1.0,0.7999999523162842,0.5,1
2,1.0,0.0,1.0,0.0,0,0.0,-1.0,0.5999999642372131,1.0,0
2,1.0,1.0,0.0,0.0,0,0.0,1.0,0.0,0.0,0
2,1.0,0.0,1.0,0.0,0,0.0,-1.0,0.75,1.0,1
2,1.0,1.0,0.0,0.0,0,0.0,1.0,0.0,0.0,0
2,1.0,0.0,1.0,0.0,0,0.0,-1.0,0.550000011920929,1.0,1
2,1.0,1.0,0.0,0.0,0,0.0,1.0,0.0,0.0,0
2,1.0,0.0,1.0,0.0,0,0.0,-1.0,0.9500000476837158,0.2,1
2,1.0,0.0,1.0,0.0,0,0.0,-1.0,0.9500000476837158,0.2,2
2,1.0,0.0,1.0,0.0,0,0.0,-1.0,0.9100000262260437,0.2,2
2,1.0,0.0,1.0,0.0,0,0.0,-1.0,0.7999999523162842,0.5,3
2,1.0,1.0,0.0,0.0,0,0.0,1.0,0.0,0.0,0
2,1.0,1.0,0.0,0.0,0,0.0,1.0,0.0,0.0,0
2,1.0,0.0,1.0,0.0,0,0.0,-1.0,0.875,0.5,2
2,1.0,1.0,0.0,0.0,0,0.0,1.0,0.0,0.0,0
2,1.0,0.0,1.0,0.0,0,0.0,-1.0,0.9500000476837158,0.2,3
2,1.0,1.0,0.0,0.0,0,0.0,1.0,0.0,0.0,0
2,1.0,1.0,0.0,0.0,0,0.0,1.0,0.0,0.0,0
2,1.0,0.0,1.0,0.0,0,0.0,-1.0,0.9099999666213989,0.3,0
2,1.0,0.0,1.0,0.0,0,0.0,-1.0,0.9200000166893005,0.2,0
2,1.0,0.0,1.0,0.0,0,0.0,-1.0,0.75,1.0,1
2,1.0,0.0,1.0,0.0,0,0.0,-1.0,0.7999999523162842,0.5,2
2,1.0,0.0,1.0,0.0,0,0.0,-1.0,0.925000011920929,0.3,3
2,1.0,0.0,1.0,0.0,0,0.0,-1.0,0.9099999666213989,0.3,3
2,1.0,1.0,0.0,0.0,0,0.0,1.0,0.0,0.0,0
2,1.0,1.0,0.0,0.0,0,0.0,1.0,0.0,0.0,0
2,1.0,0.0,1.0,0.0,0,0.0,-1.0,0.925000011920929,0.3,1
2,1.0,0.0,1.0,0.0,0,0.0,-1.0,0.9099999666213989,0.3,1
2,1.0,0.0,1.0,0.0,0,0.0,-1.0,0.8500000238418579,0.5,3
2,1.0,0.0,1.0,0.0,0,0.0,-1.0,0.75,1.0,0
2,1.0,0.0,1.0,0.0,0,0.0,-1.0,0.8500000238418579,0.5,0
2,1.0,0.0,1.0,0.0,0,0.0,-1.0,0.9500000476837158,0.2,2
2,1.0,0.0,1.0,0.0,0,0.0,-1.0,0.9500000476837158,0.2,3
2,1.0,0.0,1.0,0.0,0,0.0,-1.0,0.8500000238418579,0.5,0
2,1.0,0.0,1.0,0.0,0,0.0,-1.0,0.9099999666213989,0.3,0
2,1.0,0.0,1.0,0.0,0,0.0,-1.0,0.7599999904632568,0.8,1
2,1.0,0.0,1.0,0.0,0,0.0,-1.0,0.9200000166893005,0.2,3
2,1.0,1.0,0.0,0.0,0,0.0,1.0,0.0,0.0,0
2,1.0,0.0,1.0,0.0,0,0.0,-1.0,0.6800000071525574,0.8,3
2,1.0,1.0,0.0,0.0,0,0.0,1.0,0.0,0.0,0
2,1.0,0.0,1.0,0.0,0,0.0,-1.0,0.9099999666213989,0.3,2
2,1.0,0.0,1.0,0.0,0,0.0,-1.0,0.6399999856948853,0.8,2
2,1.0,0.0,1.0,0.0,0,0.0,-1.0,0.7999999523162842,0.5,1
2,1.0,1.0,0.0,0.0,0,0.0,1.0,0.0,0.0,0
2,1.0,1.0,0.0,0.0,0,0.0,1.0,0.0,0.0,0
2,1.0,0.0,1.0,0.0,0,0.0,-1.0,0.875,0.5,1
2,1.0,0.0,1.0,0.0,0,0.0,-1.0,0.925000011920929,0.3,3
2,1.0,0.0,1.0,0.0,0,0.0,-1.0,0.5999999642372131,1.0,1
2,1.0,1.0,0.0,0.0,0,0.0,1.0,0.0,0.0,0
2,1.0,1.0,0.0,0.0,0,0.0,1.0,0.0,0.0,0
2,1.0,1.0,0.0,0.0,0,0.0,1.0,0.0,0.0,0
2,1.0,1.0,0.0,0.0,0,0.0,1.0,0.0,0.0,0
2,1.0,0.0,1.0,0.0,0,0.0,-1.0,0.75,1.0,2
2,1.0,0.0,1.0,0.0,0,0.0,-1.0,0.9200000166893005,0.2,2
2,1.0,0.0,1.0,0.0,0,0.0,-1.0,0.8500000238418579,0.5,2
2,1.0,0.0,1.0,0.0,0,0.0,-1.0,0.8500000238418579,0.5,2
2,1.0,0.0,1.0,0.0,0,0.0,-1.0,0.7999999523162842,0.5,1
2,1.0,1.0,0.0,0.0,0,0.0,1.0,0.0,0.0,0
2,1.0,0.0,1.0,0.0,0,0.0,-1.0,0.8500000238418579,0.5,1
2,1.0,1.0,0.0,0.0,0,0.0,1.0,0.0,0.0,0
2,1.0,0.0,1.0,0.0,0,0.0,-1.0,0.9200000166893005,0.2,2
2,1.0,1.0,0.0,0.0,0,0.0,1.0,0.0,0.0,0
2,1.0,0.0,1.0,0.0,0,0.0,-1.0,0.940000057220459,0.2,2
2,1.0,0.0,1.0,0.0,0,0.0,-1.0,0.7999999523162842,0.5,2
2,1.0,1.0,0.0,0.0,0,0.0,1.0,0.0,0.0,0
2,1.0,1.0,0.0,0.0,0,0.0,1.0,0.0,0.0,0
2,1.0,0.0,1.0,0.0,0,0.0,-1.0,0.925000011920929,0.3,3
2,1.0,0.0,1.0,0.0,0,0.0,-1.0,0.9200000166893005,0.2,1
2,1.0,0.0,1.0,0.0,0,0.0,-1.0,0.75,1.0,1
2,1.0,0.0,1.0,0.0,0,0.0,-1.0,0.925000011920929,0.3,2
2,1.0,0.0,1.0,0.0,0,0.0,-1.0,0.875,0.5,3
2,1.0,0.0,1.0,0.0,0,0.0,-1.0,0.5999999642372131,1.0,1
2,1.0,0.0,1.0,0.0,0,0.0,-1.0,0.925000011920929,0.3,2
2,1.0,0.0,1.0,0.0,0,0.0,-1.0,0.9500000476837158,0.2,2
2,1.0,0.0,1.0,0.0,0,0.0,-1.0,0.550000011920929,1.0,2
2,1.0,0.0,1.0,0.0,0,0.0,-1.0,0.940000057220459,0.2,2
2,1.0,0.0,1.0,0.0,0,0.0,-1.0,0.550000011920929,1.0,3
2,1.0,1.0,0.0,0.0,0,0.0,1.0,0.0,0.0,0
2,1.0,0.0,1.0,0.0,0,0.0,-1.0,0.940000057220459,0.2,0
2,1.0,0.0,1.0,0.0,0,0.0,-1.0,0.8500000238418579,0.5,3
2,1.0,0.0,1.0,0.0,0,0.0,-1.0,0.5999999642372131,1.0,3
2,1.0,0.0,1.0,0.0,0,0.0,-1.0,0.8500000238418579,0.5,2
2,1.0,0.0,1.0,0.0,0,0.0,-1.0,0.9200000166893005,0.2,1
2,1.0,0.0,1.0,0.0,0,0.0,-1.0,0.550000011920929,1.0,2
2,1.0,1.0,0.0,0.0,0,0.0,1.0,0.0,0.0,0
2,1.0,0.0,1.0,0.0,0,0.0,-1.0,0.7749999761581421,0.5,3
2,1.0,0.0,1.0,0.0,0,0.0,-1.0,0.8500000238418579,0.5,0
2,1.0,0.0,1.0,0.0,0,0.0,-1.0,0.800000011920929,0.8,3
2,1.0,0.0,1.0,0.0,0,0.0,-1.0,0.9500000476837158,0.2,3
2,1.0,1.0,0.0,0.0,0,0.0,1.0,0.0,0.0,0
2,1.0,0.0,1.0,0.0,0,0.0,-1.0,0.7000000476837158,1.0,3
2,1.0,0.0,1.0,0.0,0,0.0,-1.0,0.940000057220459,0.2,0
2,1.0,0.0,1.0,0.0,0,0.0,-1.0,0.9200000166893005,0.2,2
2,1.0,0.0,1.0,0.0,0,0.0,-1.0,0.9099999666213989,0.3,3
2,1.0,0.0,1.0,0.0,0,0.0,-1.0,0.8500000238418579,0.5,3
2,1.0,0.0,1.0,0.0,0,0.0,-1.0,0.9100000262260437,0.2,3
2,1.0,0.0,1.0,0.0,0,0.0,-1.0,0.9200000166893005,0.2,3
2,1.0,0.0,1.0,0.0,0,0.0,-1.0,0.7999999523162842,0.5,2
2,1.0,0.0,1.0,0.0,0,0.0,-1.0,0.9099999666213989,0.3,3
2,1.0,0.0,1.0,0.0,0,0.0,-1.0,0.75,1.0,0
2,1.0,0.0,1.0,0.0,0,0.0,-1.0,0.8500000238418579,0.5,1
2,1.0,0.0,1.0,0.0,0,0.0,-1.0,0.9500000476837158,0.2,1
2,1.0,0.0,1.0,0.0,0,0.0,-1.0,0.75,1.0,3
2,1.0,0.0,1.0,0.0,0,0.0,-1.0,0.925000011920929,0.3,3
2,1.0,0.0,1.0,0.0,0,0.0,-1.0,0.550000011920929,1.0,3
2,1.0,1.0,0.0,0.0,0,0.0,1.0,0.0,0.0,0
2,1.0,1.0,0.0,0.0,0,0.0,1.0,0.0,0.0,0
2,1.0,0.0,1.0,0.0,0,0.0,-1.0,0.9100000262260437,0.2,2
2,1.0,0.0,1.0,0.0,0,0.0,-1.0,0.9099999666213989,0.3,3
2,1.0,0.0,1.0,0.0,0,0.0,-1.0,0.7749999761581421,0.5,2
2,1.0,0.0,1.0,0.0,0,0.0,-1.0,0.9099999666213989,0.3,1
2,1.0,1.0,0.0,0.0,0,0.0,1.0,0.0,0.0,0
2,1.0,0.0,1.0,0.0,0,0.0,-1.0,0.9200000166893005,0.2,2
2,1.0,0.0,1.0,0.0,0,0.0,-1.0,0.925000011920929,0.3,3
2,1.0,0.0,1.0,0.0,0,0.0,-1.0,0.9500000476837158,0.2,1
2,1.0,0.0,1.0,0.0,0,0.0,-1.0,0.7599999904632568,0.8,2
2,1.0,0.0,1.0,0.0,0,0.0,-1.0,0.875,0.5,3
2,1.0,1.0,0.0,0.0,0,0.0,1.0,0.0,0.0,0
2,1.0,1.0,0.0,0.0,0,0.0,1.0,0.0,0.0,0
2,1.0,1.0,0.0,0.0,0,0.0,1.0,0.0,0.0,0
2,1.0,1.0,0.0,0.0,0,0.0,1.0,0.0,0.0,0
2,1.0,0.0,1.0,0.0,0,0.0,-1.0,0.7749999761581421,0.5,3
2,1.0,0.0,1.0,0.0,0,0.0,-1.0,0.9500000476837158,0.2,2
2,1.0,1.0,0.0,0.0,0,0.0,1.0,0.0,0.0,0
2,1.0,0.0,1.0,0.0,0,0.0,-1.0,0.925000011920929,0.3,2
2,1.0,0.0,1.0,0.0,0,0.0,-1.0,0.940000057220459,0.2,2
2,1.0,0.0,1.0,0.0,0,0.0,-1.0,0.800000011920929,0.8,3
2,1.0,0.0,1.0,0.0,0,0.0,-1.0,0.7599999904632568,0.8,3
2,1.0,0.0,1.0,0.0,0,0.0,-1.0,0.9500000476837158,0.2,0
2,1.0,0.0,1.0,0.0,0,0.0,-1.0,0.9100000262260437,0.2,2
2,1.0,0.0,1.0,0.0,0,0.0,-1.0,0.9500000476837158,0.2,3
2,1.0,0.0,1.0,0.0,0,0.0,-1.0,0.800000011920929,0.8,1
2,1.0,0.0,1.0,0.0,0,0.0,-1.0,0.925000011920929,0.3,2
2,1.0,0.0,1.0,0.0,0,0.0,-1.0,0.940000057220459,0.2,0
2,1.0,0.0,1.0,0.0,0,0.0,-1.0,0.6800000071525574,0.8,2
2,1.0,0.0,1.0,0.0,0,0.0,-1.0,0.550000011920929,1.0,2
2,1.0,0.0,1.0,0.0,0,0.0,-1.0,0.800000011920929,0.8,1
2,1.0,1.0,0.0,0.0,0,0.0,1.0,0.0,0.0,0
2,1.0,1.0,0.0,0.0,0,0.0,1.0,0.0,0.0,0
2,1.0,0.0,1.0,0.0,0,0.0,-1.0,0.75,1.0,0
2,1.0,0.0,1.0,0.0,0,0.0,-1.0,0.875,0.5,2
2,1.0,1.0,0.0,0.0,0,0.0,1.0,0.0,0.0,0
2,1.0,1.0,0.0,0.0,0,0.0,1.0,0.0,0.0,0
2,1.0,1.0,0.0,0.0,0,0.0,1.0,0.0,0.0,0
2,1.0,0.0,1.0,0.0,0,0.0,-1.0,0.9200000166893005,0.2,3
2,1.0,0.0,1.0,0.0,0,0.0,-1.0,0.9200000166893005,0.2,1
2,1.0,0.0,1.0,0.0,0,0.0,-1.0,0.940000057220459,0.2,2
2,1.0,1.0,0.0,0.0,0,0.0,1.0,0.0,0.0,0
2,1.0,0.0,1.0,0.0,0,0.0,-1.0,0.550000011920929,1.0,3
2,1.0,0.0,1.0,0.0,0,0.0,-1.0,0.925000011920929,0.3,1
2,1.0,0.0,1.0,0.0,0,0.0,-1.0,0.9500000476837158,0.2,0
2,1.0,0.0,1.0,0.0,0,0.0,-1.0,0.75,1.0,1
2,1.0,0.0,1.0,0.0,0,0.0,-1.0,0.8500000238418579,0.5,2
2,1.0,0.0,1.0,0.0,0,0.0,-1.0,0.6800000071525574,0.8,0
2,1.0,1.0,0.0,0.0,0,0.0,1.0,0.0,0.0,0
2,1.0,0.0,1.0,0.0,0,0.0,-1.0,0.5999999642372131,1.0,2
2,1.0,0.0,1.0,0.0,0,0.0,-1.0,0.925000011920929,0.3,3
2,1.0,0.0,1.0,0.0,0,0.0,-1.0,0.75,1.0,0
2,1.0,1.0,0.0,0.0,0,0.0,1.0,0.0,0.0,0
2,1.0,0.0,1.0,0.0,0,0.0,-1.0,0.9100000262260437,0.2,1
2,1.0,1.0,0.0,0.0,0,0.0,1.0,0.0,0.0,0
2,1.0,0.0,1.0,0.0,0,0.0,-1.0,0.5999999642372131,1.0,3
2,1.0,0.0,1.0,0.0,0,0.0,-1.0,0.9500000476837158,0.2,0
2,1.0,1.0,0.0,0.0,0,0.0,1.0,0.0,0.0,0
2,1.0,0.0,1.0,0.0,0,0.0,-1.0,0.925000011920929,0.3,1
2,1.0,0.0,1.0,0.0,0,0.0,-1.0,0.800000011920929,0.8,2
2,1.0,1.0,0.0,0.0,0,0.0,1.0,0.0,0.0,0
2,1.0,0.0,1.0,0.0,0,0.0,-1.0,0.875,0.5,0
2,1.0,1.0,0.0,0.0,0,0.0,1.0,0.0,0.0,0
2,1.0,1.0,0.0,0.0,0,0.0,1.0,0.0,0.0,0
2,1.0,0.0,1.0,0.0,0,0.0,-1.0,0.6800000071525574,0.8,0
2,1.0,0.0,1.0,0.0,0,0.0,-1.0,0.9500000476837158,0.2,3
2,1.0,1.0,0.0,0.0,0,0.0,1.0,0.0,0.0,0
2,1.0,0.0,1.0,0.0,0,0.0,-1.0,0.7000000476837158,1.0,1
2,1.0,0.0,1.0,0.0,0,0.0,-1.0,0.9100000262260437,0.2,0
2,1.0,0.0,1.0,0.0,0,0.0,-1.0,0.75,1.0,0
2,1.0,0.0,1.0,0.0,0,0.0,-1.0,0.9500000476837158,0.2,0
2,1.0,0.0,1.0,0.0,0,0.0,-1.0,0.800000011920929,0.8,3
2,1.0,1.0,0.0,0.0,0,0.0,1.0,0.0,0.0,0
2,1.0,0.0,1.0,0.0,0,0.0,-1.0,0.800000011920929,0.8,3
2,1.0,0.0,1.0,0.0,0,0.0,-1.0,0.9099999666213989,0.3,2
2,1.0,1.0,0.0,0.0,0,0.0,1.0,0.0,0.0,0
2,1.0,0.0,1.0,0.0,0,0.0,-1.0,0.7749999761581421,0.5,0
2,1.0,1.0,0.0,0.0,0,0.0,1.0,0.0,0.0,0
2,1.0,1.0,0.0,0.0,0,0.0,1.0,0.0,0.0,0
2,1.0,0.0,1.0,0.0,0,0.0,-1.0,0.6800000071525574,0.8,3
2,1.0,0.0,1.0,0.0,0,0.0,-1.0,0.925000011920929,0.3,0
2,1.0,0.0,1.0,0.0,0,0.0,-1.0,0.875,0.5,0
2,1.0,0.0,1.0,0.0,0,0.0,-1.0,0.5999999642372131,1.0,0
2,1.0,0.0,1.0,0.0,0,0.0,-1.0,0.800000011920929,0.8,1
2,1.0,0.0,1.0,0.0,0,0.0,-1.0,0.875,0.5,3
2,1.0,0.0,1.0,0.0,0,0.0,-1.0,0.7999999523162842,0.5,0
2,1.0,0.0,1.0,0.0,0,0.0,-1.0,0.9099999666213989,0.3,1
2,1.0,0.0,1.0,0.0,0,0.0,-1.0,0.8500000238418579,0.5,1
2,1.0,0.0,1.0,0.0,0,0.0,-1.0,0.800000011920929,0.8,2
2,1.0,0.0,1.0,0.0,0,0.0,-1.0,0.5999999642372131,1.0,0
2,1.0,0.0,1.0,0.0,0,0.0,-1.0,0.7000000476837158,1.0,0
2,1.0,0.0,1.0,0.0,0,0.0,-1.0,0.925000011920929,0.3,0
2,1.0,1.0,0.0,0.0,0,0.0,1.0,0.0,0.0,0
2,1.0,0.0,1.0,0.0,0,0.0,-1.0,0.800000011920929,0.8,1
2,1.0,1.0,0.0,0.0,0,0.0,1.0,0.0,0.0,0
2,1.0,0.0,1.0,0.0,0,0.0,-1.0,0.925000011920929,0.3,3
2,1.0,1.0,0.0,0.0,0,0.0,1.0,0.0,0.0,0
2,1.0,0.0,1.0,0.0,0,0.0,-1.0,0.925000011920929,0.3,3
2,1.0,1.0,0.0,0.0,0,0.0,1.0,0.0,0.0,0
2,1.0,0.0,1.0,0.0,0,0.0,-1.0,0.925000011920929,0.3,2
2,1.0,0.0,1.0,0.0,0,0.0,-1.0,0.925000011920929,0.3,1
2,1.0,0.0,1.0,0.0,0,0.0,-1.0,0.800000011920929,0.8,1
2,1.0,0.0,1.0,0.0,0,0.0,-1.0,0.875,0.5,3
2,1.0,0.0,1.0,0.0,0,0.0,-1.0,0.875,0.5,3
2,1.0,0.0,1.0,0.0,0,0.0,-1.0,0.875,0.5,3
2,1.0,0.0,1.0,0.0,0,0.0,-1.0,0.925000011920929,0.3,3
2,1.0,0.0,1.0,0.0,0,0.0,-1.0,0.7599999904632568,0.8,1
2,1.0,0.0,1.0,0.0,0,0.0,-1.0,0.940000057220459,0.2,1
2,1.0,0.0,1.0,0.0,0,0.0,-1.0,0.925000011920929,0.3,2
2,1.0,0.0,1.0,0.0,0,0.0,-1.0,0.7599999904632568,0.8,2
2,1.0,0.0,1.0,0.0,0,0.0,-1.0,0.7999999523162842,0.5,1
2,1.0,0.0,1.0,0.0,0,0.0,-1.0,0.800000011920929,0.8,1
2,1.0,1.0,0.0,0.0,0,0.0,1.0,0.0,0.0,0
2,1.0,1.0,0.0,0.0,0,0.0,1.0,0.0,0.0,0
2,1.0,0.0,1.0,0.0,0,0.0,-1.0,0.875,0.5,1
2,1.0,0.0,1.0,0.0,0,0.0,-1.0,0.9099999666213989,0.3,0
2,1.0,0.0,1.0,0.0,0,0.0,-1.0,0.875,0.5,1
2,1.0,0.0,1.0,0.0,0,0.0,-1.0,0.6399999856948853,0.8,1
2,1.0,0.0,1.0,0.0,0,0.0,-1.0,0.9500000476837158,0.2,3
2,1.0,0.0,1.0,0.0,0,0.0,-1.0,0.6399999856948853,0.8,1
2,1.0,0.0,1.0,0.0,0,0.0,-1.0,0.550000011920929,1.0,3
3,1.0,0.0,1.0,0.0,0,0.0,-1.0,0.7000000476837158,1.0,2
3,1.0,0.0,1.0,0.0,0,0.0,-1.0,0.875,0.5,3
3,1.0,0.0,1.0,0.0,0,0.0,-1.0,0.6800000071525574,0.8,0
3,1.0,0.0,1.0,0.0,0,0.0,-1.0,0.925000011920929,0.3,0
3,1.0,0.0,1.0,0.0,0,0.0,-1.0,0.925000011920929,0.3,0
3,1.0,0.0,1.0,0.0,0,0.0,-1.0,0.8500000238418579,0.5,1
3,1.0,0.0,1.0,0.0,0,0.0,-1.0,0.940000057220459,0.2,3
3,1.0,0.0,1.0,0.0,0,0.0,-1.0,0.7000000476837158,1.0,0
3,1.0,0.0,1.0,0.0,0,0.0,-1.0,0.6800000071525574,0.8,0
3,1.0,0.0,1.0,0.0,0,0.0,-1.0,0.75,1.0,1
3,1.0,1.0,0.0,0.0,0,0.0,1.0,0.0,0.0,0
3,1.0,0.0,1.0,0.0,0,0.0,-1.0,0.925000011920929,0.3,2
3,1.0,1.0,0.0,0.0,0,0.0,1.0,0.0,0.0,0
3,1.0,0.0,1.0,0.0,0,0.0,-1.0,0.925000011920929,0.3,0
3,1.0,0.0,1.0,0.0,0,0.0,-1.0,0.6399999856948853,0.8,2
3,1.0,1.0,0.0,0.0,0,0.0,1.0,0.0,0.0,0
3,1.0,0.0,1.0,0.0,0,0.0,-1.0,0.7999999523162842,0.5,0
3,1.0,0.0,1.0,0.0,0,0.0,-1.0,0.925000011920929,0.3,0
3,1.0,0.0,1.0,0.0,0,0.0,-1.0,0.875,0.5,1
3,1.0,0.0,1.0,0.0,0,0.0,-1.0,0.940000057220459,0.2,0
3,1.0,1.0,0.0,0.0,0,0.0,1.0,0.0,0.0,0
3,1.0,0.0,1.0,0.0,0,0.0,-1.0,0.7599999904632568,0.8,2
3,1.0,1.0,0.0,0.0,0,0.0,1.0,0.0,0.0,0
3,1.0,1.0,0.0,0.0,0,0.0,1.0,0.0,0.0,0
3,1.0,0.0,1.0,0.0,0,0.0,-1.0,0.5999999642372131,1.0,3
3,1.0,0.0,1.0,0.0,0,0.0,-1.0,0.75,1.0,2
3,1.0,0.0,1.0,0.0,0,0.0,-1.0,0.875,0.5,3
3,1.0,1.0,0.0,0.0,0,0.0,1.0,0.0,0.0,0
3,1.0,0.0,1.0,0.0,0,0.0,-1.0,0.7999999523162842,0.5,0
3,1.0,0.0,1.0,0.0,0,0.0,-1.0,0.9099999666213989,0.3,1
3,1.0,0.0,1.0,0.0,0,0.0,-1.0,0.800000011920929,0.8,1
3,1.0,0.0,1.0,0.0,0,0.0,-1.0,0.75,1.0,0
3,1.0,0.0,1.0,0.0,0,0.0,-1.0,0.9200000166893005,0.2,2
3,1.0,0.0,1.0,0.0,0,0.0,-1.0,0.925000011920929,0.3,3
3,1.0,1.0,0.0,0.0,0,0.0,1.0,0.0,0.0,0
3,1.0,1.0,0.0,0.0,0,0.0,1.0,0.0,0.0,0
3,1.0,0.0,1.0,0.0,0,0.0,-1.0,0.9099999666213989,0.3,0
3,1.0,0.0,1.0,0.0,0,0.0,-1.0,0.875,0.5,2
3,1.0,0.0,1.0,0.0,0,0.0,-1.0,0.5999999642372131,1.0,3
3,1.0,0.0,1.0,0.0,0,0.0,-1.0,0.7749999761581421,0.5,2
3,1.0,0.0,1.0,0.0,0,0.0,-1.0,0.800000011920929,0.8,2
3,1.0,0.0,1.0,0.0,0,0.0,-1.0,0.9500000476837158,0.2,0
3,1.0,1.0,0.0,0.0,0,0.0,1.0,0.0,0.0,0
3,1.0,0.0,1.0,0.0,0,0.0,-1.0,0.9099999666213989,0.3,1
3,1.0,0.0,1.0,0.0,0,0.0,-1.0,0.9099999666213989,0.3,0
3,1.0,0.0,1.0,0.0,0,0.0,-1.0,0.940000057220459,0.2,3
3,1.0,1.0,0.0,0.0,0,0.0,1.0,0.0,0.0,0
3,1.0,0.0,1.0,0.0,0,0.0,-1.0,0.800000011920929,0.8,3
3,1.0,0.0,1.0,0.0,0,0.0,-1.0,0.800000011920929,0.8,3
3,1.0,0.0,1.0,0.0,0,0.0,-1.0,0.925000011920929,0.3,0
3,1.0,0.0,1.0,0.0,0,0.0,-1.0,0.875,0.5,2
3,1.0,0.0,1.0,0.0,0,0.0,-1.0,0.800000011920929,0.8,1
3,1.0,0.0,1.0,0.0,0,0.0,-1.0,0.9099999666213989,0.3,1
3,1.0,1.0,0.0,0.0,0,0.0,1.0,0.0,0.0,0
3,1.0,0.0,1.0,0.0,0,0.0,-1.0,0.800000011920929,0.8,0
3,1.0,0.0,1.0,0.0,0,0.0,-1.0,0.550000011920929,1.0,1
3,1.0,1.0,0.0,0.0,0,0.0,1.0,0.0,0.0,0
3,1.0,0.0,1.0,0.0,0,0.0,-1.0,0.7599999904632568,0.8,1
3,1.0,0.0,1.0,0.0,0,0.0,-1.0,0.5999999642372131,1.0,2
3,1.0,0.0,1.0,0.0,0,0.0,-1.0,0.9500000476837158,0.2,1
3,1.0,0.0,1.0,0.0,0,0.0,-1.0,0.550000011920929,1.0,1
3,1.0,0.0,1.0,0.0,0,0.0,-1.0,0.7999999523162842,0.5,3
3,1.0,0.0,1.0,0.0,0,0.0,-1.0,0.5999999642372131,1.0,3
3,1.0,0.0,1.0,0.0,0,0.0,-1.0,0.75,1.0,1
3,1.0,1.0,0.0,0.0,0,0.0,1.0,0.0,0.0,0
3,1.0,0.0,1.0,0.0,0,0.0,-1.0,0.940000057220459,0.2,3
3,1.0,0.0,1.0,0.0,0,0.0,-1.0,0.940000057220459,0.2,0
3,1.0,0.0,1.0,0.0,0,0.0,-1.0,0.9099999666213989,0.3,1
3,1.0,1.0,0.0,0.0,0,0.0,1.0,0.0,0.0,0
3,1.0,1.0,0.0,0.0,0,0.0,1.0,0.0,0.0,0
3,1.0,0.0,1.0,0.0,0,0.0,-1.0,0.800000011920929,0.8,1
3,1.0,0.0,1.0,0.0,0,0.0,-1.0,0.7599999904632568,0.8,3
3,1.0,1.0,0.0,0.0,0,0.0,1.0,0.0,0.0,0
3,1.0,0.0,1.0,0.0,0,0.0,-1.0,0.75,1.0,2
3,1.0,0.0,1.0,0.0,0,0.0,-1.0,0.875,0.5,0
3,1.0,0.0,1.0,0.0,0,0.0,-1.0,0.9500000476837158,0.2,1
3,1.0,1.0,0.0,0.0,0,0.0,1.0,0.0,0.0,0
3,1.0,1.0,0.0,0.0,0,0.0,1.0,0.0,0.0,0
3,1.0,1.0,0.0,0.0,0,0.0,1.0,0.0,0.0,0
3,1.0,1.0,0.0,0.0,0,0.0,1.0,0.0,0.0,0
3,1.0,0.0,1.0,0.0,0,0.0,-1.0,0.940000057220459,0.2,1
3,1.0,0.0,1.0,0.0,0,0.0,-1.0,0.9099999666213989,0.3,3
3,1.0,0.0,1.0,0.0,0,0.0,-1.0,0.9500000476837158,0.2,0
3,1.0,0.0,1.0,0.0,0,0.0,-1.0,0.8500000238418579,0.5,0
3,1.0,0.0,1.0,0.0,0,0.0,-1.0,0.75,1.0,1
3,1.0,0.0,1.0,0.0,0,0.0,-1.0,0.6399999856948853,0.8,2
3,1.0,1.0,0.0,0.0,0,0.0,1.0,0.0,0.0,0
3,1.0,0.0,1.0,0.0,0,0.0,-1.0,0.9099999666213989,0.3,3
3,1.0,0.0,1.0,0.0,0,0.0,-1.0,0.9099999666213989,0.3,1
3,1.0,0.0,1.0,0.0,0,0.0,-1.0,0.9500000476837158,0.2,1
3,1.0,1.0,0.0,0.0,0,0.0,1.0,0.0,0.0,0
3,1.0,1.0,0.0,0.0,0,0.0,1.0,0.0,0.0,0
3,1.0,1.0,0.0,0.0,0,0.0,1.0,0.0,0.0,0
3,1.0,0.0,1.0,0.0,0,0.0,-1.0,0.925000011920929,0.3,1
3,1.0,1.0,0.0,0.0,0,0.0,1.0,0.0,0.0,0
3,1.0,0.0,1.0,0.0,0,0.0,-1.0,0.6800000071525574,0.8,1
3,1.0,1.0,0.0,0.0,0,0.0,1.0,0.0,0.0,0
3,1.0,1.0,0.0,0.0,0,0.0,1.0,0.0,0.0,0
3,1.0,0.0,1.0,0.0,0,0.0,-1.0,0.925000011920929,0.3,3
3,1.0,0.0,1.0,0.0,0,0.0,-1.0,0.9200000166893005,0.2,2
3,1.0,0.0,1.0,0.0,0,0.0,-1.0,0.940000057220459,0.2,0
3,1.0,0.0,1.0,0.0,0,0.0,-1.0,0.9099999666213989,0.3,2
3,1.0,0.0,1.0,0.0,0,0.0,-1.0,0.875,0.5,3
3,1.0,0.0,1.0,0.0,0,0.0,-1.0,0.9500000476837158,0.2,1
3,1.0,0.0,1.0,0.0,0,0.0,-1.0,0.9500000476837158,0.2,2
3,1.0,0.0,1.0,0.0,0,0.0,-1.0,0.550000011920929,1.0,3
3,1.0,0.0,1.0,0.0,0,0.0,-1.0,0.6800000071525574,0.8,1
3,1.0,1.0,0.0,0.0,0,0.0,1.0,0.0,0.0,0
3,1.0,0.0,1.0,0.0,0,0.0,-1.0,0.9500000476837158,0.2,3
3,1.0,0.0,1.0,0.0,0,0.0,-1.0,0.75,1.0,2
3,1.0,0.0,1.0,0.0,0,0.0,-1.0,0.925000011920929,0.3,0
3,1.0,0.0,1.0,0.0,0,0.0,-1.0,0.6800000071525574,0.8,3
3,1.0,0.0,1.0,0.0,0,0.0,-1.0,0.940000057220459,0.2,3
3,1.0,0.0,1.0,0.0,0,0.0,-1.0,0.7599999904632568,0.8,1
3,1.0,0.0,1.0,0.0,0,0.0,-1.0,0.800000011920929,0.8,0
3,1.0,0.0,1.0,0.0,0,0.0,-1.0,0.5999999642372131,1.0,2
3,1.0,1.0,0.0,0.0,0,0.0,1.0,0.0,0.0,0
3,1.0,0.0,1.0,0.0,0,0.0,-1.0,0.925000011920929,0.3,2
3,1.0,0.0,1.0,0.0,0,0.0,-1.0,0.875,0.5,0
3,1.0,0.0,1.0,0.0,0,0.0,-1.0,0.8500000238418579,0.5,1
3,1.0,1.0,0.0,0.0,0,0.0,1.0,0.0,0.0,0
3,1.0,0.0,1.0,0.0,0,0.0,-1.0,0.9500000476837158,0.2,0
3,1.0,0.0,1.0,0.0,0,0.0,-1.0,0.9500000476837158,0.2,1
3,1.0,0.0,1.0,0.0,0,0.0,-1.0,0.9099999666213989,0.3,0
3,1.0,0.0,1.0,0.0,0,0.0,-1.0,0.9200000166893005,0.2,2
3,1.0,0.0,1.0,0.0,0,0.0,-1.0,0.800000011920929,0.8,3
3,1.0,0.0,1.0,0.0,0,0.0,-1.0,0.75,1.0,1
3,1.0,0.0,1.0,0.0,0,0.0,-1.0,0.9500000476837158,0.2,2
3,1.0,0.0,1.0,0.0,0,0.0,-1.0,0.9200000166893005,0.2,2
3,1.0,0.0,1.0,0.0,0,0.0,-1.0,0.875,0.5,1
3,1.0,1.0,0.0,0.0,0,0.0,1.0,0.0,0.0,0
3,1.0,0.0,1.0,0.0,0,0.0,-1.0,0.875,0.5,1
3,1.0,0.0,1.0,0.0,0,0.0,-1.0,0.7599999904632568,0.8,0
3,1.0,0.0,1.0,0.0,0,0.0,-1.0,0.9500000476837158,0.2,1
3,1.0,0.0,1.0,0.0,0,0.0,-1.0,0.925000011920929,0.3,3
3,1.0,0.0,1.0,0.0,0,0.0,-1.0,0.5999999642372131,1.0,0
3,1.0,1.0,0.0,0.0,0,0.0,1.0,0.0,0.0,0
3,1.0,1.0,0.0,0.0,0,0.0,1.0,0.0,0.0,0
3,1.0,0.0,1.0,0.0,0,0.0,-1.0,0.6800000071525574,0.8,2
3,1.0,0.0,1.0,0.0,0,0.0,-1.0,0.7999999523162842,0.5,2
3,1.0,1.0,0.0,0.0,0,0.0,1.0,0.0,0.0,0
3,1.0,0.0,1.0,0.0,0,0.0,-1.0,0.9099999666213989,0.3,2
3,1.0,0.0,1.0,0.0,0,0.0,-1.0,0.940000057220459,0.2,1
3,1.0,0.0,1.0,0.0,0,0.0,-1.0,0.7599999904632568,0.8,1
3,1.0,1.0,0.0,0.0,0,0.0,1.0,0.0,0.0,0
3,1.0,0.0,1.0,0.0,0,0.0,-1.0,0.925000011920929,0.3,2
3,1.0,0.0,1.0,0.0,0,0.0,-1.0,0.6800000071525574,0.8,1
3,1.0,0.0,1.0,0.0,0,0.0,-1.0,0.9500000476837158,0.2,2
3,1.0,0.0,1.0,0.0,0,0.0,-1.0,0.9500000476837158,0.2,3
3,1.0,0.0,1.0,0.0,0,0.0,-1.0,0.7599999904632568,0.8,3
3,1.0,0.0,1.0,0.0,0,0.0,-1.0,0.9099999666213989,0.3,3
3,1.0,0.0,1.0,0.0,0,0.0,-1.0,0.9099999666213989,0.3,3
3,1.0,1.0,0.0,0.0,0,0.0,1.0,0.0,0.0,0
3,1.0,0.0,1.0,0.0,0,0.0,-1.0,0.9500000476837158,0.2,3
3,1.0,0.0,1.0,0.0,0,0.0,-1.0,0.9200000166893005,0.2,3
3,1.0,1.0,0.0,0.0,0,0.0,1.0,0.0,0.0,0
3,1.0,1.0,0.0,0.0,0,0.0,1.0,0.0,0.0,0
3,1.0,1.0,0.0,0.0,0,0.0,1.0,0.0,0.0,0
3,1.0,1.0,0.0,0.0,0,0.0,1.0,0.0,0.0,0
3,1.0,0.0,1.0,0.0,0,0.0,-1.0,0.6800000071525574,0.8,0
3,1.0,0.0,1.0,0.0,0,0.0,-1.0,0.9500000476837158,0.2,2
3,1.0,0.0,1.0,0.0,0,0.0,-1.0,0.9100000262260437,0.2,1
3,1.0,1.0,0.0,0.0,0,0.0,1.0,0.0,0.0,0
3,1.0,0.0,1.0,0.0,0,0.0,-1.0,0.9200000166893005,0.2,0
3,1.0,0.0,1.0,0.0,0,0.0,-1.0,0.7599999904632568,0.8,3
3,1.0,0.0,1.0,0.0,0,0.0,-1.0,0.7599999904632568,0.8,2
3,1.0,0.0,1.0,0.0,0,0.0,-1.0,0.5999999642372131,1.0,2
3,1.0,0.0,1.0,0.0,0,0.0,-1.0,0.6399999856948853,0.8,2
3,1.0,0.0,1.0,0.0,0,0.0,-1.0,0.9100000262260437,0.2,1
3,1.0,0.0,1.0,0.0,0,0.0,-1.0,0.875,0.5,1
3,1.0,1.0,0.0,0.0,0,0.0,1.0,0.0,0.0,0
3,1.0,1.0,0.0,0.0,0,0.0,1.0,0.0,0.0,0
3,1.0,1.0,0.0,0.0,0,0.0,1.0,0.0,0.0,0
3,1.0,0.0,1.0,0.0,0,0.0,-1.0,0.7749999761581421,0.5,0
3,1.0,0.0,1.0,0.0,0,0.0,-1.0,0.800000011920929,0.8,1
3,1.0,1.0,0.0,0.0,0,0.0,1.0,0.0,0.0,0
3,1.0,0.0,1.0,0.0,0,0.0,-1.0,0.7000000476837158,1.0,2
3,1.0,1.0,0.0,0.0,0,0.0,1.0,0.0,0.0,0
3,1.0,1.0,0.0,0.0,0,0.0,1.0,0.0,0.0,0
3,1.0,1.0,0.0,0.0,0,0.0,1.0,0.0,0.0,0
3,1.0,1.0,0.0,0.0,0,0.0,1.0,0.0,0.0,0
3,1.0,1.0,0.0,0.0,0,0.0,1.0,0.0,0.0,0
3,1.0,1.0,0.0,0.0,0,0.0,1.0,0.0,0.0,0
3,1.0,0.0,1.0,0.0,0,0.0,-1.0,0.6800000071525574,0.8,2
3,1.0,0.0,1.0,0.0,0,0.0,-1.0,0.9500000476837158,0.2,0
3,1.0,0.0,1.0,0.0,0,0.0,-1.0,0.7000000476837158,1.0,3
3,1.0,1.0,0.0,0.0,0,0.0,1.0,0.0,0.0,0
3,1.0,0.0,1.0,0.0,0,0.0,-1.0,0.7599999904632568,0.8,3
3,1.0,1.0,0.0,0.0,0,0.0,1.0,0.0,0.0,0
3,1.0,0.0,1.0,0.0,0,0.0,-1.0,0.9500000476837158,0.2,0
3,1.0,0.0,1.0,0.0,0,0.0,-1.0,0.550000011920929,1.0,2
3,1.0,1.0,0.0,0.0,0,0.0,1.0,0.0,0.0,0
3,1.0,0.0,1.0,0.0,0,0.0,-1.0,0.6800000071525574,0.8,2
3,1.0,1.0,0.0,0.0,0,0.0,1.0,0.0,0.0,0
3,1.0,0.0,1.0,0.0,0,0.0,-1.0,0.800000011920929,0.8,2
3,1.0,0.0,1.0,0.0,0,0.0,-1.0,0.6800000071525574,0.8,3
3,1.0,0.0,1.0,0.0,0,0.0,-1.0,0.8500000238418579,0.5,0
3,1.0,0.0,1.0,0.0,0,0.0,-1.0,0.925000011920929,0.3,2
3,1.0,0.0,1.0,0.0,0,0.0,-1.0,0.75,1.0,2
3,1.0,0.0,1.0,0.0,0,0.0,-1.0,0.9100000262260437,0.2,1
3,1.0,0.0,1.0,0.0,0,0.0,-1.0,0.875,0.5,0
3,1.0,0.0,1.0,0.0,0,0.0,-1.0,0.9500000476837158,0.2,3
3,1.0,0.0,1.0,0.0,0,0.0,-1.0,0.9099999666213989,0.3,2
3,1.0,0.0,1.0,0.0,0,0.0,-1.0,0.800000011920929,0.8,0
3,1.0,0.0,1.0,0.0,0,0.0,-1.0,0.940000057220459,0.2,0
3,1.0,0.0,1.0,0.0,0,0.0,-1.0,0.6800000071525574,0.8,1
3,1.0,0.0,1.0,0.0,0,0.0,-1.0,0.550000011920929,1.0,0
3,1.0,0.0,1.0,0.0,0,0.0,-1.0,0.9099999666213989,0.3,0
3,1.0,0.0,1.0,0.0,0,0.0,-1.0,0.9100000262260437,0.2,0
3,1.0,0.0,1.0,0.0,0,0.0,-1.0,0.9500000476837158,0.2,0
3,1.0,1.0,0.0,0.0,0,0.0,1.0,0.0,0.0,0
3,1.0,0.0,1.0,0.0,0,0.0,-1.0,0.9500000476837158,0.2,2
3,1.0,1.0,0.0,0.0,0,0.0,1.0,0.0,0.0,0
3,1.0,0.0,1.0,0.0,0,0.0,-1.0,0.8500000238418579,0.5,2
3,1.0,0.0,1.0,0.0,0,0.0,-1.0,0.940000057220459,0.2,1
3,1.0,1.0,0.0,0.0,0,0.0,1.0,0.0,0.0,0
3,1.0,1.0,0.0,0.0,0,0.0,1.0,0.0,0.0,0
3,1.0,1.0,0.0,0.0,0,0.0,1.0,0.0,0.0,0
3,1.0,0.0,1.0,0.0,0,0.0,-1.0,0.7749999761581421,0.5,2
3,1.0,0.0,1.0,0.0,0,0.0,-1.0,0.800000011920929,0.8,2
3,1.0,0.0,1.0,0.0,0,0.0,-1.0,0.550000011920929,1.0,1
3,1.0,0.0,1.0,0.0,0,0.0,-1.0,0.940000057220459,0.2,0
3,1.0,0.0,1.0,0.0,0,0.0,-1.0,0.75,1.0,2
3,1.0,0.0,1.0,0.0,0,0.0,-1.0,0.9500000476837158,0.2,1
3,1.0,0.0,1.0,0.0,0,0.0,-1.0,0.75,1.0,0
3,1.0,0.0,1.0,0.0,0,0.0,-1.0,0.875,0.5,0
3,1.0,0.0,1.0,0.0,0,0.0,-1.0,0.8500000238418579,0.5,1
3,1.0,1.0,0.0,0.0,0,0.0,1.0,0.0,0.0,0
3,1.0,0.0,1.0,0.0,0,0.0,-1.0,0.9099999666213989,0.3,0
3,1.0,1.0,0.0,0.0,0,0.0,1.0,0.0,0.0,0
3,1.0,0.0,1.0,0.0,0,0.0,-1.0,0.7000000476837158,1.0,1
3,1.0,1.0,0.0,0.0,0,0.0,1.0,0.0,0.0,0
3,1.0,0.0,1.0,0.0,0,0.0,-1.0,0.925000011920929,0.3,1
3,1.0,1.0,0.0,0.0,0,0.0,1.0,0.0,0.0,0
3,1.0,0.0,1.0,0.0,0,0.0,-1.0,0.925000011920929,0.3,0
3,1.0,1.0,0.0,0.0,0,0.0,1.0,0.0,0.0,0
3,1.0,0.0,1.0,0.0,0,0.0,-1.0,0.800000011920929,0.8,3
3,1.0,1.0,0.0,0.0,0,0.0,1.0,0.0,0.0,0
3,1.0,0.0,1.0,0.0,0,0.0,-1.0,0.940000057220459,0.2,2
3,1.0,1.0,0.0,0.0,0,0.0,1.0,0.0,0.0,0
3,1.0,1.0,0.0,0.0,0,0.0,1.0,0.0,0.0,0
3,1.0,0.0,1.0,0.0,0,0.0,-1.0,0.940000057220459,0.2,0
3,1.0,0.0,1.0,0.0,0,0.0,-1.0,0.925000011920929,0.3,1
3,1.0,0.0,1.0,0.0,0,0.0,-1.0,0.7599999904632568,0.8,0
3,1.0,0.0,1.0,0.0,0,0.0,-1.0,0.800000011920929,0.8,1
3,1.0,0.0,1.0,0.0,0,0.0,-1.0,0.5999999642372131,1.0,0
3,1.0,0.0,1.0,0.0,0,0.0,-1.0,0.75,1.0,3
3,1.0,0.0,1.0,0.0,0,0.0,-1.0,0.925000011920929,0.3,1
3,1.0,1.0,0.0,0.0,0,0.0,1.0,0.0,0.0,0
3,1.0,0.0,1.0,0.0,0,0.0,-1.0,0.9500000476837158,0.2,3
3,1.0,0.0,1.0,0.0,0,0.0,-1.0,0.75,1.0,0
3,1.0,0.0,1.0,0.0,0,0.0,-1.0,0.75,1.0,1
3,1.0,0.0,1.0,0.0,0,0.0,-1.0,0.9200000166893005,0.2,0
3,1.0,0.0,1.0,0.0,0,0.0,-1.0,0.9099999666213989,0.3,1
3,1.0,1.0,0.0,0.0,0,0.0,1.0,0.0,0.0,0
3,1.0,0.0,1.0,0.0,0,0.0,-1.0,0.925000011920929,0.3,1
3,1.0,0.0,1.0,0.0,0,0.0,-1.0,0.925000011920929,0.3,0
3,1.0,0.0,1.0,0.0,0,0.0,-1.0,0.875,0.5,2
3,1.0,1.0,0.0,0.0,0,0.0,1.0,0.0,0.0,0
3,1.0,1.0,0.0,0.0,0,0.0,1.0,0.0,0.0,0
3,1.0,0.0,1.0,0.0,0,0.0,-1.0,0.9500000476837158,0.2,0
3,1.0,0.0,1.0,0.0,0,0.0,-1.0,0.800000011920929,0.8,1
3,1.0,1.0,0.0,0.0,0,0.0,1.0,0.0,0.0,0
3,1.0,0.0,1.0,0.0,0,0.0,-1.0,0.875,0.5,1
3,1.0,0.0,1.0,0.0,0,0.0,-1.0,0.7999999523162842,0.5,3
3,1.0,0.0,1.0,0.0,0,0.0,-1.0,0.800000011920929,0.8,1
3,1.0,0.0,1.0,0.0,0,0.0,-1.0,0.925000011920929,0.3,3
3,1.0,0.0,1.0,0.0,0,0.0,-1.0,0.9200000166893005,0.2,2
3,1.0,1.0,0.0,0.0,0,0.0,1.0,0.0,0.0,0
3,1.0,0.0,1.0,0.0,0,0.0,-1.0,0.9099999666213989,0.3,1
3,1.0,0.0,1.0,0.0,0,0.0,-1.0,0.8500000238418579,0.5,1
3,1.0,0.0,1.0,0.0,0,0.0,-1.0,0.75,1.0,1
3,1.0,1.0,0.0,0.0,0,0.0,1.0,0.0,0.0,0
3,1.0,1.0,0.0,0.0,0,0.0,1.0,0.0,0.0,0
3,1.0,0.0,1.0,0.0,0,0.0,-1.0,0.925000011920929,0.3,3
3,1.0,0.0,1.0,0.0,0,0.0,-1.0,0.875,0.5,1
3,1.0,1.0,0.0,0.0,0,0.0,1.0,0.0,0.0,0
3,1.0,1.0,0.0,0.0,0,0.0,1.0,0.0,0.0,0
3,1.0,1.0,0.0,0.0,0,0.0,1.0,0.0,0.0,0
3,1.0,0.0,1.0,0.0,0,0.0,-1.0,0.8500000238418579,0.5,2
3,1.0,1.0,0.0,0.0,0,0.0,1.0,0.0,0.0,0
3,1.0,0.0,1.0,0.0,0,0.0,-1.0,0.875,0.5,3
3,1.0,1.0,0.0,0.0,0,0.0,1.0,0.0,0.0,0
3,1.0,1.0,0.0,0.0,0,0.0,1.0,0.0,0.0,0
3,1.0,0.0,1.0,0.0,0,0.0,-1.0,0.875,0.5,2
3,1.0,0.0,1.0,0.0,0,0.0,-1.0,0.925000011920929,0.3,0
3,1.0,0.0,1.0,0.0,0,0.0,-1.0,0.8500000238418579,0.5,2
3,1.0,0.0,1.0,0.0,0,0.0,-1.0,0.9500000476837158,0.2,1
3,1.0,0.0,1.0,0.0,0,0.0,-1.0,0.8500000238418579,0.5,3
3,1.0,0.0,1.0,0.0,0,0.0,-1.0,0.800000011920929,0.8,1
3,1.0,1.0,0.0,0.0,0,0.0,1.0,0.0,0.0,0
3,1.0,1.0,0.0,0.0,0,0.0,1.0,0.0,0.0,0
3,1.0,0.0,1.0,0.0,0,0.0,-1.0,0.800000011920929,0.8,2
3,1.0,1.0,0.0,0.0,0,0.0,1.0,0.0,0.0,0
3,1.0,1.0,0.0,0.0,0,0.0,1.0,0.0,0.0,0
3,1.0,0.0,1.0,0.0,0,0.0,-1.0,0.7999999523162842,0.5,1
3,1.0,0.0,1.0,0.0,0,0.0,-1.0,0.9500000476837158,0.2,1
3,1.0,0.0,1.0,0.0,0,0.0,-1.0,0.75,1.0,3
3,1.0,0.0,1.0,0.0,0,0.0,-1.0,0.9500000476837158,0.2,2
3,1.0,0.0,1.0,0.0,0,0.0,-1.0,0.75,1.0,3
3,1.0,0.0,1.0,0.0,0,0.0,-1.0,0.800000011920929,0.8,2
3,1.0,0.0,1.0,0.0,0,0.0,-1.0,0.75,1.0,2
3,1.0,0.0,1.0,0.0,0,0.0,-1.0,0.800000011920929,0.8,0
3,1.0,0.0,1.0,0.0,0,0.0,-1.0,0.800000011920929,0.8,1
3,1.0,0.0,1.0,0.0,0,0.0,-1.0,0.925000011920929,0.3,2
3,1.0,0.0,1.0,0.0,0,0.0,-1.0,0.9099999666213989,0.3,2
3,1.0,0.0,1.0,0.0,0,0.0,-1.0,0.75,1.0,2
3,1.0,0.0,1.0,0.0,0,0.0,-1.0,0.75,1.0,2
3,1.0,0.0,1.0,0.0,0,0.0,-1.0,0.75,1.0,2
3,1.0,0.0,1.0,0.0,0,0.0,-1.0,0.8500000238418579,0.5,0
3,1.0,0.0,1.0,0.0,0,0.0,-1.0,0.925000011920929,0.3,0
3,1.0,1.0,0.0,0.0,0,0.0,1.0,0.0,0.0,0
3,1.0,1.0,0.0,0.0,0,0.0,1.0,0.0,0.0,0
3,1.0,1.0,0.0,0.0,0,0.0,1.0,0.0,0.0,0
3,1.0,1.0,0.0,0.0,0,0.0,1.0,0.0,0.0,0
3,1.0,0.0,1.0,0.0,0,0.0,-1.0,0.75,1.0,0
3,1.0,1.0,0.0,0.0,0,0.0,1.0,0.0,0.0,0
3,1.0,0.0,1.0,0.0,0,0.0,-1.0,0.9099999666213989,0.3,2
3,1.0,1.0,0.0,0.0,0,0.0,1.0,0.0,0.0,0
3,1.0,0.0,1.0,0.0,0,0.0,-1.0,0.9099999666213989,0.3,2
3,1.0,0.0,1.0,0.0,0,0.0,-1.0,0.5999999642372131,1.0,2
3,1.0,0.0,1.0,0.0,0,0.0,-1.0,0.75,1.0,2
3,1.0,0.0,1.0,0.0,0,0.0,-1.0,0.9100000262260437,0.2,3
3,1.0,0.0,1.0,0.0,0,0.0,-1.0,0.6399999856948853,0.8,1
3,1.0,0.0,1.0,0.0,0,0.0,-1.0,0.9099999666213989,0.3,1
3,1.0,0.0,1.0,0.0,0,0.0,-1.0,0.875,0.5,3
3,1.0,1.0,0.0,0.0,0,0.0,1.0,0.0,0.0,0
3,1.0,0.0,1.0,0.0,0,0.0,-1.0,0.9500000476837158,0.2,2
3,1.0,0.0,1.0,0.0,0,0.0,-1.0,0.7599999904632568,0.8,1
3,1.0,0.0,1.0,0.0,0,0.0,-1.0,0.940000057220459,0.2,2
3,1.0,0.0,1.0,0.0,0,0.0,-1.0,0.7999999523162842,0.5,3
3,1.0,1.0,0.0,0.0,0,0.0,1.0,0.0,0.0,0
3,1.0,0.0,1.0,0.0,0,0.0,-1.0,0.800000011920929,0.8,2
3,1.0,0.0,1.0,0.0,0,0.0,-1.0,0.940000057220459,0.2,2
3,1.0,0.0,1.0,0.0,0,0.0,-1.0,0.7000000476837158,1.0,1
3,1.0,0.0,1.0,0.0,0,0.0,-1.0,0.7999999523162842,0.5,2
3,1.0,0.0,1.0,0.0,0,0.0,-1.0,0.6800000071525574,0.8,3
3,1.0,1.0,0.0,0.0,0,0.0,1.0,0.0,0.0,0
3,1.0,1.0,0.0,0.0,0,0.0,1.0,0.0,0.0,0
3,1.0,1.0,0.0,0.0,0,0.0,1.0,0.0,0.0,0
3,1.0,1.0,0.0,0.0,0,0.0,1.0,0.0,0.0,0
3,1.0,0.0,1.0,0.0,0,0.0,-1.0,0.9099999666213989,0.3,1
3,1.0,0.0,1.0,0.0,0,0.0,-1.0,0.925000011920929,0.3,2
3,1.0,0.0,1.0,0.0,0,0.0,-1.0,0.9099999666213989,0.3,0
3,1.0,0.0,1.0,0.0,0,0.0,-1.0,0.9500000476837158,0.2,1
3,1.0,1.0,0.0,0.0,0,0.0,1.0,0.0,0.0,0
3,1.0,1.0,0.0,0.0,0,0.0,1.0,0.0,0.0,0
3,1.0,0.0,1.0,0.0,0,0.0,-1.0,0.7000000476837158,1.0,2
3,1.0,1.0,0.0,0.0,0,0.0,1.0,0.0,0.0,0
3,1.0,1.0,0.0,0.0,0,0.0,1.0,0.0,0.0,0
3,1.0,1.0,0.0,0.0,0,0.0,1.0,0.0,0.0,0
3,1.0,0.0,1.0,0.0,0,0.0,-1.0,0.7999999523162842,0.5,3
3,1.0,0.0,1.0,0.0,0,0.0,-1.0,0.800000011920929,0.8,1
3,1.0,0.0,1.0,0.0,0,0.0,-1.0,0.9200000166893005,0.2,1
3,1.0,0.0,1.0,0.0,0,0.0,-1.0,0.800000011920929,0.8,1
3,1.0,1.0,0.0,0.0,0,0.0,1.0,0.0,0.0,0
3,1.0,0.0,1.0,0.0,0,0.0,-1.0,0.925000011920929,0.3,3
3,1.0,1.0,0.0,0.0,0,0.0,1.0,0.0,0.0,0
3,1.0,1.0,0.0,0.0,0,0.0,1.0,0.0,0.0,0
3,1.0,0.0,1.0,0.0,0,0.0,-1.0,0.9500000476837158,0.2,1
3,1.0,0.0,1.0,0.0,0,0.0,-1.0,0.8500000238418579,0.5,2
3,1.0,0.0,1.0,0.0,0,0.0,-1.0,0.875,0.5,1
3,1.0,0.0,1.0,0.0,0,0.0,-1.0,0.7599999904632568,0.8,0
3,1.0,0.0,1.0,0.0,0,0.0,-1.0,0.9500000476837158,0.2,0
3,1.0,0.0,1.0,0.0,0,0.0,-1.0,0.6800000071525574,0.8,1
3,1.0,1.0,0.0,0.0,0,0.0,1.0,0.0,0.0,0
3,1.0,0.0,1.0,0.0,0,0.0,-1.0,0.9200000166893005,0.2,1
3,1.0,0.0,1.0,0.0,0,0.0,-1.0,0.925000011920929,0.3,2
3,1.0,0.0,1.0,0.0,0,0.0,-1.0,0.75,1.0,2
3,1.0,0.0,1.0,0.0,0,0.0,-1.0,0.9200000166893005,0.2,0
3,1.0,0.0,1.0,0.0,0,0.0,-1.0,0.7749999761581421,0.5,0
3,1.0,1.0,0.0,0.0,0,0.0,1.0,0.0,0.0,0
3,1.0,0.0,1.0,0.0,0,0.0,-1.0,0.9200000166893005,0.2,2
3,1.0,0.0,1.0,0.0,0,0.0,-1.0,0.9099999666213989,0.3,2
3,1.0,0.0,1.0,0.0,0,0.0,-1.0,0.925000011920929,0.3,1
3,1.0,1.0,0.0,0.0,0,0.0,1.0,0.0,0.0,0
3,1.0,1.0,0.0,0.0,0,0.0,1.0,0.0,0.0,0
3,1.0,1.0,0.0,0.0,0,0.0,1.0,0.0,0.0,0
3,1.0,0.0,1.0,0.0,0,0.0,-1.0,0.8500000238418579,0.5,0
3,1.0,0.0,1.0,0.0,0,0.0,-1.0,0.925000011920929,0.3,0
3,1.0,0.0,1.0,0.0,0,0.0,-1.0,0.875,0.5,1
3,1.0,0.0,1.0,0.0,0,0.0,-1.0,0.875,0.5,3
3,1.0,0.0,1.0,0.0,0,0.0,-1.0,0.925000011920929,0.3,2
3,1.0,0.0,1.0,0.0,0,0.0,-1.0,0.875,0.5,2
3,1.0,0.0,1.0,0.0,0,0.0,-1.0,0.7599999904632568,0.8,1
3,1.0,1.0,0.0,0.0,0,0.0,1.0,0.0,0.0,0
3,1.0,0.0,1.0,0.0,0,0.0,-1.0,0.925000011920929,0.3,3
3,1.0,0.0,1.0,0.0,0,0.0,-1.0,0.9500000476837158,0.2,3
3,1.0,0.0,1.0,0.0,0,0.0,-1.0,0.9500000476837158,0.2,1
3,1.0,0.0,1.0,0.0,0,0.0,-1.0,0.9500000476837158,0.2,3
3,1.0,0.0,1.0,0.0,0,0.0,-1.0,0.800000011920929,0.8,3
3,1.0,1.0,0.0,0.0,0,0.0,1.0,0.0,0.0,0
3,1.0,1.0,0.0,0.0,0,0.0,1.0,0.0,0.0,0
3,1.0,0.0,1.0,0.0,0,0.0,-1.0,0.7999999523162842,0.5,3
3,1.0,1.0,0.0,0.0,0,0.0,1.0,0.0,0.0,0
3,1.0,1.0,0.0,0.0,0,0.0,1.0,0.0,0.0,0
3,1.0,1.0,0.0,0.0,0,0.0,1.0,0.0,0.0,0
3,1.0,0.0,1.0,0.0,0,0.0,-1.0,0.9200000166893005,0.2,1
3,1.0,0.0,1.0,0.0,0,0.0,-1.0,0.800000011920929,0.8,2
3,1.0,1.0,0.0,0.0,0,0.0,1.0,0.0,0.0,0
3,1.0,0.0,1.0,0.0,0,0.0,-1.0,0.925000011920929,0.3,1
3,1.0,0.0,1.0,0.0,0,0.0,-1.0,0.875,0.5,1
3,1.0,0.0,1.0,0.0,0,0.0,-1.0,0.875,0.5,0
3,1.0,0.0,1.0,0.0,0,0.0,-1.0,0.75,1.0,2
3,1.0,0.0,1.0,0.0,0,0.0,-1.0,0.7599999904632568,0.8,0
3,1.0,1.0,0.0,0.0,0,0.0,1.0,0.0,0.0,0
3,1.0,0.0,1.0,0.0,0,0.0,-1.0,0.7000000476837158,1.0,3
3,1.0,0.0,1.0,0.0,0,0.0,-1.0,0.9099999666213989,0.3,0
3,1.0,0.0,1.0,0.0,0,0.0,-1.0,0.75,1.0,1
3,1.0,1.0,0.0,0.0,0,0.0,1.0,0.0,0.0,0
3,1.0,0.0,1.0,0.0,0,0.0,-1.0,0.9500000476837158,0.2,2
3,1.0,1.0,0.0,0.0,0,0.0,1.0,0.0,0.0,0
3,1.0,1.0,0.0,0.0,0,0.0,1.0,0.0,0.0,0
3,1.0,1.0,0.0,0.0,0,0.0,1.0,0.0,0.0,0
3,1.0,1.0,0.0,0.0,0,0.0,1.0,0.0,0.0,0
3,1.0,0.0,1.0,0.0,0,0.0,-1.0,0.7599999904632568,0.8,1
3,1.0,0.0,1.0,0.0,0,0.0,-1.0,0.75,1.0,2
3,1.0,1.0,0.0,0.0,0,0.0,1.0,0.0,0.0,0
3,1.0,0.0,1.0,0.0,0,0.0,-1.0,0.800000011920929,0.8,3
3,1.0,1.0,0.0,0.0,0,0.0,1.0,0.0,0.0,0
3,1.0,0.0,1.0,0.0,0,0.0,-1.0,0.9099999666213989,0.3,1
3,1.0,0.0,1.0,0.0,0,0.0,-1.0,0.75,1.0,0
3,1.0,0.0,1.0,0.0,0,0.0,-1.0,0.800000011920929,0.8,2
3,1.0,0.0,1.0,0.0,0,0.0,-1.0,0.9500000476837158,0.2,3
3,1.0,0.0,1.0,0.0,0,0.0,-1.0,0.9099999666213989,0.3,3
3,1.0,1.0,0.0,0.0,0,0.0,1.0,0.0,0.0,0
3,1.0,0.0,1.0,0.0,0,0.0,-1.0,0.925000011920929,0.3,3
3,1.0,0.0,1.0,0.0,0,0.0,-1.0,0.800000011920929,0.8,0
3,1.0,1.0,0.0,0.0,0,0.0,1.0,0.0,0.0,0
3,1.0,0.0,1.0,0.0,0,0.0,-1.0,0.9500000476837158,0.2,2
3,1.0,0.0,1.0,0.0,0,0.0,-1.0,0.9100000262260437,0.2,1
3,1.0,0.0,1.0,0.0,0,0.0,-1.0,0.6800000071525574,0.8,2
3,1.0,0.0,1.0,0.0,0,0.0,-1.0,0.9099999666213989,0.3,1
3,1.0,1.0,0.0,0.0,0,0.0,1.0,0.0,0.0,0
3,1.0,1.0,0.0,0.0,0,0.0,1.0,0.0,0.0,0
3,1.0,0.0,1.0,0.0,0,0.0,-1.0,0.9200000166893005,0.2,0
3,1.0,1.0,0.0,0.0,0,0.0,1.0,0.0,0.0,0
3,1.0,1.0,0.0,0.0,0,0.0,1.0,0.0,0.0,0
3,1.0,1.0,0.0,0.0,0,0.0,1.0,0.0,0.0,0
3,1.0,1.0,0.0,0.0,0,0.0,1.0,0.0,0.0,0
3,1.0,0.0,1.0,0.0,0,0.0,-1.0,0.875,0.5,1
3,1.0,0.0,1.0,0.0,0,0.0,-1.0,0.925000011920929,0.3,1
3,1.0,0.0,1.0,0.0,0,0.0,-1.0,0.5999999642372131,1.0,0
3,1.0,0.0,1.0,0.0,0,0.0,-1.0,0.9099999666213989,0.3,1
3,1.0,1.0,0.0,0.0,0,0.0,1.0,0.0,0.0,0
3,1.0,0.0,1.0,0.0,0,0.0,-1.0,0.925000011920929,0.3,3
3,1.0,0.0,1.0,0.0,0,0.0,-1.0,0.75,1.0,1
3,1.0,0.0,1.0,0.0,0,0.0,-1.0,0.875,0.5,0
3,1.0,0.0,1.0,0.0,0,0.0,-1.0,0.9500000476837158,0.2,3
3,1.0,0.0,1.0,0.0,0,0.0,-1.0,0.7000000476837158,1.0,2
3,1.0,0.0,1.0,0.0,0,0.0,-1.0,0.75,1.0,3
3,1.0,0.0,1.0,0.0,0,0.0,-1.0,0.875,0.5,1
3,1.0,0.0,1.0,0.0,0,0.0,-1.0,0.9500000476837158,0.2,2
3,1.0,0.0,1.0,0.0,0,0.0,-1.0,0.800000011920929,0.8,1
3,1.0,0.0,1.0,0.0,0,0.0,-1.0,0.7599999904632568,0.8,1
3,1.0,1.0,0.0,0.0,0,0.0,1.0,0.0,0.0,0
3,1.0,1.0,0.0,0.0,0,0.0,1.0,0.0,0.0,0
3,1.0,1.0,0.0,0.0,0,0.0,1.0,0.0,0.0,0
3,1.0,1.0,0.0,0.0,0,0.0,1.0,0.0,0.0,0
3,1.0,0.0,1.0,0.0,0,0.0,-1.0,0.800000011920929,0.8,0
3,1.0,1.0,0.0,0.0,0,0.0,1.0,0.0,0.0,0
3,1.0,0.0,1.0,0.0,0,0.0,-1.0,0.7999999523162842,0.5,0
3,1.0,1.0,0.0,0.0,0,0.0,1.0,0.0,0.0,0
3,1.0,0.0,1.0,0.0,0,0.0,-1.0,0.7000000476837158,1.0,3
3,1.0,1.0,0.0,0.0,0,0.0,1.0,0.0,0.0,0
3,1.0,0.0,1.0,0.0,0,0.0,-1.0,0.875,0.5,1
3,1.0,0.0,1.0,0.0,0,0.0,-1.0,0.925000011920929,0.3,1
3,1.0,0.0,1.0,0.0,0,0.0,-1.0,0.9500000476837158,0.2,1
3,1.0,0.0,1.0,0.0,0,0.0,-1.0,0.9500000476837158,0.2,0
3,1.0,1.0,0.0,0.0,0,0.0,1.0,0.0,0.0,0
3,1.0,1.0,0.0,0.0,0,0.0,1.0,0.0,0.0,0
3,1.0,0.0,1.0,0.0,0,0.0,-1.0,0.9200000166893005,0.2,1
3,1.0,0.0,1.0,0.0,0,0.0,-1.0,0.940000057220459,0.2,3
3,1.0,0.0,1.0,0.0,0,0.0,-1.0,0.940000057220459,0.2,1
3,1.0,0.0,1.0,0.0,0,0.0,-1.0,0.9500000476837158,0.2,2
3,1.0,1.0,0.0,0.0,0,0.0,1.0,0.0,0.0,0
3,1.0,0.0,1.0,0.0,0,0.0,-1.0,0.925000011920929,0.3,2
3,1.0,0.0,1.0,0.0,0,0.0,-1.0,0.6800000071525574,0.8,2
3,1.0,0.0,1.0,0.0,0,0.0,-1.0,0.5999999642372131,1.0,2
3,1.0,0.0,1.0,0.0,0,0.0,-1.0,0.925000011920929,0.3,1
3,1.0,0.0,1.0,0.0,0,0.0,-1.0,0.5999999642372131,1.0,1
3,1.0,1.0,0.0,0.0,0,0.0,1.0,0.0,0.0,0
3,1.0,0.0,1.0,0.0,0,0.0,-1.0,0.9500000476837158,0.2,2
3,1.0,1.0,0.0,0.0,0,0.0,1.0,0.0,0.0,0
3,1.0,0.0,1.0,0.0,0,0.0,-1.0,0.940000057220459,0.2,3
3,1.0,1.0,0.0,0.0,0,0.0,1.0,0.0,0.0,0
3,1.0,1.0,0.0,0.0,0,0.0,1.0,0.0,0.0,0
3,1.0,0.0,1.0,0.0,0,0.0,-1.0,0.75,1.0,3
3,1.0,0.0,1.0,0.0,0,0.0,-1.0,0.9500000476837158,0.2,3
3,1.0,0.0,1.0,0.0,0,0.0,-1.0,0.9200000166893005,0.2,2
3,1.0,1.0,0.0,0.0,0,0.0,1.0,0.0,0.0,0
3,1.0,1.0,0.0,0.0,0,0.0,1.0,0.0,0.0,0
3,1.0,1.0,0.0,0.0,0,0.0,1.0,0.0,0.0,0
3,1.0,1.0,0.0,0.0,0,0.0,1.0,0.0,0.0,0
3,1.0,0.0,1.0,0.0,0,0.0,-1.0,0.940000057220459,0.2,3
3,1.0,0.0,1.0,0.0,0,0.0,-1.0,0.7599999904632568,0.8,1
3,1.0,1.0,0.0,0.0,0,0.0,1.0,0.0,0.0,0
3,1.0,1.0,0.0,0.0,0,0.0,1.0,0.0,0.0,0
3,1.0,0.0,1.0,0.0,0,0.0,-1.0,0.940000057220459,0.2,0
3,1.0,0.0,1.0,0.0,0,0.0,-1.0,0.875,0.5,1
4,1.0,0.0,1.0,0.0,0,0.0,-1.0,0.800000011920929,0.8,0
4,1.0,0.0,1.0,0.0,0,0.0,-1.0,0.9500000476837158,0.2,3
4,1.0,0.0,1.0,0.0,0,0.0,-1.0,0.925000011920929,0.3,0
4,1.0,0.0,1.0,0.0,0,0.0,-1.0,0.9500000476837158,0.2,2
4,1.0,0.0,1.0,0.0,0,0.0,-1.0,0.5999999642372131,1.0,3
4,1.0,1.0,0.0,0.0,0,0.0,1.0,0.0,0.0,0
4,1.0,0.0,1.0,0.0,0,0.0,-1.0,0.7599999904632568,0.8,2
4,1.0,0.0,1.0,0.0,0,0.0,-1.0,0.7000000476837158,1.0,0
4,1.0,0.0,1.0,0.0,0,0.0,-1.0,0.9099999666213989,0.3,1
4,1.0,1.0,0.0,0.0,0,0.0,1.0,0.0,0.0,0
4,1.0,1.0,0.0,0.0,0,0.0,1.0,0.0,0.0,0
4,1.0,1.0,0.0,0.0,0,0.0,1.0,0.0,0.0,0
4,1.0,1.0,0.0,0.0,0,0.0,1.0,0.0,0.0,0
4,1.0,0.0,1.0,0.0,0,0.0,-1.0,0.7999999523162842,0.5,0
4,1.0,0.0,1.0,0.0,0,0.0,-1.0,0.7749999761581421,0.5,0
4,1.0,1.0,0.0,0.0,0,0.0,1.0,0.0,0.0,0
4,1.0,0.0,1.0,0.0,0,0.0,-1.0,0.6800000071525574,0.8,0
4,1.0,0.0,1.0,0.0,0,0.0,-1.0,0.8500000238418579,0.5,0
4,1.0,0.0,1.0,0.0,0,0.0,-1.0,0.7999999523162842,0.5,0
4,1.0,1.0,0.0,0.0,0,0.0,1.0,0.0,0.0,0
4,1.0,0.0,1.0,0.0,0,0.0,-1.0,0.75,1.0,3
4,1.0,1.0,0.0,0.0,0,0.0,1.0,0.0,0.0,0
4,1.0,1.0,0.0,0.0,0,0.0,1.0,0.0,0.0,0
4,1.0,1.0,0.0,0.0,0,0.0,1.0,0.0,0.0,0
4,1.0,1.0,0.0,0.0,0,0.0,1.0,0.0,0.0,0
4,1.0,0.0,1.0,0.0,0,0.0,-1.0,0.7599999904632568,0.8,3
4,1.0,0.0,1.0,0.0,0,0.0,-1.0,0.925000011920929,0.3,3
4,1.0,0.0,1.0,0.0,0,0.0,-1.0,0.75,1.0,0
4,1.0,1.0,0.0,0.0,0,0.0,1.0,0.0,0.0,0
4,1.0,1.0,0.0,0.0,0,0.0,1.0,0.0,0.0,0
4,1.0,0.0,1.0,0.0,0,0.0,-1.0,0.925000011920929,0.3,0
4,1.0,1.0,0.0,0.0,0,0.0,1.0,0.0,0.0,0
4,1.0,1.0,0.0,0.0,0,0.0,1.0,0.0,0.0,0
4,1.0,0.0,1.0,0.0,0,0.0,-1.0,0.5999999642372131,1.0,0
4,1.0,1.0,0.0,0.0,0,0.0,1.0,0.0,0.0,0
4,1.0,0.0,1.0,0.0,0,0.0,-1.0,0.925000011920929,0.3,1
4,1.0,1.0,0.0,0.0,0,0.0,1.0,0.0,0.0,0
4,1.0,0.0,1.0,0.0,0,0.0,-1.0,0.800000011920929,0.8,3
4,1.0,0.0,1.0,0.0,0,0.0,-1.0,0.7599999904632568,0.8,3
4,1.0,0.0,1.0,0.0,0,0.0,-1.0,0.925000011920929,0.3,3
4,1.0,0.0,1.0,0.0,0,0.0,-1.0,0.925000011920929,0.3,1
4,1.0,1.0,0.0,0.0,0,0.0,1.0,0.0,0.0,0
4,1.0,1.0,0.0,0.0,0,0.0,1.0,0.0,0.0,0
4,1.0,0.0,1.0,0.0,0,0.0,-1.0,0.9500000476837158,0.2,2
4,1.0,0.0,1.0,0.0,0,0.0,-1.0,0.9099999666213989,0.3,3
4,1.0,1.0,0.0,0.0,0,0.0,1.0,0.0,0.0,0
4,1.0,0.0,1.0,0.0,0,0.0,-1.0,0.8500000238418579,0.5,2
4,1.0,0.0,1.0,0.0,0,0.0,-1.0,0.6800000071525574,0.8,2
4,1.0,1.0,0.0,0.0,0,0.0,1.0,0.0,0.0,0
4,1.0,0.0,1.0,0.0,0,0.0,-1.0,0.9500000476837158,0.2,0
4,1.0,0.0,1.0,0.0,0,0.0,-1.0,0.8500000238418579,0.5,0
4,1.0,0.0,1.0,0.0,0,0.0,-1.0,0.9500000476837158,0.2,1
4,1.0,0.0,1.0,0.0,0,0.0,-1.0,0.75,1.0,0
4,1.0,0.0,1.0,0.0,0,0.0,-1.0,0.9500000476837158,0.2,3
4,1.0,0.0,1.0,0.0,0,0.0,-1.0,0.925000011920929,0.3,0
4,1.0,0.0,1.0,0.0,0,0.0,-1.0,0.9200000166893005,0.2,2
4,1.0,0.0,1.0,0.0,0,0.0,-1.0,0.940000057220459,0.2,1
4,1.0,0.0,1.0,0.0,0,0.0,-1.0,0.800000011920929,0.8,2
4,1.0,0.0,1.0,0.0,0,0.0,-1.0,0.875,0.5,3
4,1.0,1.0,0.0,0.0,0,0.0,1.0,0.0,0.0,0
4,1.0,1.0,0.0,0.0,0,0.0,1.0,0.0,0.0,0
4,1.0,1.0,0.0,0.0,0,0.0,1.0,0.0,0.0,0
4,1.0,1.0,0.0,0.0,0,0.0,1.0,0.0,0.0,0
4,1.0,0.0,1.0,0.0,0,0.0,-1.0,0.75,1.0,3
4,1.0,0.0,1.0,0.0,0,0.0,-1.0,0.875,0.5,1
4,1.0,0.0,1.0,0.0,0,0.0,-1.0,0.9500000476837158,0.2,2
4,1.0,1.0,0.0,0.0,0,0.0,1.0,0.0,0.0,0
4,1.0,0.0,1.0,0.0,0,0.0,-1.0,0.5999999642372131,1.0,3
4,1.0,0.0,1.0,0.0,0,0.0,-1.0,0.8500000238418579,0.5,1
4,1.0,0.0,1.0,0.0,0,0.0,-1.0,0.6399999856948853,0.8,0
4,1.0,0.0,1.0,0.0,0,0.0,-1.0,0.9099999666213989,0.3,0
4,1.0,0.0,1.0,0.0,0,0.0,-1.0,0.800000011920929,0.8,1
4,1.0,0.0,1.0,0.0,0,0.0,-1.0,0.800000011920929,0.8,3
4,1.0,0.0,1.0,0.0,0,0.0,-1.0,0.9200000166893005,0.2,3
4,1.0,0.0,1.0,0.0,0,0.0,-1.0,0.75,1.0,1
4,1.0,1.0,0.0,0.0,0,0.0,1.0,0.0,0.0,0
4,1.0,1.0,0.0,0.0,0,0.0,1.0,0.0,0.0,0
4,1.0,0.0,1.0,0.0,0,0.0,-1.0,0.925000011920929,0.3,1
4,1.0,0.0,1.0,0.0,0,0.0,-1.0,0.940000057220459,0.2,3
4,1.0,1.0,0.0,0.0,0,0.0,1.0,0.0,0.0,0
4,1.0,1.0,0.0,0.0,0,0.0,1.0,0.0,0.0,0
4,1.0,0.0,1.0,0.0,0,0.0,-1.0,0.925000011920929,0.3,1
4,1.0,1.0,0.0,0.0,0,0.0,1.0,0.0,0.0,0
4,1.0,0.0,1.0,0.0,0,0.0,-1.0,0.9099999666213989,0.3,3
4,1.0,0.0,1.0,0.0,0,0.0,-1.0,0.800000011920929,0.8,3
4,1.0,0.0,1.0,0.0,0,0.0,-1.0,0.5999999642372131,1.0,0
4,1.0,0.0,1.0,0.0,0,0.0,-1.0,0.9099999666213989,0.3,1
4,1.0,0.0,1.0,0.0,0,0.0,-1.0,0.875,0.5,1
4,1.0,1.0,0.0,0.0,0,0.0,1.0,0.0,0.0,0
4,1.0,1.0,0.0,0.0,0,0.0,1.0,0.0,0.0,0
4,1.0,1.0,0.0,0.0,0,0.0,1.0,0.0,0.0,0
4,1.0,0.0,1.0,0.0,0,0.0,-1.0,0.9500000476837158,0.2,1
4,1.0,0.0,1.0,0.0,0,0.0,-1.0,0.6800000071525574,0.8,2
4,1.0,0.0,1.0,0.0,0,0.0,-1.0,0.6800000071525574,0.8,1
4,1.0,1.0,0.0,0.0,0,0.0,1.0,0.0,0.0,0
4,1.0,1.0,0.0,0.0,0,0.0,1.0,0.0,0.0,0
4,1.0,0.0,1.0,0.0,0,0.0,-1.0,0.9099999666213989,0.3,0
4,1.0,1.0,0.0,0.0,0,0.0,1.0,0.0,0.0,0
4,1.0,0.0,1.0,0.0,0,0.0,-1.0,0.925000011920929,0.3,0
4,1.0,1.0,0.0,0.0,0,0.0,1.0,0.0,0.0,0
4,1.0,0.0,1.0,0.0,0,0.0,-1.0,0.875,0.5,1
4,1.0,0.0,1.0,0.0,0,0.0,-1.0,0.800000011920929,0.8,1
4,1.0,0.0,1.0,0.0,0,0.0,-1.0,0.9500000476837158,0.2,3
4,1.0,0.0,1.0,0.0,0,0.0,-1.0,0.8500000238418579,0.5,2
4,1.0,0.0,1.0,0.0,0,0.0,-1.0,0.9500000476837158,0.2,2
4,1.0,1.0,0.0,0.0,0,0.0,1.0,0.0,0.0,0
4,1.0,0.0,1.0,0.0,0,0.0,-1.0,0.5999999642372131,1.0,3
4,1.0,0.0,1.0,0.0,0,0.0,-1.0,0.875,0.5,1
4,0.9247041,0.33883166313171387,0.6611683368682861,0.075295925,1,0.0,-5.570813179016113,0.41116830706596375,1.0,2
4,1.0,0.0,1.0,0.0,0,0.0,-1.0037647485733032,0.9500000476837158,0.2,2
4,1.0,0.0,1.0,0.0,0,0.0,-1.0,0.9500000476837158,0.2,2
4,1.0,0.0,1.0,0.0,0,0.0,-1.0,0.7599999904632568,0.8,0
4,1.0,0.0,1.0,0.0,0,0.0,-1.0,0.875,0.5,3
4,1.0,1.0,0.0,0.0,0,0.0,1.0,0.0,0.0,0
4,1.0,0.0,1.0,0.0,0,0.0,-1.0,0.9500000476837158,0.2,1
4,1.0,1.0,0.0,0.0,0,0.0,1.0,0.0,0.0,0
4,1.0,1.0,0.0,0.0,0,0.0,1.0,0.0,0.0,0
4,1.0,0.0,1.0,0.0,0,0.0,-1.0,0.7749999761581421,0.5,1
4,1.0,0.0,1.0,0.0,0,0.0,-1.0,0.925000011920929,0.3,2
4,1.0,1.0,0.0,0.0,0,0.0,1.0,0.0,0.0,0
4,1.0,1.0,0.0,0.0,0,0.0,1.0,0.0,0.0,0
4,1.0,0.0,1.0,0.0,0,0.0,-1.0,0.6800000071525574,0.8,1
4,1.0,0.0,1.0,0.0,0,0.0,-1.0,0.875,0.5,3
4,1.0,0.0,1.0,0.0,0,0.0,-1.0,0.7749999761581421,0.5,1
4,1.0,0.0,1.0,0.0,0,0.0,-1.0,0.800000011920929,0.8,2
4,1.0,0.0,1.0,0.0,0,0.0,-1.0,0.800000011920929,0.8,2
4,1.0,0.0,1.0,0.0,0,0.0,-1.0,0.875,0.5,2
4,1.0,0.0,1.0,0.0,0,0.0,-1.0,0.7999999523162842,0.5,0
4,1.0,0.0,1.0,0.0,0,0.0,-1.0,0.925000011920929,0.3,3
4,1.0,0.0,1.0,0.0,0,0.0,-1.0,0.9500000476837158,0.2,2
4,1.0,0.0,1.0,0.0,0,0.0,-1.0,0.7000000476837158,1.0,2
4,1.0,0.0,1.0,0.0,0,0.0,-1.0,0.75,1.0,1
4,1.0,1.0,0.0,0.0,0,0.0,1.0,0.0,0.0,0
4,1.0,0.0,1.0,0.0,0,0.0,-1.0,0.7599999904632568,0.8,2
4,1.0,1.0,0.0,0.0,0,0.0,1.0,0.0,0.0,0
4,1.0,0.0,1.0,0.0,0,0.0,-1.0,0.875,0.5,2
4,1.0,0.0,1.0,0.0,0,0.0,-1.0,0.800000011920929,0.8,3
4,1.0,1.0,0.0,0.0,0,0.0,1.0,0.0,0.0,0
4,1.0,1.0,0.0,0.0,0,0.0,1.0,0.0,0.0,0
4,1.0,0.0,1.0,0.0,0,0.0,-1.0,0.925000011920929,0.3,1
4,1.0,0.0,1.0,0.0,0,0.0,-1.0,0.800000011920929,0.8,1
4,1.0,0.0,1.0,0.0,0,0.0,-1.0,0.8500000238418579,0.5,3
4,1.0,0.0,1.0,0.0,0,0.0,-1.0,0.7999999523162842,0.5,3
4,1.0,0.0,1.0,0.0,0,0.0,-1.0,0.9100000262260437,0.2,2
4,1.0,1.0,0.0,0.0,0,0.0,1.0,0.0,0.0,0
4,1.0,0.0,1.0,0.0,0,0.0,-1.0,0.9200000166893005,0.2,3
4,1.0,0.0,1.0,0.0,0,0.0,-1.0,0.7599999904632568,0.8,1
4,1.0,0.0,1.0,0.0,0,0.0,-1.0,0.925000011920929,0.3,3
4,1.0,1.0,0.0,0.0,0,0.0,1.0,0.0,0.0,0
4,1.0,0.0,1.0,0.0,0,0.0,-1.0,0.925000011920929,0.3,2
4,1.0,0.0,1.0,0.0,0,0.0,-1.0,0.6399999856948853,0.8,1
4,1.0,0.0,1.0,0.0,0,0.0,-1.0,0.925000011920929,0.3,3
4,1.0,0.0,1.0,0.0,0,0.0,-1.0,0.800000011920929,0.8,2
4,1.0,0.0,1.0,0.0,0,0.0,-1.0,0.800000011920929,0.8,2
4,1.0,0.0,1.0,0.0,0,0.0,-1.0,0.7599999904632568,0.8,3
4,1.0,0.0,1.0,0.0,0,0.0,-1.0,0.9500000476837158,0.2,3
4,1.0,1.0,0.0,0.0,0,0.0,1.0,0.0,0.0,0
4,1.0,0.0,1.0,0.0,0,0.0,-1.0,0.6399999856948853,0.8,3
4,1.0,0.0,1.0,0.0,0,0.0,-1.0,0.875,0.5,3
4,1.0,1.0,0.0,0.0,0,0.0,1.0,0.0,0.0,0
4,1.0,1.0,0.0,0.0,0,0.0,1.0,0.0,0.0,0
4,1.0,1.0,0.0,0.0,0,0.0,1.0,0.0,0.0,0
4,1.0,0.0,1.0,0.0,0,0.0,-1.0,0.925000011920929,0.3,1
4,1.0,0.0,1.0,0.0,0,0.0,-1.0,0.5999999642372131,1.0,1
4,1.0,0.0,1.0,0.0,0,0.0,-1.0,0.875,0.5,1
4,1.0,1.0,0.0,0.0,0,0.0,1.0,0.0,0.0,0
4,1.0,0.0,1.0,0.0,0,0.0,-1.0,0.925000011920929,0.3,3
4,1.0,0.0,1.0,0.0,0,0.0,-1.0,0.800000011920929,0.8,2
4,1.0,0.0,1.0,0.0,0,0.0,-1.0,0.75,1.0,2
4,1.0,1.0,0.0,0.0,0,0.0,1.0,0.0,0.0,0
4,1.0,0.0,1.0,0.0,0,0.0,-1.0,0.9099999666213989,0.3,2
4,1.0,1.0,0.0,0.0,0,0.0,1.0,0.0,0.0,0
4,1.0,0.0,1.0,0.0,0,0.0,-1.0,0.5999999642372131,1.0,3
4,1.0,0.0,1.0,0.0,0,0.0,-1.0,0.925000011920929,0.3,2
4,1.0,1.0,0.0,0.0,0,0.0,1.0,0.0,0.0,0
4,1.0,0.0,1.0,0.0,0,0.0,-1.0,0.7999999523162842,0.5,0
4,1.0,0.0,1.0,0.0,0,0.0,-1.0,0.6800000071525574,0.8,2
4,1.0,0.0,1.0,0.0,0,0.0,-1.0,0.9200000166893005,0.2,1
4,1.0,0.0,1.0,0.0,0,0.0,-1.0,0.875,0.5,2
4,1.0,1.0,0.0,0.0,0,0.0,1.0,0.0,0.0,0
4,1.0,1.0,0.0,0.0,0,0.0,1.0,0.0,0.0,0
4,1.0,0.0,1.0,0.0,0,0.0,-1.0,0.75,1.0,1
4,1.0,0.0,1.0,0.0,0,0.0,-1.0,0.9500000476837158,0.2,2
4,1.0,0.0,1.0,0.0,0,0.0,-1.0,0.925000011920929,0.3,3
4,1.0,0.0,1.0,0.0,0,0.0,-1.0,0.9200000166893005,0.2,2
4,1.0,1.0,0.0,0.0,0,0.0,1.0,0.0,0.0,0
4,1.0,0.0,1.0,0.0,0,0.0,-1.0,0.7599999904632568,0.8,3
4,1.0,0.0,1.0,0.0,0,0.0,-1.0,0.75,1.0,3
4,1.0,0.0,1.0,0.0,0,0.0,-1.0,0.940000057220459,0.2,0
4,1.0,0.0,1.0,0.0,0,0.0,-1.0,0.9500000476837158,0.2,2
4,1.0,1.0,0.0,0.0,0,0.0,1.0,0.0,0.0,0
4,1.0,1.0,0.0,0.0,0,0.0,1.0,0.0,0.0,0
4,1.0,0.0,1.0,0.0,0,0.0,-1.0,0.7999999523162842,0.5,3
4,1.0,1.0,0.0,0.0,0,0.0,1.0,0.0,0.0,0
4,1.0,0.0,1.0,0.0,0,0.0,-1.0,0.6399999856948853,0.8,2
4,1.0,1.0,0.0,0.0,0,0.0,1.0,0.0,0.0,0
4,1.0,0.0,1.0,0.0,0,0.0,-1.0,0.5999999642372131,1.0,0
4,1.0,1.0,0.0,0.0,0,0.0,1.0,0.0,0.0,0
4,1.0,0.0,1.0,0.0,0,0.0,-1.0,0.940000057220459,0.2,3
4,1.0,0.0,1.0,0.0,0,0.0,-1.0,0.7999999523162842,0.5,2
4,1.0,0.0,1.0,0.0,0,0.0,-1.0,0.9200000166893005,0.2,1
4,1.0,0.0,1.0,0.0,0,0.0,-1.0,0.8500000238418579,0.5,0
4,1.0,0.0,1.0,0.0,0,0.0,-1.0,0.8500000238418579,0.5,1
4,1.0,0.0,1.0,0.0,0,0.0,-1.0,0.7000000476837158,1.0,3
4,1.0,0.0,1.0,0.0,0,0.0,-1.0,0.925000011920929,0.3,2
4,1.0,0.0,1.0,0.0,0,0.0,-1.0,0.7000000476837158,1.0,1
4,1.0,0.0,1.0,0.0,0,0.0,-1.0,0.925000011920929,0.3,3
4,1.0,0.0,1.0,0.0,0,0.0,-1.0,0.7999999523162842,0.5,0
4,1.0,0.0,1.0,0.0,0,0.0,-1.0,0.9500000476837158,0.2,0
4,1.0,0.0,1.0,0.0,0,0.0,-1.0,0.925000011920929,0.3,3
4,1.0,0.0,1.0,0.0,0,0.0,-1.0,0.6800000071525574,0.8,2
4,1.0,0.0,1.0,0.0,0,0.0,-1.0,0.7000000476837158,1.0,2
4,1.0,1.0,0.0,0.0,0,0.0,1.0,0.0,0.0,0
4,1.0,0.0,1.0,0.0,0,0.0,-1.0,0.9500000476837158,0.2,0
4,1.0,0.0,1.0,0.0,0,0.0,-1.0,0.9200000166893005,0.2,2
4,1.0,0.0,1.0,0.0,0,0.0,-1.0,0.925000011920929,0.3,2
4,1.0,1.0,0.0,0.0,0,0.0,1.0,0.0,0.0,0
4,1.0,0.0,1.0,0.0,0,0.0,-1.0,0.800000011920929,0.8,3
4,1.0,0.0,1.0,0.0,0,0.0,-1.0,0.875,0.5,1
4,1.0,0.0,1.0,0.0,0,0.0,-1.0,0.9200000166893005,0.2,3
4,1.0,0.0,1.0,0.0,0,0.0,-1.0,0.925000011920929,0.3,0
4,1.0,1.0,0.0,0.0,0,0.0,1.0,0.0,0.0,0
4,1.0,0.0,1.0,0.0,0,0.0,-1.0,0.7999999523162842,0.5,1
4,1.0,0.0,1.0,0.0,0,0.0,-1.0,0.550000011920929,1.0,2
4,1.0,0.0,1.0,0.0,0,0.0,-1.0,0.925000011920929,0.3,3
4,1.0,0.0,1.0,0.0,0,0.0,-1.0,0.7999999523162842,0.5,2
4,1.0,0.0,1.0,0.0,0,0.0,-1.0,0.9200000166893005,0.2,3
4,1.0,0.0,1.0,0.0,0,0.0,-1.0,0.925000011920929,0.3,1
4,1.0,0.0,1.0,0.0,0,0.0,-1.0,0.940000057220459,0.2,0
4,1.0,0.0,1.0,0.0,0,0.0,-1.0,0.800000011920929,0.8,3
4,1.0,0.0,1.0,0.0,0,0.0,-1.0,0.925000011920929,0.3,2
4,1.0,0.0,1.0,0.0,0,0.0,-1.0,0.75,1.0,1
4,1.0,0.0,1.0,0.0,0,0.0,-1.0,0.9500000476837158,0.2,3
4,1.0,0.0,1.0,0.0,0,0.0,-1.0,0.7749999761581421,0.5,0
4,1.0,0.0,1.0,0.0,0,0.0,-1.0,0.7000000476837158,1.0,0
4,1.0,1.0,0.0,0.0,0,0.0,1.0,0.0,0.0,0
4,1.0,0.0,1.0,0.0,0,0.0,-1.0,0.925000011920929,0.3,3
4,1.0,1.0,0.0,0.0,0,0.0,1.0,0.0,0.0,0
4,1.0,1.0,0.0,0.0,0,0.0,1.0,0.0,0.0,0
4,1.0,1.0,0.0,0.0,0,0.0,1.0,0.0,0.0,0
4,1.0,0.0,1.0,0.0,0,0.0,-1.0,0.75,1.0,0
4,1.0,0.0,1.0,0.0,0,0.0,-1.0,0.550000011920929,1.0,3
4,1.0,0.0,1.0,0.0,0,0.0,-1.0,0.550000011920929,1.0,1
4,1.0,0.0,1.0,0.0,0,0.0,-1.0,0.5999999642372131,1.0,3
4,1.0,0.0,1.0,0.0,0,0.0,-1.0,0.940000057220459,0.2,0
4,1.0,0.0,1.0,0.0,0,0.0,-1.0,0.7599999904632568,0.8,2
4,1.0,0.0,1.0,0.0,0,0.0,-1.0,0.875,0.5,3
4,1.0,0.0,1.0,0.0,0,0.0,-1.0,0.925000011920929,0.3,3
4,1.0,0.0,1.0,0.0,0,0.0,-1.0,0.6800000071525574,0.8,0
4,1.0,0.0,1.0,0.0,0,0.0,-1.0,0.9500000476837158,0.2,1
4,1.0,1.0,0.0,0.0,0,0.0,1.0,0.0,0.0,0
4,1.0,1.0,0.0,0.0,0,0.0,1.0,0.0,0.0,0
4,1.0,0.0,1.0,0.0,0,0.0,-1.0,0.9500000476837158,0.2,2
4,1.0,1.0,0.0,0.0,0,0.0,1.0,0.0,0.0,0
4,1.0,1.0,0.0,0.0,0,0.0,1.0,0.0,0.0,0
4,1.0,0.0,1.0,0.0,0,0.0,-1.0,0.9200000166893005,0.2,1
4,0.9917191,0.03726403787732124,0.9627359509468079,0.0082808975,0,0.0,-0.9527989029884338,0.8877359628677368,0.3,0
4,1.0,0.0,1.0,0.0,0,0.0,-1.0004140138626099,0.7000000476837158,1.0,1
4,1.0,1.0,0.0,0.0,0,0.0,1.0,0.0,0.0,0
4,1.0,0.0,1.0,0.0,0,0.0,-1.0,0.9100000262260437,0.2,1
4,1.0,0.0,1.0,0.0,0,0.0,-1.0,0.550000011920929,1.0,3
4,1.0,1.0,0.0,0.0,0,0.0,1.0,0.0,0.0,0
4,1.0,0.0,1.0,0.0,0,0.0,-1.0,0.7000000476837158,1.0,0
4,1.0,0.0,1.0,0.0,0,0.0,-1.0,0.7749999761581421,0.5,3
4,1.0,0.0,1.0,0.0,0,0.0,-1.0,0.940000057220459,0.2,3
4,1.0,0.0,1.0,0.0,0,0.0,-1.0,0.800000011920929,0.8,0
4,1.0,1.0,0.0,0.0,0,0.0,1.0,0.0,0.0,0
4,1.0,0.0,1.0,0.0,0,0.0,-1.0,0.940000057220459,0.2,1
4,1.0,0.0,1.0,0.0,0,0.0,-1.0,0.925000011920929,0.3,1
4,1.0,0.0,1.0,0.0,0,0.0,-1.0,0.7000000476837158,1.0,1
4,1.0,1.0,0.0,0.0,0,0.0,1.0,0.0,0.0,0
4,1.0,0.0,1.0,0.0,0,0.0,-1.0,0.7000000476837158,1.0,2
4,1.0,1.0,0.0,0.0,0,0.0,1.0,0.0,0.0,0
4,1.0,0.0,1.0,0.0,0,0.0,-1.0,0.5999999642372131,1.0,1
4,1.0,1.0,0.0,0.0,0,0.0,1.0,0.0,0.0,0
4,1.0,0.0,1.0,0.0,0,0.0,-1.0,0.9500000476837158,0.2,0
4,1.0,0.0,1.0,0.0,0,0.0,-1.0,0.940000057220459,0.2,1
4,1.0,0.0,1.0,0.0,0,0.0,-1.0,0.6800000071525574,0.8,2
4,1.0,0.0,1.0,0.0,0,0.0,-1.0,0.5999999642372131,1.0,3
4,1.0,1.0,0.0,0.0,0,0.0,1.0,0.0,0.0,0
4,1.0,0.0,1.0,0.0,0,0.0,-1.0,0.875,0.5,2
4,1.0,0.0,1.0,0.0,0,0.0,-1.0,0.925000011920929,0.3,0
4,1.0,0.0,1.0,0.0,0,0.0,-1.0,0.6399999856948853,0.8,0
4,1.0,1.0,0.0,0.0,0,0.0,1.0,0.0,0.0,0
4,1.0,0.0,1.0,0.0,0,0.0,-1.0,0.7999999523162842,0.5,3
4,1.0,0.0,1.0,0.0,0,0.0,-1.0,0.9500000476837158,0.2,1
4,1.0,0.0,1.0,0.0,0,0.0,-1.0,0.9099999666213989,0.3,1
4,1.0,1.0,0.0,0.0,0,0.0,1.0,0.0,0.0,0
4,1.0,1.0,0.0,0.0,0,0.0,1.0,0.0,0.0,0
4,1.0,0.0,1.0,0.0,0,0.0,-1.0,0.9100000262260437,0.2,3
4,1.0,0.0,1.0,0.0,0,0.0,-1.0,0.940000057220459,0.2,3
4,1.0,1.0,0.0,0.0,0,0.0,1.0,0.0,0.0,0
4,1.0,0.0,1.0,0.0,0,0.0,-1.0,0.9100000262260437,0.2,1
4,1.0,0.0,1.0,0.0,0,0.0,-1.0,0.9099999666213989,0.3,0
4,1.0,0.0,1.0,0.0,0,0.0,-1.0,0.7999999523162842,0.5,2
4,1.0,1.0,0.0,0.0,0,0.0,1.0,0.0,0.0,0
4,1.0,1.0,0.0,0.0,0,0.0,1.0,0.0,0.0,0
4,1.0,0.0,1.0,0.0,0,0.0,-1.0,0.9500000476837158,0.2,1
4,1.0,0.0,1.0,0.0,0,0.0,-1.0,0.9099999666213989,0.3,0
4,1.0,1.0,0.0,0.0,0,0.0,1.0,0.0,0.0,0
4,1.0,0.0,1.0,0.0,0,0.0,-1.0,0.9099999666213989,0.3,3
4,1.0,0.0,1.0,0.0,0,0.0,-1.0,0.550000011920929,1.0,1
4,1.0,0.0,1.0,0.0,0,0.0,-1.0,0.940000057220459,0.2,2
4,1.0,0.0,1.0,0.0,0,0.0,-1.0,0.7000000476837158,1.0,0
4,1.0,0.0,1.0,0.0,0,0.0,-1.0,0.9099999666213989,0.3,2
4,1.0,0.0,1.0,0.0,0,0.0,-1.0,0.9500000476837158,0.2,0
4,1.0,0.0,1.0,0.0,0,0.0,-1.0,0.875,0.5,1
4,1.0,0.0,1.0,0.0,0,0.0,-1.0,0.800000011920929,0.8,1
4,1.0,0.0,1.0,0.0,0,0.0,-1.0,0.940000057220459,0.2,2
4,1.0,0.0,1.0,0.0,0,0.0,-1.0,0.75,1.0,2
4,1.0,1.0,0.0,0.0,0,0.0,1.0,0.0,0.0,0
4,1.0,1.0,0.0,0.0,0,0.0,1.0,0.0,0.0,0
4,1.0,0.0,1.0,0.0,0,0.0,-1.0,0.7599999904632568,0.8,2
4,1.0,1.0,0.0,0.0,0,0.0,1.0,0.0,0.0,0
4,1.0,0.0,1.0,0.0,0,0.0,-1.0,0.940000057220459,0.2,1
4,1.0,1.0,0.0,0.0,0,0.0,1.0,0.0,0.0,0
4,1.0,1.0,0.0,0.0,0,0.0,1.0,0.0,0.0,0
4,1.0,0.0,1.0,0.0,0,0.0,-1.0,0.9100000262260437,0.2,1
4,1.0,0.0,1.0,0.0,0,0.0,-1.0,0.7599999904632568,0.8,2
4,1.0,0.0,1.0,0.0,0,0.0,-1.0,0.940000057220459,0.2,1
4,1.0,0.0,1.0,0.0,0,0.0,-1.0,0.7749999761581421,0.5,2
4,1.0,0.0,1.0,0.0,0,0.0,-1.0,0.925000011920929,0.3,2
4,1.0,0.0,1.0,0.0,0,0.0,-1.0,0.9500000476837158,0.2,2
4,1.0,0.0,1.0,0.0,0,0.0,-1.0,0.800000011920929,0.8,1
4,1.0,0.0,1.0,0.0,0,0.0,-1.0,0.7000000476837158,1.0,2
4,1.0,1.0,0.0,0.0,0,0.0,1.0,0.0,0.0,0
4,1.0,0.0,1.0,0.0,0,0.0,-1.0,0.6399999856948853,0.8,1
4,1.0,0.0,1.0,0.0,0,0.0,-1.0,0.75,1.0,3
4,1.0,1.0,0.0,0.0,0,0.0,1.0,0.0,0.0,0
4,1.0,0.0,1.0,0.0,0,0.0,-1.0,0.800000011920929,0.8,0
4,1.0,1.0,0.0,0.0,0,0.0,1.0,0.0,0.0,0
4,1.0,0.0,1.0,0.0,0,0.0,-1.0,0.925000011920929,0.3,2
4,1.0,1.0,0.0,0.0,0,0.0,1.0,0.0,0.0,0
4,1.0,0.0,1.0,0.0,0,0.0,-1.0,0.925000011920929,0.3,2
4,1.0,1.0,0.0,0.0,0,0.0,1.0,0.0,0.0,0
4,1.0,0.0,1.0,0.0,0,0.0,-1.0,0.7000000476837158,1.0,1
4,1.0,0.0,1.0,0.0,0,0.0,-1.0,0.9099999666213989,0.3,3
4,1.0,0.0,1.0,0.0,0,0.0,-1.0,0.925000011920929,0.3,1
4,1.0,1.0,0.0,0.0,0,0.0,1.0,0.0,0.0,0
4,1.0,1.0,0.0,0.0,0,0.0,1.0,0.0,0.0,0
4,1.0,0.0,1.0,0.0,0,0.0,-1.0,0.6800000071525574,0.8,1
4,1.0,0.0,1.0,0.0,0,0.0,-1.0,0.925000011920929,0.3,2
4,1.0,0.0,1.0,0.0,0,0.0,-1.0,0.800000011920929,0.8,3
4,1.0,0.0,1.0,0.0,0,0.0,-1.0,0.8500000238418579,0.5,1
4,1.0,0.0,1.0,0.0,0,0.0,-1.0,0.8500000238418579,0.5,0
4,1.0,0.0,1.0,0.0,0,0.0,-1.0,0.9500000476837158,0.2,2
4,1.0,0.0,1.0,0.0,0,0.0,-1.0,0.7599999904632568,0.8,2
4,1.0,0.0,1.0,0.0,0,0.0,-1.0,0.875,0.5,1
4,1.0,0.0,1.0,0.0,0,0.0,-1.0,0.550000011920929,1.0,1
4,1.0,0.0,1.0,0.0,0,0.0,-1.0,0.875,0.5,1
4,1.0,0.0,1.0,0.0,0,0.0,-1.0,0.7000000476837158,1.0,3
4,1.0,0.0,1.0,0.0,0,0.0,-1.0,0.925000011920929,0.3,0
4,1.0,0.0,1.0,0.0,0,0.0,-1.0,0.9200000166893005,0.2,3
4,1.0,1.0,0.0,0.0,0,0.0,1.0,0.0,0.0,0
4,1.0,0.0,1.0,0.0,0,0.0,-1.0,0.800000011920929,0.8,1
4,1.0,1.0,0.0,0.0,0,0.0,1.0,0.0,0.0,0
4,1.0,0.0,1.0,0.0,0,0.0,-1.0,0.75,1.0,2
4,1.0,0.0,1.0,0.0,0,0.0,-1.0,0.5999999642372131,1.0,1
4,1.0,0.0,1.0,0.0,0,0.0,-1.0,0.7999999523162842,0.5,0
4,1.0,1.0,0.0,0.0,0,0.0,1.0,0.0,0.0,0
4,1.0,1.0,0.0,0.0,0,0.0,1.0,0.0,0.0,0
4,1.0,0.0,1.0,0.0,0,0.0,-1.0,0.800000011920929,0.8,3
4,1.0,1.0,0.0,0.0,0,0.0,1.0,0.0,0.0,0
4,1.0,0.0,1.0,0.0,0,0.0,-1.0,0.9200000166893005,0.2,0
4,1.0,0.0,1.0,0.0,0,0.0,-1.0,0.875,0.5,2
4,1.0,1.0,0.0,0.0,0,0.0,1.0,0.0,0.0,0
4,1.0,0.0,1.0,0.0,0,0.0,-1.0,0.925000011920929,0.3,3
4,1.0,0.0,1.0,0.0,0,0.0,-1.0,0.925000011920929,0.3,2
4,0.95930177,0.18314208090305328,0.8168579339981079,0.04069824,0,0.0,-0.7680200338363647,0.41685789823532104,1.0,0
4,1.0,0.0,1.0,0.0,0,0.0,-1.0020349025726318,0.8500000238418579,0.5,2
4,1.0,1.0,0.0,0.0,0,0.0,1.0,0.0,0.0,0
4,1.0,1.0,0.0,0.0,0,0.0,1.0,0.0,0.0,0
4,1.0,1.0,0.0,0.0,0,0.0,1.0,0.0,0.0,0
4,1.0,1.0,0.0,0.0,0,0.0,1.0,0.0,0.0,0
4,1.0,1.0,0.0,0.0,0,0.0,1.0,0.0,0.0,0
4,1.0,0.0,1.0,0.0,0,0.0,-1.0,0.940000057220459,0.2,3
4,1.0,1.0,0.0,0.0,0,0.0,1.0,0.0,0.0,0
4,1.0,0.0,1.0,0.0,0,0.0,-1.0,0.9500000476837158,0.2,1
4,1.0,0.0,1.0,0.0,0,0.0,-1.0,0.7999999523162842,0.5,0
4,1.0,0.0,1.0,0.0,0,0.0,-1.0,0.9500000476837158,0.2,2
4,1.0,1.0,0.0,0.0,0,0.0,1.0,0.0,0.0,0
4,1.0,0.0,1.0,0.0,0,0.0,-1.0,0.800000011920929,0.8,1
4,1.0,1.0,0.0,0.0,0,0.0,1.0,0.0,0.0,0
4,1.0,0.0,1.0,0.0,0,0.0,-1.0,0.8500000238418579,0.5,0
4,1.0,1.0,0.0,0.0,0,0.0,1.0,0.0,0.0,0
4,1.0,0.0,1.0,0.0,0,0.0,-1.0,0.75,1.0,3
4,1.0,0.0,1.0,0.0,0,0.0,-1.0,0.875,0.5,2
4,1.0,0.0,1.0,0.0,0,0.0,-1.0,0.925000011920929,0.3,1
4,1.0,1.0,0.0,0.0,0,0.0,1.0,0.0,0.0,0
4,1.0,0.0,1.0,0.0,0,0.0,-1.0,0.5999999642372131,1.0,3
4,1.0,1.0,0.0,0.0,0,0.0,1.0,0.0,0.0,0
4,1.0,0.0,1.0,0.0,0,0.0,-1.0,0.5999999642372131,1.0,2
4,1.0,0.0,1.0,0.0,0,0.0,-1.0,0.9099999666213989,0.3,3
4,1.0,0.0,1.0,0.0,0,0.0,-1.0,0.7999999523162842,0.5,1
4,1.0,0.0,1.0,0.0,0,0.0,-1.0,0.925000011920929,0.3,2
4,1.0,1.0,0.0,0.0,0,0.0,1.0,0.0,0.0,0
4,1.0,1.0,0.0,0.0,0,0.0,1.0,0.0,0.0,0
4,1.0,0.0,1.0,0.0,0,0.0,-1.0,0.9500000476837158,0.2,1
4,1.0,0.0,1.0,0.0,0,0.0,-1.0,0.9099999666213989,0.3,1
4,1.0,0.0,1.0,0.0,0,0.0,-1.0,0.550000011920929,1.0,0
4,1.0,0.0,1.0,0.0,0,0.0,-1.0,0.800000011920929,0.8,0
4,1.0,0.0,1.0,0.0,0,0.0,-1.0,0.550000011920929,1.0,2
4,1.0,0.0,1.0,0.0,0,0.0,-1.0,0.940000057220459,0.2,1
4,1.0,0.0,1.0,0.0,0,0.0,-1.0,0.7599999904632568,0.8,3
4,1.0,0.0,1.0,0.0,0,0.0,-1.0,0.925000011920929,0.3,2
4,1.0,1.0,0.0,0.0,0,0.0,1.0,0.0,0.0,0
4,1.0,0.0,1.0,0.0,0,0.0,-1.0,0.925000011920929,0.3,0
4,1.0,1.0,0.0,0.0,0,0.0,1.0,0.0,0.0,0
4,1.0,0.0,1.0,0.0,0,0.0,-1.0,0.7000000476837158,1.0,0
4,1.0,0.0,1.0,0.0,0,0.0,-1.0,0.800000011920929,0.8,0
4,1.0,1.0,0.0,0.0,0,0.0,1.0,0.0,0.0,0
4,1.0,0.0,1.0,0.0,0,0.0,-1.0,0.75,1.0,1
4,1.0,0.0,1.0,0.0,0,0.0,-1.0,0.550000011920929,1.0,3
4,1.0,0.0,1.0,0.0,0,0.0,-1.0,0.75,1.0,2
4,1.0,1.0,0.0,0.0,0,0.0,1.0,0.0,0.0,0
4,1.0,0.0,1.0,0.0,0,0.0,-1.0,0.940000057220459,0.2,3
4,1.0,1.0,0.0,0.0,0,0.0,1.0,0.0,0.0,0
4,1.0,0.0,1.0,0.0,0,0.0,-1.0,0.5999999642372131,1.0,3
4,1.0,1.0,0.0,0.0,0,0.0,1.0,0.0,0.0,0
4,1.0,1.0,0.0,0.0,0,0.0,1.0,0.0,0.0,0
4,1.0,1.0,0.0,0.0,0,0.0,1.0,0.0,0.0,0
4,1.0,0.0,1.0,0.0,0,0.0,-1.0,0.6800000071525574,0.8,1
4,1.0,0.0,1.0,0.0,0,0.0,-1.0,0.9200000166893005,0.2,2
4,1.0,1.0,0.0,0.0,0,0.0,1.0,0.0,0.0,0
4,1.0,0.0,1.0,0.0,0,0.0,-1.0,0.7999999523162842,0.5,1
4,1.0,0.0,1.0,0.0,0,0.0,-1.0,0.5999999642372131,1.0,0
4,1.0,0.0,1.0,0.0,0,0.0,-1.0,0.5999999642372131,1.0,3
4,1.0,0.0,1.0,0.0,0,0.0,-1.0,0.9500000476837158,0.2,0
4,1.0,0.0,1.0,0.0,0,0.0,-1.0,0.800000011920929,0.8,0
4,1.0,0.0,1.0,0.0,0,0.0,-1.0,0.875,0.5,1
4,1.0,1.0,0.0,0.0,0,0.0,1.0,0.0,0.0,0
4,1.0,1.0,0.0,0.0,0,0.0,1.0,0.0,0.0,0
4,1.0,1.0,0.0,0.0,0,0.0,1.0,0.0,0.0,0
4,1.0,0.0,1.0,0.0,0,0.0,-1.0,0.925000011920929,0.3,2
4,1.0,0.0,1.0,0.0,0,0.0,-1.0,0.9500000476837158,0.2,3
4,1.0,1.0,0.0,0.0,0,0.0,1.0,0.0,0.0,0
4,1.0,0.0,1.0,0.0,0,0.0,-1.0,0.9099999666213989,0.3,2
4,1.0,0.0,1.0,0.0,0,0.0,-1.0,0.925000011920929,0.3,0
4,1.0,1.0,0.0,0.0,0,0.0,1.0,0.0,0.0,0
4,1.0,1.0,0.0,0.0,0,0.0,1.0,0.0,0.0,0
4,1.0,0.0,1.0,0.0,0,0.0,-1.0,0.7599999904632568,0.8,0
4,1.0,1.0,0.0,0.0,0,0.0,1.0,0.0,0.0,0
4,1.0,0.0,1.0,0.0,0,0.0,-1.0,0.9099999666213989,0.3,0
4,1.0,0.0,1.0,0.0,0,0.0,-1.0,0.875,0.5,3
4,1.0,0.0,1.0,0.0,0,0.0,-1.0,0.875,0.5,3
4,1.0,0.0,1.0,0.0,0,0.0,-1.0,0.7599999904632568,0.8,0
4,1.0,0.0,1.0,0.0,0,0.0,-1.0,0.925000011920929,0.3,0
4,1.0,0.0,1.0,0.0,0,0.0,-1.0,0.9500000476837158,0.2,0
4,1.0,1.0,0.0,0.0,0,0.0,1.0,0.0,0.0,0
4,1.0,0.0,1.0,0.0,0,0.0,-1.0,0.875,0.5,0
4,1.0,0.0,1.0,0.0,0,0.0,-1.0,0.75,1.0,2
4,1.0,1.0,0.0,0.0,0,0.0,1.0,0.0,0.0,0
4,1.0,1.0,0.0,0.0,0,0.0,1.0,0.0,0.0,0
4,1.0,1.0,0.0,0.0,0,0.0,1.0,0.0,0.0,0
4,1.0,0.0,1.0,0.0,0,0.0,-1.0,0.800000011920929,0.8,0
4,1.0,0.0,1.0,0.0,0,0.0,-1.0,0.875,0.5,3
4,1.0,0.0,1.0,0.0,0,0.0,-1.0,0.8500000238418579,0.5,3
4,1.0,1.0,0.0,0.0,0,0.0,1.0,0.0,0.0,0
4,1.0,1.0,0.0,0.0,0,0.0,1.0,0.0,0.0,0
4,1.0,1.0,0.0,0.0,0,0.0,1.0,0.0,0.0,0
4,1.0,0.0,1.0,0.0,0,0.0,-1.0,0.7599999904632568,0.8,0
4,1.0,0.0,1.0,0.0,0,0.0,-1.0,0.940000057220459,0.2,2
4,1.0,0.0,1.0,0.0,0,0.0,-1.0,0.75,1.0,2
4,1.0,0.0,1.0,0.0,0,0.0,-1.0,0.925000011920929,0.3,3
4,1.0,0.0,1.0,0.0,0,0.0,-1.0,0.875,0.5,1
4,1.0,1.0,0.0,0.0,0,0.0,1.0,0.0,0.0,0
4,1.0,1.0,0.0,0.0,0,0.0,1.0,0.0,0.0,0
4,1.0,0.0,1.0,0.0,0,0.0,-1.0,0.925000011920929,0.3,2
4,1.0,1.0,0.0,0.0,0,0.0,1.0,0.0,0.0,0
4,1.0,0.0,1.0,0.0,0,0.0,-1.0,0.925000011920929,0.3,0
4,1.0,0.0,1.0,0.0,0,0.0,-1.0,0.925000011920929,0.3,2
4,1.0,0.0,1.0,0.0,0,0.0,-1.0,0.925000011920929,0.3,0
4,1.0,1.0,0.0,0.0,0,0.0,1.0,0.0,0.0,0
4,1.0,1.0,0.0,0.0,0,0.0,1.0,0.0,0.0,0
4,1.0,1.0,0.0,0.0,0,0.0,1.0,0.0,0.0,0
4,1.0,1.0,0.0,0.0,0,0.0,1.0,0.0,0.0,0
4,1.0,0.0,1.0,0.0,0,0.0,-1.0,0.6399999856948853,0.8,0
4,1.0,0.0,1.0,0.0,0,0.0,-1.0,0.9099999666213989,0.3,3
4,1.0,0.0,1.0,0.0,0,0.0,-1.0,0.800000011920929,0.8,2
4,1.0,0.0,1.0,0.0,0,0.0,-1.0,0.6800000071525574,0.8,0
4,1.0,0.0,1.0,0.0,0,0.0,-1.0,0.9500000476837158,0.2,2
4,1.0,0.0,1.0,0.0,0,0.0,-1.0,0.7000000476837158,1.0,1
4,1.0,0.0,1.0,0.0,0,0.0,-1.0,0.7999999523162842,0.5,3
4,1.0,0.0,1.0,0.0,0,0.0,-1.0,0.75,1.0,1
4,1.0,1.0,0.0,0.0,0,0.0,1.0,0.0,0.0,0
4,1.0,0.0,1.0,0.0,0,0.0,-1.0,0.75,1.0,0
4,1.0,0.0,1.0,0.0,0,0.0,-1.0,0.800000011920929,0.8,1
4,1.0,0.0,1.0,0.0,0,0.0,-1.0,0.75,1.0,2
4,1.0,0.0,1.0,0.0,0,0.0,-1.0,0.9500000476837158,0.2,2
4,1.0,0.0,1.0,0.0,0,0.0,-1.0,0.940000057220459,0.2,1
4,1.0,0.0,1.0,0.0,0,0.0,-1.0,0.7000000476837158,1.0,1
4,1.0,0.0,1.0,0.0,0,0.0,-1.0,0.7749999761581421,0.5,0
4,1.0,0.0,1.0,0.0,0,0.0,-1.0,0.75,1.0,1
4,1.0,1.0,0.0,0.0,0,0.0,1.0,0.0,0.0,0
4,1.0,0.0,1.0,0.0,0,0.0,-1.0,0.7000000476837158,1.0,1
4,1.0,1.0,0.0,0.0,0,0.0,1.0,0.0,0.0,0
4,1.0,0.0,1.0,0.0,0,0.0,-1.0,0.9099999666213989,0.3,1
4,1.0,0.0,1.0,0.0,0,0.0,-1.0,0.7999999523162842,0.5,1
4,1.0,0.0,1.0,0.0,0,0.0,-1.0,0.9500000476837158,0.2,1
4,1.0,0.0,1.0,0.0,0,0.0,-1.0,0.6800000071525574,0.8,2
