episode,service_quality,mitigation_efficiency,attack_leakage,collateral_damage,sla_violation,shield_repair,defender_reward,attacker_reward,attack_intensity,protocol
0,1.0,0.0,1.0,0.0,0,0.0,-1.0,0.5999999642372131,1.0,3
0,1.0,0.0,1.0,0.0,0,0.0,-1.0,0.9099999666213989,0.3,2
0,1.0,0.0,1.0,0.0,0,0.0,-1.0,0.9500000476837158,0.2,3
0,1.0,0.0,1.0,0.0,0,0.0,-1.0,0.940000057220459,0.2,0
0,1.0,0.0,1.0,0.0,0,0.0,-1.0,0.875,0.5,0
0,1.0,1.0,0.0,0.0,0,0.0,1.0,0.0,0.0,0
0,1.0,1.0,0.0,0.0,0,0.0,1.0,0.0,0.0,0
0,1.0,0.0,1.0,0.0,0,0.0,-1.0,0.7000000476837158,1.0,0
0,1.0,0.0,1.0,0.0,0,0.0,-1.0,0.9099999666213989,0.3,2
0,1.0,0.0,1.0,0.0,0,0.0,-1.0,0.8500000238418579,0.5,0
0,1.0,1.0,0.0,0.0,0,0.0,1.0,0.0,0.0,0
0,1.0,0.0,1.0,0.0,0,0.0,-1.0,0.9500000476837158,0.2,1
0,1.0,0.0,1.0,0.0,0,0.0,-1.0,0.6399999856948853,0.8,0
0,1.0,0.0,1.0,0.0,0,0.0,-1.0,0.550000011920929,1.0,0
0,1.0,0.0,1.0,0.0,0,0.0,-1.0,0.9500000476837158,0.2,3
0,1.0,0.0,1.0,0.0,0,0.0,-1.0,0.9500000476837158,0.2,0
0,1.0,1.0,0.0,0.0,0,0.0,1.0,0.0,0.0,0
0,1.0,0.0,1.0,0.0,0,0.0,-1.0,0.925000011920929,0.3,0
0,1.0,0.0,1.0,0.0,0,0.0,-1.0,0.9100000262260437,0.2,0
0,1.0,0.0,1.0,0.0,0,0.0,-1.0,0.9200000166893005,0.2,3
0,1.0,0.0,1.0,0.0,0,0.0,-1.0,0.9200000166893005,0.2,3
0,1.0,0.0,1.0,0.0,0,0.0,-1.0,0.6800000071525574,0.8,0
0,1.0,0.0,1.0,0.0,0,0.0,-1.0,0.9100000262260437,0.2,2
0,1.0,0.0,1.0,0.0,0,0.0,-1.0,0.9099999666213989,0.3,3
0,1.0,0.0,1.0,0.0,0,0.0,-1.0,0.925000011920929,0.3,0
0,1.0,1.0,0.0,0.0,0,0.0,1.0,0.0,0.0,0
0,1.0,0.0,1.0,0.0,0,0.0,-1.0,0.9100000262260437,0.2,2
0,1.0,0.0,1.0,0.0,0,0.0,-1.0,0.875,0.5,0
0,1.0,0.0,1.0,0.0,0,0.0,-1.0,0.7749999761581421,0.5,3
0,1.0,1.0,0.0,0.0,0,0.0,1.0,0.0,0.0,0
0,1.0,1.0,0.0,0.0,0,0.0,1.0,0.0,0.0,0
0,1.0,1.0,0.0,0.0,0,0.0,1.0,0.0,0.0,0
0,1.0,1.0,0.0,0.0,0,0.0,1.0,0.0,0.0,0
0,1.0,0.0,1.0,0.0,0,0.0,-1.0,0.925000011920929,0.3,1
0,1.0,0.0,1.0,0.0,0,0.0,-1.0,0.9099999666213989,0.3,1
0,1.0,1.0,0.0,0.0,0,0.0,1.0,0.0,0.0,0
0,1.0,1.0,0.0,0.0,0,0.0,1.0,0.0,0.0,0
0,1.0,1.0,0.0,0.0,0,0.0,1.0,0.0,0.0,0
0,1.0,1.0,0.0,0.0,0,0.0,1.0,0.0,0.0,0
0,1.0,1.0,0.0,0.0,0,0.0,1.0,0.0,0.0,0
0,1.0,1.0,0.0,0.0,0,0.0,1.0,0.0,0.0,0
0,1.0,1.0,0.0,0.0,0,0.0,1.0,0.0,0.0,0
0,1.0,0.0,1.0,0.0,0,0.0,-1.0,0.5999999642372131,1.0,0
0,1.0,0.0,1.0,0.0,0,0.0,-1.0,0.9200000166893005,0.2,0
0,1.0,0.0,1.0,0.0,0,0.0,-1.0,0.875,0.5,0
0,1.0,0.0,1.0,0.0,0,0.0,-1.0,0.875,0.5,0
0,1.0,0.0,1.0,0.0,0,0.0,-1.0,0.940000057220459,0.2,0
0,1.0,0.0,1.0,0.0,0,0.0,-1.0,0.9500000476837158,0.2,0
0,1.0,0.0,1.0,0.0,0,0.0,-1.0,0.7000000476837158,1.0,3
0,1.0,0.0,1.0,0.0,0,0.0,-1.0,0.8500000238418579,0.5,3
0,1.0,0.0,1.0,0.0,0,0.0,-1.0,0.6800000071525574,0.8,0
0,1.0,1.0,0.0,0.0,0,0.0,1.0,0.0,0.0,0
0,1.0,0.0,1.0,0.0,0,0.0,-1.0,0.9099999666213989,0.3,1
0,1.0,0.0,1.0,0.0,0,0.0,-1.0,0.940000057220459,0.2,3
0,1.0,1.0,0.0,0.0,0,0.0,1.0,0.0,0.0,0
0,1.0,1.0,0.0,0.0,0,0.0,1.0,0.0,0.0,0
0,1.0,1.0,0.0,0.0,0,0.0,1.0,0.0,0.0,0
0,1.0,0.0,1.0,0.0,0,0.0,-1.0,0.925000011920929,0.3,3
0,1.0,0.0,1.0,0.0,0,0.0,-1.0,0.800000011920929,0.8,1
0,1.0,1.0,0.0,0.0,0,0.0,1.0,0.0,0.0,0
0,1.0,0.0,1.0,0.0,0,0.0,-1.0,0.550000011920929,1.0,3
0,1.0,0.0,1.0,0.0,0,0.0,-1.0,0.75,1.0,1
0,1.0,0.0,1.0,0.0,0,0.0,-1.0,0.9500000476837158,0.2,2
0,1.0,0.0,1.0,0.0,0,0.0,-1.0,0.75,1.0,1
0,1.0,0.0,1.0,0.0,0,0.0,-1.0,0.925000011920929,0.3,3
0,1.0,0.0,1.0,0.0,0,0.0,-1.0,0.7749999761581421,0.5,1
0,1.0,0.0,1.0,0.0,0,0.0,-1.0,0.5999999642372131,1.0,0
0,1.0,0.0,1.0,0.0,0,0.0,-1.0,0.550000011920929,1.0,2
0,1.0,0.0,1.0,0.0,0,0.0,-1.0,0.6800000071525574,0.8,2
0,1.0,0.0,1.0,0.0,0,0.0,-1.0,0.7999999523162842,0.5,2
0,1.0,0.0,1.0,0.0,0,0.0,-1.0,0.925000011920929,0.3,1
0,1.0,0.0,1.0,0.0,0,0.0,-1.0,0.9099999666213989,0.3,1
0,1.0,1.0,0.0,0.0,0,0.0,1.0,0.0,0.0,0
0,1.0,0.0,1.0,0.0,0,0.0,-1.0,0.9099999666213989,0.3,3
0,1.0,0.0,1.0,0.0,0,0.0,-1.0,0.925000011920929,0.3,0
0,1.0,1.0,0.0,0.0,0,0.0,1.0,0.0,0.0,0
0,1.0,1.0,0.0,0.0,0,0.0,1.0,0.0,0.0,0
0,1.0,0.0,1.0,0.0,0,0.0,-1.0,0.9099999666213989,0.3,3
0,0.97297025,0.12163399904966354,0.8783659934997559,0.027029777,0,0.0,-0.8459302186965942,0.7883660197257996,0.2,1
0,1.0,0.0,1.0,0.0,0,0.0,-1.0013514757156372,0.9500000476837158,0.2,1
0,1.0,0.0,1.0,0.0,0,0.0,-1.0,0.7599999904632568,0.8,1
0,1.0,0.0,1.0,0.0,0,0.0,-1.0,0.9500000476837158,0.2,2
0,1.0,0.0,1.0,0.0,0,0.0,-1.0,0.9500000476837158,0.2,0
0,1.0,1.0,0.0,0.0,0,0.0,1.0,0.0,0.0,0
0,1.0,0.0,1.0,0.0,0,0.0,-1.0,0.9500000476837158,0.2,0
0,1.0,0.0,1.0,0.0,0,0.0,-1.0,0.925000011920929,0.3,0
0,1.0,0.0,1.0,0.0,0,0.0,-1.0,0.9099999666213989,0.3,0
0,1.0,0.0,1.0,0.0,0,0.0,-1.0,0.7999999523162842,0.5,2
0,1.0,1.0,0.0,0.0,0,0.0,1.0,0.0,0.0,0
0,1.0,0.0,1.0,0.0,0,0.0,-1.0,0.75,1.0,1
0,1.0,0.0,1.0,0.0,0,0.0,-1.0,0.800000011920929,0.8,1
0,1.0,1.0,0.0,0.0,0,0.0,1.0,0.0,0.0,0
0,1.0,0.0,1.0,0.0,0,0.0,-1.0,0.7999999523162842,0.5,3
0,1.0,1.0,0.0,0.0,0,0.0,1.0,0.0,0.0,0
0,1.0,1.0,0.0,0.0,0,0.0,1.0,0.0,0.0,0
0,1.0,0.0,1.0,0.0,0,0.0,-1.0,0.925000011920929,0.3,1
0,1.0,0.0,1.0,0.0,0,0.0,-1.0,0.550000011920929,1.0,1
0,1.0,1.0,0.0,0.0,0,0.0,1.0,0.0,0.0,0
0,0.98232186,1.0,0.0,0.017678166,0,0.0,0.9443137645721436,0.0,0.0,0
0,1.0,0.0,1.0,0.0,0,0.0,-1.0004419088363647,0.9500000476837158,0.2,2
0,1.0,0.0,1.0,0.0,0,0.0,-1.0,0.75,1.0,0
0,1.0,0.0,1.0,0.0,0,0.0,-1.0,0.6800000071525574,0.8,2
0,1.0,0.0,1.0,0.0,0,0.0,-1.0,0.9200000166893005,0.2,0
0,1.0,0.0,1.0,0.0,0,0.0,-1.0,0.800000011920929,0.8,1
0,1.0,0.0,1.0,0.0,0,0.0,-1.0,0.9500000476837158,0.2,1
0,1.0,0.0,1.0,0.0,0,0.0,-1.0,0.940000057220459,0.2,3
0,1.0,0.0,1.0,0.0,0,0.0,-1.0,0.7599999904632568,0.8,2
0,1.0,1.0,0.0,0.0,0,0.0,1.0,0.0,0.0,0
0,1.0,0.0,1.0,0.0,0,0.0,-1.0,0.925000011920929,0.3,3
0,1.0,0.0,1.0,0.0,0,0.0,-1.0,0.925000011920929,0.3,2
0,1.0,0.0,1.0,0.0,0,0.0,-1.0,0.7599999904632568,0.8,2
0,1.0,0.0,1.0,0.0,0,0.0,-1.0,0.925000011920929,0.3,2
0,1.0,0.0,1.0,0.0,0,0.0,-1.0,0.9099999666213989,0.3,2
0,1.0,0.0,1.0,0.0,0,0.0,-1.0,0.9200000166893005,0.2,2
0,1.0,0.0,1.0,0.0,0,0.0,-1.0,0.925000011920929,0.3,2
0,1.0,0.0,1.0,0.0,0,0.0,-1.0,0.7599999904632568,0.8,2
0,1.0,1.0,0.0,0.0,0,0.0,1.0,0.0,0.0,0
0,1.0,0.0,1.0,0.0,0,0.0,-1.0,0.75,1.0,0
0,1.0,0.0,1.0,0.0,0,0.0,-1.0,0.9500000476837158,0.2,3
0,1.0,0.0,1.0,0.0,0,0.0,-1.0,0.925000011920929,0.3,2
0,1.0,0.0,1.0,0.0,0,0.0,-1.0,0.9500000476837158,0.2,0
0,1.0,0.0,1.0,0.0,0,0.0,-1.0,0.8500000238418579,0.5,1
0,1.0,1.0,0.0,0.0,0,0.0,1.0,0.0,0.0,0
0,1.0,0.0,1.0,0.0,0,0.0,-1.0,0.6800000071525574,0.8,2
0,1.0,0.0,1.0,0.0,0,0.0,-1.0,0.9099999666213989,0.3,1
0,1.0,1.0,0.0,0.0,0,0.0,1.0,0.0,0.0,0
0,1.0,1.0,0.0,0.0,0,0.0,1.0,0.0,0.0,0
0,1.0,0.0,1.0,0.0,0,0.0,-1.0,0.9099999666213989,0.3,2
0,1.0,1.0,0.0,0.0,0,0.0,1.0,0.0,0.0,0
0,1.0,1.0,0.0,0.0,0,0.0,1.0,0.0,0.0,0
0,1.0,0.0,1.0,0.0,0,0.0,-1.0,0.9100000262260437,0.2,1
0,1.0,0.0,1.0,0.0,0,0.0,-1.0,0.7999999523162842,0.5,2
0,1.0,1.0,0.0,0.0,0,0.0,1.0,0.0,0.0,0
0,1.0,0.0,1.0,0.0,0,0.0,-1.0,0.875,0.5,0
0,1.0,1.0,0.0,0.0,0,0.0,1.0,0.0,0.0,0
0,1.0,1.0,0.0,0.0,0,0.0,1.0,0.0,0.0,0
0,1.0,0.0,1.0,0.0,0,0.0,-1.0,0.9500000476837158,0.2,1
0,1.0,0.0,1.0,0.0,0,0.0,-1.0,0.9099999666213989,0.3,1
0,1.0,0.0,1.0,0.0,0,0.0,-1.0,0.800000011920929,0.8,2
0,1.0,1.0,0.0,0.0,0,0.0,1.0,0.0,0.0,0
0,1.0,0.0,1.0,0.0,0,0.0,-1.0,0.7999999523162842,0.5,1
0,1.0,0.0,1.0,0.0,0,0.0,-1.0,0.6800000071525574,0.8,2
0,1.0,0.0,1.0,0.0,0,0.0,-1.0,0.7000000476837158,1.0,3
0,1.0,0.0,1.0,0.0,0,0.0,-1.0,0.75,1.0,1
0,1.0,0.0,1.0,0.0,0,0.0,-1.0,0.9500000476837158,0.2,3
0,1.0,0.0,1.0,0.0,0,0.0,-1.0,0.7999999523162842,0.5,1
0,1.0,0.0,1.0,0.0,0,0.0,-1.0,0.9500000476837158,0.2,2
0,1.0,0.0,1.0,0.0,0,0.0,-1.0,0.7999999523162842,0.5,3
0,1.0,0.0,1.0,0.0,0,0.0,-1.0,0.6399999856948853,0.8,2
0,1.0,0.0,1.0,0.0,0,0.0,-1.0,0.5999999642372131,1.0,3
0,1.0,0.0,1.0,0.0,0,0.0,-1.0,0.9099999666213989,0.3,0
0,1.0,0.0,1.0,0.0,0,0.0,-1.0,0.925000011920929,0.3,0
0,1.0,0.0,1.0,0.0,0,0.0,-1.0,0.875,0.5,3
0,1.0,0.0,1.0,0.0,0,0.0,-1.0,0.925000011920929,0.3,3
0,1.0,1.0,0.0,0.0,0,0.0,1.0,0.0,0.0,0
0,1.0,0.0,1.0,0.0,0,0.0,-1.0,0.875,0.5,0
0,1.0,1.0,0.0,0.0,0,0.0,1.0,0.0,0.0,0
0,1.0,1.0,0.0,0.0,0,0.0,1.0,0.0,0.0,0
0,1.0,0.0,1.0,0.0,0,0.0,-1.0,0.5999999642372131,1.0,0
0,1.0,0.0,1.0,0.0,0,0.0,-1.0,0.6800000071525574,0.8,1
0,1.0,0.0,1.0,0.0,0,0.0,-1.0,0.75,1.0,1
0,1.0,0.0,1.0,0.0,0,0.0,-1.0,0.9100000262260437,0.2,0
0,1.0,0.0,1.0,0.0,0,0.0,-1.0,0.800000011920929,0.8,3
0,1.0,0.0,1.0,0.0,0,0.0,-1.0,0.6800000071525574,0.8,3
0,1.0,0.0,1.0,0.0,0,0.0,-1.0,0.7749999761581421,0.5,0
0,1.0,0.0,1.0,0.0,0,0.0,-1.0,0.925000011920929,0.3,1
0,1.0,0.0,1.0,0.0,0,0.0,-1.0,0.925000011920929,0.3,3
0,1.0,0.0,1.0,0.0,0,0.0,-1.0,0.875,0.5,0
0,1.0,0.0,1.0,0.0,0,0.0,-1.0,0.7599999904632568,0.8,3
0,1.0,0.0,1.0,0.0,0,0.0,-1.0,0.9100000262260437,0.2,2
0,1.0,1.0,0.0,0.0,0,0.0,1.0,0.0,0.0,0
0,1.0,0.0,1.0,0.0,0,0.0,-1.0,0.9200000166893005,0.2,0
0,1.0,0.0,1.0,0.0,0,0.0,-1.0,0.9200000166893005,0.2,0
0,1.0,0.0,1.0,0.0,0,0.0,-1.0,0.925000011920929,0.3,2
0,1.0,1.0,0.0,0.0,0,0.0,1.0,0.0,0.0,0
0,1.0,1.0,0.0,0.0,0,0.0,1.0,0.0,0.0,0
0,1.0,1.0,0.0,0.0,0,0.0,1.0,0.0,0.0,0
0,1.0,0.0,1.0,0.0,0,0.0,-1.0,0.925000011920929,0.3,2
0,1.0,1.0,0.0,0.0,0,0.0,1.0,0.0,0.0,0
0,1.0,1.0,0.0,0.0,0,0.0,1.0,0.0,0.0,0
0,1.0,1.0,0.0,0.0,0,0.0,1.0,0.0,0.0,0
0,0.91151124,1.0,0.0,0.08848875,1,0.0,-4.2787394523620605,0.0,0.0,0
0,1.0,0.0,1.0,0.0,0,0.0,-1.0022121667861938,0.875,0.5,0
0,1.0,0.0,1.0,0.0,0,0.0,-1.0,0.75,1.0,1
0,1.0,0.0,1.0,0.0,0,0.0,-1.0,0.940000057220459,0.2,0
0,1.0,0.0,1.0,0.0,0,0.0,-1.0,0.925000011920929,0.3,0
0,1.0,0.0,1.0,0.0,0,0.0,-1.0,0.9200000166893005,0.2,1
0,1.0,0.0,1.0,0.0,0,0.0,-1.0,0.5999999642372131,1.0,0
0,1.0,0.0,1.0,0.0,0,0.0,-1.0,0.9099999666213989,0.3,2
0,1.0,1.0,0.0,0.0,0,0.0,1.0,0.0,0.0,0
0,1.0,0.0,1.0,0.0,0,0.0,-1.0,0.8500000238418579,0.5,0
0,1.0,0.0,1.0,0.0,0,0.0,-1.0,0.75,1.0,3
0,1.0,0.0,1.0,0.0,0,0.0,-1.0,0.9200000166893005,0.2,3
0,1.0,1.0,0.0,0.0,0,0.0,1.0,0.0,0.0,0
0,1.0,0.0,1.0,0.0,0,0.0,-1.0,0.925000011920929,0.3,0
0,1.0,0.0,1.0,0.0,0,0.0,-1.0,0.9500000476837158,0.2,3
0,1.0,1.0,0.0,0.0,0,0.0,1.0,0.0,0.0,0
0,1.0,1.0,0.0,0.0,0,0.0,1.0,0.0,0.0,0
0,1.0,0.0,1.0,0.0,0,0.0,-1.0,0.9500000476837158,0.2,0
0,1.0,1.0,0.0,0.0,0,0.0,1.0,0.0,0.0,0
0,1.0,0.0,1.0,0.0,0,0.0,-1.0,0.8500000238418579,0.5,3
0,1.0,0.0,1.0,0.0,0,0.0,-1.0,0.7599999904632568,0.8,0
0,1.0,0.0,1.0,0.0,0,0.0,-1.0,0.6399999856948853,0.8,1
0,1.0,0.0,1.0,0.0,0,0.0,-1.0,0.925000011920929,0.3,3
0,1.0,0.0,1.0,0.0,0,0.0,-1.0,0.9099999666213989,0.3,2
0,1.0,0.0,1.0,0.0,0,0.0,-1.0,0.940000057220459,0.2,0
0,1.0,0.0,1.0,0.0,0,0.0,-1.0,0.9500000476837158,0.2,3
0,1.0,0.0,1.0,0.0,0,0.0,-1.0,0.7000000476837158,1.0,0
0,1.0,0.0,1.0,0.0,0,0.0,-1.0,0.75,1.0,0
0,1.0,0.0,1.0,0.0,0,0.0,-1.0,0.7000000476837158,1.0,1
0,1.0,0.0,1.0,0.0,0,0.0,-1.0,0.940000057220459,0.2,1
0,1.0,1.0,0.0,0.0,0,0.0,1.0,0.0,0.0,0
0,1.0,1.0,0.0,0.0,0,0.0,1.0,0.0,0.0,0
0,1.0,0.0,1.0,0.0,0,0.0,-1.0,0.9500000476837158,0.2,3
0,1.0,0.0,1.0,0.0,0,0.0,-1.0,0.925000011920929,0.3,0
0,1.0,1.0,0.0,0.0,0,0.0,1.0,0.0,0.0,0
0,1.0,1.0,0.0,0.0,0,0.0,1.0,0.0,0.0,0
0,1.0,0.0,1.0,0.0,0,0.0,-1.0,0.75,1.0,2
0,1.0,1.0,0.0,0.0,0,0.0,1.0,0.0,0.0,0
0,1.0,0.0,1.0,0.0,0,0.0,-1.0,0.9099999666213989,0.3,2
0,1.0,0.0,1.0,0.0,0,0.0,-1.0,0.7599999904632568,0.8,3
0,1.0,0.0,1.0,0.0,0,0.0,-1.0,0.940000057220459,0.2,0
0,1.0,0.0,1.0,0.0,0,0.0,-1.0,0.6800000071525574,0.8,0
0,1.0,1.0,0.0,0.0,0,0.0,1.0,0.0,0.0,0
0,1.0,0.0,1.0,0.0,0,0.0,-1.0,0.75,1.0,0
0,1.0,0.0,1.0,0.0,0,0.0,-1.0,0.75,1.0,0
0,1.0,0.0,1.0,0.0,0,0.0,-1.0,0.9100000262260437,0.2,0
0,1.0,0.0,1.0,0.0,0,0.0,-1.0,0.7999999523162842,0.5,1
0,1.0,0.0,1.0,0.0,0,0.0,-1.0,0.925000011920929,0.3,2
0,1.0,1.0,0.0,0.0,0,0.0,1.0,0.0,0.0,0
0,1.0,0.0,1.0,0.0,0,0.0,-1.0,0.925000011920929,0.3,1
0,1.0,0.0,1.0,0.0,0,0.0,-1.0,0.75,1.0,2
0,1.0,1.0,0.0,0.0,0,0.0,1.0,0.0,0.0,0
0,1.0,1.0,0.0,0.0,0,0.0,1.0,0.0,0.0,0
0,1.0,1.0,0.0,0.0,0,0.0,1.0,0.0,0.0,0
0,0.9962114,1.0,0.0,0.0037885667,0,0.0,0.9880660176277161,0.0,0.0,0
0,1.0,1.0,0.0,0.0,0,0.0,0.9999052882194519,0.0,0.0,0
0,1.0,1.0,0.0,0.0,0,0.0,1.0,0.0,0.0,0
0,1.0,0.0,1.0,0.0,0,0.0,-1.0,0.9099999666213989,0.3,0
0,1.0,0.0,1.0,0.0,0,0.0,-1.0,0.75,1.0,0
0,1.0,0.0,1.0,0.0,0,0.0,-1.0,0.9099999666213989,0.3,0
0,1.0,1.0,0.0,0.0,0,0.0,1.0,0.0,0.0,0
0,1.0,0.0,1.0,0.0,0,0.0,-1.0,0.7000000476837158,1.0,2
0,1.0,0.0,1.0,0.0,0,0.0,-1.0,0.6800000071525574,0.8,0
0,1.0,1.0,0.0,0.0,0,0.0,1.0,0.0,0.0,0
0,1.0,0.0,1.0,0.0,0,0.0,-1.0,0.875,0.5,3
0,1.0,0.0,1.0,0.0,0,0.0,-1.0,0.5999999642372131,1.0,0
0,1.0,0.0,1.0,0.0,0,0.0,-1.0,0.7000000476837158,1.0,0
0,1.0,1.0,0.0,0.0,0,0.0,1.0,0.0,0.0,0
0,1.0,1.0,0.0,0.0,0,0.0,1.0,0.0,0.0,0
0,1.0,0.0,1.0,0.0,0,0.0,-1.0,0.875,0.5,3
0,1.0,0.0,1.0,0.0,0,0.0,-1.0,0.940000057220459,0.2,1
0,1.0,0.0,1.0,0.0,0,0.0,-1.0,0.75,1.0,3
0,1.0,0.0,1.0,0.0,0,0.0,-1.0,0.7749999761581421,0.5,1
0,1.0,0.0,1.0,0.0,0,0.0,-1.0,0.9100000262260437,0.2,0
0,1.0,0.0,1.0,0.0,0,0.0,-1.0,0.8500000238418579,0.5,0
0,1.0,1.0,0.0,0.0,0,0.0,1.0,0.0,0.0,0
0,1.0,1.0,0.0,0.0,0,0.0,1.0,0.0,0.0,0
0,1.0,0.0,1.0,0.0,0,0.0,-1.0,0.8500000238418579,0.5,3
0,1.0,1.0,0.0,0.0,0,0.0,1.0,0.0,0.0,0
0,1.0,1.0,0.0,0.0,0,0.0,1.0,0.0,0.0,0
0,1.0,0.0,1.0,0.0,0,0.0,-1.0,0.7000000476837158,1.0,2
0,1.0,0.0,1.0,0.0,0,0.0,-1.0,0.925000011920929,0.3,0
0,1.0,0.0,1.0,0.0,0,0.0,-1.0,0.800000011920929,0.8,0
0,1.0,0.0,1.0,0.0,0,0.0,-1.0,0.800000011920929,0.8,1
0,1.0,1.0,0.0,0.0,0,0.0,1.0,0.0,0.0,0
0,1.0,0.0,1.0,0.0,0,0.0,-1.0,0.800000011920929,0.8,3
0,1.0,0.0,1.0,0.0,0,0.0,-1.0,0.9100000262260437,0.2,2
0,1.0,0.0,1.0,0.0,0,0.0,-1.0,0.9200000166893005,0.2,1
0,1.0,0.0,1.0,0.0,0,0.0,-1.0,0.6399999856948853,0.8,2
0,1.0,0.0,1.0,0.0,0,0.0,-1.0,0.7999999523162842,0.5,3
0,1.0,0.0,1.0,0.0,0,0.0,-1.0,0.9500000476837158,0.2,3
0,1.0,1.0,0.0,0.0,0,0.0,1.0,0.0,0.0,0
0,1.0,0.0,1.0,0.0,0,0.0,-1.0,0.9100000262260437,0.2,3
0,1.0,1.0,0.0,0.0,0,0.0,1.0,0.0,0.0,0
0,1.0,0.0,1.0,0.0,0,0.0,-1.0,0.75,1.0,2
0,1.0,0.0,1.0,0.0,0,0.0,-1.0,0.9099999666213989,0.3,3
0,1.0,1.0,0.0,0.0,0,0.0,1.0,0.0,0.0,0
0,1.0,0.0,1.0,0.0,0,0.0,-1.0,0.75,1.0,1
0,1.0,0.0,1.0,0.0,0,0.0,-1.0,0.875,0.5,1
0,1.0,1.0,0.0,0.0,0,0.0,1.0,0.0,0.0,0
0,1.0,1.0,0.0,0.0,0,0.0,1.0,0.0,0.0,0
0,1.0,1.0,0.0,0.0,0,0.0,1.0,0.0,0.0,0
0,1.0,0.0,1.0,0.0,0,0.0,-1.0,0.9200000166893005,0.2,0
0,1.0,1.0,0.0,0.0,0,0.0,1.0,0.0,0.0,0
0,1.0,0.0,1.0,0.0,0,0.0,-1.0,0.940000057220459,0.2,1
0,1.0,0.0,1.0,0.0,0,0.0,-1.0,0.940000057220459,0.2,2
0,1.0,0.0,1.0,0.0,0,0.0,-1.0,0.925000011920929,0.3,0
0,1.0,0.0,1.0,0.0,0,0.0,-1.0,0.9500000476837158,0.2,3
0,1.0,1.0,0.0,0.0,0,0.0,1.0,0.0,0.0,0
0,1.0,0.0,1.0,0.0,0,0.0,-1.0,0.9099999666213989,0.3,0
0,1.0,1.0,0.0,0.0,0,0.0,1.0,0.0,0.0,0
0,1.0,1.0,0.0,0.0,0,0.0,1.0,0.0,0.0,0
0,1.0,1.0,0.0,0.0,0,0.0,1.0,0.0,0.0,0
0,1.0,0.0,1.0,0.0,0,0.0,-1.0,0.6399999856948853,0.8,0
0,1.0,1.0,0.0,0.0,0,0.0,1.0,0.0,0.0,0
0,1.0,0.0,1.0,0.0,0,0.0,-1.0,0.940000057220459,0.2,2
0,1.0,1.0,0.0,0.0,0,0.0,1.0,0.0,0.0,0
0,1.0,1.0,0.0,0.0,0,0.0,1.0,0.0,0.0,0
0,1.0,0.0,1.0,0.0,0,0.0,-1.0,0.9099999666213989,0.3,1
0,1.0,0.0,1.0,0.0,0,0.0,-1.0,0.75,1.0,2
0,1.0,0.0,1.0,0.0,0,0.0,-1.0,0.7749999761581421,0.5,3
0,1.0,0.0,1.0,0.0,0,0.0,-1.0,0.75,1.0,2
0,1.0,0.0,1.0,0.0,0,0.0,-1.0,0.6399999856948853,0.8,1
0,1.0,0.0,1.0,0.0,0,0.0,-1.0,0.8500000238418579,0.5,2
0,1.0,0.0,1.0,0.0,0,0.0,-1.0,0.800000011920929,0.8,2
0,1.0,0.0,1.0,0.0,0,0.0,-1.0,0.875,0.5,0
0,1.0,0.0,1.0,0.0,0,0.0,-1.0,0.875,0.5,2
0,1.0,0.0,1.0,0.0,0,0.0,-1.0,0.800000011920929,0.8,0
0,1.0,0.0,1.0,0.0,0,0.0,-1.0,0.9200000166893005,0.2,2
0,1.0,0.0,1.0,0.0,0,0.0,-1.0,0.925000011920929,0.3,2
0,1.0,1.0,0.0,0.0,0,0.0,1.0,0.0,0.0,0
0,1.0,1.0,0.0,0.0,0,0.0,1.0,0.0,0.0,0
0,1.0,0.0,1.0,0.0,0,0.0,-1.0,0.7749999761581421,0.5,0
0,1.0,1.0,0.0,0.0,0,0.0,1.0,0.0,0.0,0
0,1.0,0.0,1.0,0.0,0,0.0,-1.0,0.9500000476837158,0.2,1
0,1.0,1.0,0.0,0.0,0,0.0,1.0,0.0,0.0,0
0,1.0,0.0,1.0,0.0,0,0.0,-1.0,0.9100000262260437,0.2,3
0,1.0,1.0,0.0,0.0,0,0.0,1.0,0.0,0.0,0
0,1.0,1.0,0.0,0.0,0,0.0,1.0,0.0,0.0,0
0,1.0,0.0,1.0,0.0,0,0.0,-1.0,0.6800000071525574,0.8,0
0,1.0,0.0,1.0,0.0,0,0.0,-1.0,0.800000011920929,0.8,2
0,1.0,0.0,1.0,0.0,0,0.0,-1.0,0.940000057220459,0.2,1
0,1.0,0.0,1.0,0.0,0,0.0,-1.0,0.8500000238418579,0.5,1
0,1.0,0.0,1.0,0.0,0,0.0,-1.0,0.9500000476837158,0.2,3
0,1.0,0.0,1.0,0.0,0,0.0,-1.0,0.7749999761581421,0.5,0
0,1.0,0.0,1.0,0.0,0,0.0,-1.0,0.550000011920929,1.0,1
0,1.0,0.0,1.0,0.0,0,0.0,-1.0,0.875,0.5,0
0,1.0,0.0,1.0,0.0,0,0.0,-1.0,0.9500000476837158,0.2,0
0,1.0,0.0,1.0,0.0,0,0.0,-1.0,0.800000011920929,0.8,2
0,1.0,0.0,1.0,0.0,0,0.0,-1.0,0.75,1.0,0
0,1.0,0.0,1.0,0.0,0,0.0,-1.0,0.9200000166893005,0.2,2
0,1.0,0.0,1.0,0.0,0,0.0,-1.0,0.800000011920929,0.8,2
0,1.0,0.0,1.0,0.0,0,0.0,-1.0,0.9200000166893005,0.2,1
0,1.0,1.0,0.0,0.0,0,0.0,1.0,0.0,0.0,0
0,1.0,1.0,0.0,0.0,0,0.0,1.0,0.0,0.0,0
0,1.0,0.0,1.0,0.0,0,0.0,-1.0,0.5999999642372131,1.0,2
0,1.0,1.0,0.0,0.0,0,0.0,1.0,0.0,0.0,0
0,1.0,1.0,0.0,0.0,0,0.0,1.0,0.0,0.0,0
0,1.0,1.0,0.0,0.0,0,0.0,1.0,0.0,0.0,0
0,1.0,0.0,1.0,0.0,0,0.0,-1.0,0.9500000476837158,0.2,3
0,1.0,0.0,1.0,0.0,0,0.0,-1.0,0.7000000476837158,1.0,1
0,1.0,0.0,1.0,0.0,0,0.0,-1.0,0.925000011920929,0.3,0
0,1.0,0.0,1.0,0.0,0,0.0,-1.0,0.7000000476837158,1.0,3
0,1.0,0.0,1.0,0.0,0,0.0,-1.0,0.9500000476837158,0.2,2
0,1.0,0.0,1.0,0.0,0,0.0,-1.0,0.6800000071525574,0.8,2
0,1.0,0.0,1.0,0.0,0,0.0,-1.0,0.800000011920929,0.8,2
0,1.0,0.0,1.0,0.0,0,0.0,-1.0,0.925000011920929,0.3,2
0,1.0,0.0,1.0,0.0,0,0.0,-1.0,0.800000011920929,0.8,0
0,1.0,0.0,1.0,0.0,0,0.0,-1.0,0.925000011920929,0.3,0
0,1.0,0.0,1.0,0.0,0,0.0,-1.0,0.940000057220459,0.2,0
0,1.0,1.0,0.0,0.0,0,0.0,1.0,0.0,0.0,0
0,1.0,0.0,1.0,0.0,0,0.0,-1.0,0.8500000238418579,0.5,2
0,1.0,1.0,0.0,0.0,0,0.0,1.0,0.0,0.0,0
0,1.0,0.0,1.0,0.0,0,0.0,-1.0,0.9500000476837158,0.2,0
0,1.0,0.0,1.0,0.0,0,0.0,-1.0,0.9099999666213989,0.3,0
0,1.0,0.0,1.0,0.0,0,0.0,-1.0,0.9099999666213989,0.3,0
0,1.0,0.0,1.0,0.0,0,0.0,-1.0,0.9200000166893005,0.2,3
0,1.0,0.0,1.0,0.0,0,0.0,-1.0,0.925000011920929,0.3,2
0,1.0,0.0,1.0,0.0,0,0.0,-1.0,0.9100000262260437,0.2,1
0,1.0,0.0,1.0,0.0,0,0.0,-1.0,0.9200000166893005,0.2,3
0,1.0,1.0,0.0,0.0,0,0.0,1.0,0.0,0.0,0
0,0.97843874,0.09702574461698532,0.9029742479324341,0.021561278,0,0.0,-0.8771007061004639,0.812974214553833,0.3,1
0,1.0,0.0,1.0,0.0,0,0.0,-1.0010780096054077,0.9200000166893005,0.2,2
0,1.0,0.0,1.0,0.0,0,0.0,-1.0,0.925000011920929,0.3,2
0,1.0,0.0,1.0,0.0,0,0.0,-1.0,0.7000000476837158,1.0,2
0,1.0,1.0,0.0,0.0,0,0.0,1.0,0.0,0.0,0
0,1.0,0.0,1.0,0.0,0,0.0,-1.0,0.9500000476837158,0.2,3
0,1.0,0.0,1.0,0.0,0,0.0,-1.0,0.940000057220459,0.2,0
0,1.0,1.0,0.0,0.0,0,0.0,1.0,0.0,0.0,0
0,1.0,0.0,1.0,0.0,0,0.0,-1.0,0.9099999666213989,0.3,3
0,1.0,1.0,0.0,0.0,0,0.0,1.0,0.0,0.0,0
0,1.0,0.0,1.0,0.0,0,0.0,-1.0,0.9200000166893005,0.2,3
0,1.0,1.0,0.0,0.0,0,0.0,1.0,0.0,0.0,0
0,1.0,1.0,0.0,0.0,0,0.0,1.0,0.0,0.0,0
0,1.0,0.0,1.0,0.0,0,0.0,-1.0,0.940000057220459,0.2,3
0,1.0,0.0,1.0,0.0,0,0.0,-1.0,0.6399999856948853,0.8,3
0,1.0,1.0,0.0,0.0,0,0.0,1.0,0.0,0.0,0
0,1.0,0.0,1.0,0.0,0,0.0,-1.0,0.7000000476837158,1.0,3
0,1.0,1.0,0.0,0.0,0,0.0,1.0,0.0,0.0,0
0,1.0,0.0,1.0,0.0,0,0.0,-1.0,0.9100000262260437,0.2,1
0,1.0,1.0,0.0,0.0,0,0.0,1.0,0.0,0.0,0
0,1.0,0.0,1.0,0.0,0,0.0,-1.0,0.9200000166893005,0.2,0
0,1.0,0.0,1.0,0.0,0,0.0,-1.0,0.550000011920929,1.0,3
0,1.0,1.0,0.0,0.0,0,0.0,1.0,0.0,0.0,0
0,1.0,0.0,1.0,0.0,0,0.0,-1.0,0.875,0.5,3
0,1.0,0.0,1.0,0.0,0,0.0,-1.0,0.800000011920929,0.8,3
0,1.0,0.0,1.0,0.0,0,0.0,-1.0,0.9500000476837158,0.2,2
0,1.0,0.0,1.0,0.0,0,0.0,-1.0,0.9099999666213989,0.3,0
0,1.0,0.0,1.0,0.0,0,0.0,-1.0,0.7999999523162842,0.5,0
0,1.0,1.0,0.0,0.0,0,0.0,1.0,0.0,0.0,0
0,1.0,0.0,1.0,0.0,0,0.0,-1.0,0.6800000071525574,0.8,2
0,1.0,0.0,1.0,0.0,0,0.0,-1.0,0.925000011920929,0.3,3
0,1.0,0.0,1.0,0.0,0,0.0,-1.0,0.5999999642372131,1.0,2
0,1.0,1.0,0.0,0.0,0,0.0,1.0,0.0,0.0,0
0,0.97612023,0.10745905339717865,0.8925409317016602,0.02387979,0,0.0,-0.8638851642608643,0.4925408959388733,1.0,0
0,1.0,0.0,1.0,0.0,0,0.0,-1.0011940002441406,0.875,0.5,1
0,1.0,0.0,1.0,0.0,0,0.0,-1.0,0.925000011920929,0.3,3
0,1.0,0.0,1.0,0.0,0,0.0,-1.0,0.925000011920929,0.3,1
0,1.0,1.0,0.0,0.0,0,0.0,1.0,0.0,0.0,0
0,1.0,0.0,1.0,0.0,0,0.0,-1.0,0.7999999523162842,0.5,3
0,1.0,0.0,1.0,0.0,0,0.0,-1.0,0.800000011920929,0.8,0
0,1.0,0.0,1.0,0.0,0,0.0,-1.0,0.800000011920929,0.8,2
0,1.0,0.0,1.0,0.0,0,0.0,-1.0,0.875,0.5,3
0,1.0,0.0,1.0,0.0,0,0.0,-1.0,0.800000011920929,0.8,2
0,1.0,1.0,0.0,0.0,0,0.0,1.0,0.0,0.0,0
0,1.0,0.0,1.0,0.0,0,0.0,-1.0,0.6800000071525574,0.8,0
0,1.0,0.0,1.0,0.0,0,0.0,-1.0,0.9500000476837158,0.2,0
0,1.0,1.0,0.0,0.0,0,0.0,1.0,0.0,0.0,0
0,1.0,1.0,0.0,0.0,0,0.0,1.0,0.0,0.0,0
0,1.0,1.0,0.0,0.0,0,0.0,1.0,0.0,0.0,0
0,1.0,0.0,1.0,0.0,0,0.0,-1.0,0.925000011920929,0.3,1
0,1.0,0.0,1.0,0.0,0,0.0,-1.0,0.940000057220459,0.2,0
0,1.0,0.0,1.0,0.0,0,0.0,-1.0,0.800000011920929,0.8,0
0,1.0,0.0,1.0,0.0,0,0.0,-1.0,0.550000011920929,1.0,0
0,1.0,0.0,1.0,0.0,0,0.0,-1.0,0.7000000476837158,1.0,3
0,1.0,0.0,1.0,0.0,0,0.0,-1.0,0.940000057220459,0.2,0
0,1.0,0.0,1.0,0.0,0,0.0,-1.0,0.7000000476837158,1.0,1
0,1.0,1.0,0.0,0.0,0,0.0,1.0,0.0,0.0,0
0,1.0,0.0,1.0,0.0,0,0.0,-1.0,0.7000000476837158,1.0,0
0,1.0,0.0,1.0,0.0,0,0.0,-1.0,0.9100000262260437,0.2,1
0,1.0,1.0,0.0,0.0,0,0.0,1.0,0.0,0.0,0
0,1.0,0.0,1.0,0.0,0,0.0,-1.0,0.75,1.0,0
0,1.0,0.0,1.0,0.0,0,0.0,-1.0,0.9200000166893005,0.2,2
0,1.0,0.0,1.0,0.0,0,0.0,-1.0,0.925000011920929,0.3,3
0,1.0,0.0,1.0,0.0,0,0.0,-1.0,0.925000011920929,0.3,2
0,1.0,1.0,0.0,0.0,0,0.0,1.0,0.0,0.0,0
0,1.0,0.0,1.0,0.0,0,0.0,-1.0,0.925000011920929,0.3,0
0,1.0,0.0,1.0,0.0,0,0.0,-1.0,0.9500000476837158,0.2,0
0,1.0,0.0,1.0,0.0,0,0.0,-1.0,0.9500000476837158,0.2,2
0,1.0,1.0,0.0,0.0,0,0.0,1.0,0.0,0.0,0
0,1.0,0.0,1.0,0.0,0,0.0,-1.0,0.75,1.0,2
0,1.0,1.0,0.0,0.0,0,0.0,1.0,0.0,0.0,0
0,1.0,0.0,1.0,0.0,0,0.0,-1.0,0.925000011920929,0.3,0
0,1.0,1.0,0.0,0.0,0,0.0,1.0,0.0,0.0,0
0,1.0,1.0,0.0,0.0,0,0.0,1.0,0.0,0.0,0
0,1.0,0.0,1.0,0.0,0,0.0,-1.0,0.7000000476837158,1.0,3
0,1.0,0.0,1.0,0.0,0,0.0,-1.0,0.9500000476837158,0.2,0
0,1.0,0.0,1.0,0.0,0,0.0,-1.0,0.550000011920929,1.0,1
0,1.0,1.0,0.0,0.0,0,0.0,1.0,0.0,0.0,0
0,1.0,0.0,1.0,0.0,0,0.0,-1.0,0.9099999666213989,0.3,1
0,1.0,1.0,0.0,0.0,0,0.0,1.0,0.0,0.0,0
0,1.0,0.0,1.0,0.0,0,0.0,-1.0,0.9099999666213989,0.3,2
0,1.0,1.0,0.0,0.0,0,0.0,1.0,0.0,0.0,0
0,1.0,1.0,0.0,0.0,0,0.0,1.0,0.0,0.0,0
0,1.0,0.0,1.0,0.0,0,0.0,-1.0,0.9500000476837158,0.2,0
0,1.0,0.0,1.0,0.0,0,0.0,-1.0,0.925000011920929,0.3,0
0,1.0,0.0,1.0,0.0,0,0.0,-1.0,0.940000057220459,0.2,3
0,1.0,1.0,0.0,0.0,0,0.0,1.0,0.0,0.0,0
0,1.0,1.0,0.0,0.0,0,0.0,1.0,0.0,0.0,0
0,1.0,0.0,1.0,0.0,0,0.0,-1.0,0.925000011920929,0.3,2
0,1.0,0.0,1.0,0.0,0,0.0,-1.0,0.7599999904632568,0.8,1
0,1.0,1.0,0.0,0.0,0,0.0,1.0,0.0,0.0,0
0,1.0,0.0,1.0,0.0,0,0.0,-1.0,0.5999999642372131,1.0,1
0,1.0,0.0,1.0,0.0,0,0.0,-1.0,0.940000057220459,0.2,0
0,1.0,0.0,1.0,0.0,0,0.0,-1.0,0.7749999761581421,0.5,1
0,1.0,1.0,0.0,0.0,0,0.0,1.0,0.0,0.0,0
0,0.9554318,0.2005566954612732,0.7994433045387268,0.04456816,0,0.0,-0.7459614872932434,0.7244433164596558,0.3,3
0,1.0,0.0,1.0,0.0,0,0.0,-1.0022283792495728,0.925000011920929,0.3,2
0,1.0,0.0,1.0,0.0,0,0.0,-1.0,0.800000011920929,0.8,2
0,1.0,0.0,1.0,0.0,0,0.0,-1.0,0.75,1.0,2
0,1.0,0.0,1.0,0.0,0,0.0,-1.0,0.7999999523162842,0.5,3
0,1.0,0.0,1.0,0.0,0,0.0,-1.0,0.875,0.5,1
0,1.0,0.0,1.0,0.0,0,0.0,-1.0,0.9200000166893005,0.2,1
0,1.0,0.0,1.0,0.0,0,0.0,-1.0,0.9200000166893005,0.2,2
0,1.0,0.0,1.0,0.0,0,0.0,-1.0,0.940000057220459,0.2,1
0,1.0,0.0,1.0,0.0,0,0.0,-1.0,0.9500000476837158,0.2,0
0,1.0,0.0,1.0,0.0,0,0.0,-1.0,0.875,0.5,3
0,1.0,0.0,1.0,0.0,0,0.0,-1.0,0.9100000262260437,0.2,1
0,1.0,0.0,1.0,0.0,0,0.0,-1.0,0.925000011920929,0.3,3
0,1.0,0.0,1.0,0.0,0,0.0,-1.0,0.6800000071525574,0.8,0
0,1.0,0.0,1.0,0.0,0,0.0,-1.0,0.875,0.5,2
0,1.0,0.0,1.0,0.0,0,0.0,-1.0,0.7599999904632568,0.8,1
0,1.0,0.0,1.0,0.0,0,0.0,-1.0,0.875,0.5,3
0,1.0,0.0,1.0,0.0,0,0.0,-1.0,0.940000057220459,0.2,3
0,1.0,0.0,1.0,0.0,0,0.0,-1.0,0.925000011920929,0.3,2
0,1.0,0.0,1.0,0.0,0,0.0,-1.0,0.7999999523162842,0.5,1
0,1.0,1.0,0.0,0.0,0,0.0,1.0,0.0,0.0,0
0,1.0,1.0,0.0,0.0,0,0.0,1.0,0.0,0.0,0
0,1.0,1.0,0.0,0.0,0,0.0,1.0,0.0,0.0,0
0,1.0,1.0,0.0,0.0,0,0.0,1.0,0.0,0.0,0
0,1.0,0.0,1.0,0.0,0,0.0,-1.0,0.6800000071525574,0.8,3
0,1.0,0.0,1.0,0.0,0,0.0,-1.0,0.875,0.5,1
0,1.0,1.0,0.0,0.0,0,0.0,1.0,0.0,0.0,0
0,1.0,0.0,1.0,0.0,0,0.0,-1.0,0.550000011920929,1.0,3
0,1.0,0.0,1.0,0.0,0,0.0,-1.0,0.75,1.0,0
0,1.0,0.0,1.0,0.0,0,0.0,-1.0,0.940000057220459,0.2,1
0,1.0,0.0,1.0,0.0,0,0.0,-1.0,0.9100000262260437,0.2,3
0,1.0,0.0,1.0,0.0,0,0.0,-1.0,0.75,1.0,1
0,1.0,0.0,1.0,0.0,0,0.0,-1.0,0.8500000238418579,0.5,3
0,1.0,1.0,0.0,0.0,0,0.0,1.0,0.0,0.0,0
0,1.0,1.0,0.0,0.0,0,0.0,1.0,0.0,0.0,0
0,1.0,1.0,0.0,0.0,0,0.0,1.0,0.0,0.0,0
0,1.0,1.0,0.0,0.0,0,0.0,1.0,0.0,0.0,0
0,1.0,0.0,1.0,0.0,0,0.0,-1.0,0.800000011920929,0.8,0
0,1.0,1.0,0.0,0.0,0,0.0,1.0,0.0,0.0,0
0,1.0,0.0,1.0,0.0,0,0.0,-1.0,0.940000057220459,0.2,3
0,1.0,0.0,1.0,0.0,0,0.0,-1.0,0.9099999666213989,0.3,1
0,1.0,0.0,1.0,0.0,0,0.0,-1.0,0.875,0.5,1
0,1.0,1.0,0.0,0.0,0,0.0,1.0,0.0,0.0,0
1,1.0,0.0,1.0,0.0,0,0.0,-1.0,0.9500000476837158,0.2,0
1,1.0,0.0,1.0,0.0,0,0.0,-1.0,0.75,1.0,0
1,1.0,0.0,1.0,0.0,0,0.0,-1.0,0.9200000166893005,0.2,1
1,1.0,0.0,1.0,0.0,0,0.0,-1.0,0.7999999523162842,0.5,0
1,1.0,0.0,1.0,0.0,0,0.0,-1.0,0.75,1.0,0
1,1.0,0.0,1.0,0.0,0,0.0,-1.0,0.925000011920929,0.3,3
1,1.0,0.0,1.0,0.0,0,0.0,-1.0,0.9200000166893005,0.2,0
1,1.0,0.0,1.0,0.0,0,0.0,-1.0,0.7000000476837158,1.0,3
1,1.0,1.0,0.0,0.0,0,0.0,1.0,0.0,0.0,0
1,1.0,0.0,1.0,0.0,0,0.0,-1.0,0.9100000262260437,0.2,0
1,1.0,0.0,1.0,0.0,0,0.0,-1.0,0.800000011920929,0.8,2
1,1.0,1.0,0.0,0.0,0,0.0,1.0,0.0,0.0,0
1,1.0,1.0,0.0,0.0,0,0.0,1.0,0.0,0.0,0
1,1.0,0.0,1.0,0.0,0,0.0,-1.0,0.800000011920929,0.8,3
1,1.0,0.0,1.0,0.0,0,0.0,-1.0,0.7599999904632568,0.8,3
1,1.0,0.0,1.0,0.0,0,0.0,-1.0,0.875,0.5,0
1,1.0,1.0,0.0,0.0,0,0.0,1.0,0.0,0.0,0
1,1.0,0.0,1.0,0.0,0,0.0,-1.0,0.7000000476837158,1.0,3
1,1.0,0.0,1.0,0.0,0,0.0,-1.0,0.7999999523162842,0.5,2
1,1.0,1.0,0.0,0.0,0,0.0,1.0,0.0,0.0,0
1,1.0,0.0,1.0,0.0,0,0.0,-1.0,0.875,0.5,3
1,1.0,1.0,0.0,0.0,0,0.0,1.0,0.0,0.0,0
1,1.0,0.0,1.0,0.0,0,0.0,-1.0,0.75,1.0,0
1,1.0,1.0,0.0,0.0,0,0.0,1.0,0.0,0.0,0
1,1.0,0.0,1.0,0.0,0,0.0,-1.0,0.925000011920929,0.3,1
1,1.0,0.0,1.0,0.0,0,0.0,-1.0,0.9099999666213989,0.3,0
1,1.0,0.0,1.0,0.0,0,0.0,-1.0,0.875,0.5,3
1,1.0,0.0,1.0,0.0,0,0.0,-1.0,0.7599999904632568,0.8,0
1,1.0,0.0,1.0,0.0,0,0.0,-1.0,0.9500000476837158,0.2,3
1,1.0,0.0,1.0,0.0,0,0.0,-1.0,0.925000011920929,0.3,0
1,1.0,0.0,1.0,0.0,0,0.0,-1.0,0.75,1.0,2
1,1.0,1.0,0.0,0.0,0,0.0,1.0,0.0,0.0,0
1,1.0,0.0,1.0,0.0,0,0.0,-1.0,0.9500000476837158,0.2,1
1,1.0,1.0,0.0,0.0,0,0.0,1.0,0.0,0.0,0
1,1.0,0.0,1.0,0.0,0,0.0,-1.0,0.925000011920929,0.3,3
1,1.0,1.0,0.0,0.0,0,0.0,1.0,0.0,0.0,0
1,1.0,0.0,1.0,0.0,0,0.0,-1.0,0.925000011920929,0.3,0
1,1.0,0.0,1.0,0.0,0,0.0,-1.0,0.7999999523162842,0.5,0
1,1.0,1.0,0.0,0.0,0,0.0,1.0,0.0,0.0,0
1,1.0,0.0,1.0,0.0,0,0.0,-1.0,0.7999999523162842,0.5,0
1,1.0,0.0,1.0,0.0,0,0.0,-1.0,0.75,1.0,0
1,1.0,0.0,1.0,0.0,0,0.0,-1.0,0.5999999642372131,1.0,0
1,1.0,0.0,1.0,0.0,0,0.0,-1.0,0.925000011920929,0.3,3
1,1.0,0.0,1.0,0.0,0,0.0,-1.0,0.925000011920929,0.3,0
1,1.0,0.0,1.0,0.0,0,0.0,-1.0,0.5999999642372131,1.0,2
1,1.0,0.0,1.0,0.0,0,0.0,-1.0,0.9099999666213989,0.3,0
1,1.0,0.0,1.0,0.0,0,0.0,-1.0,0.7599999904632568,0.8,0
1,1.0,0.0,1.0,0.0,0,0.0,-1.0,0.925000011920929,0.3,1
1,1.0,0.0,1.0,0.0,0,0.0,-1.0,0.9500000476837158,0.2,3
1,1.0,0.0,1.0,0.0,0,0.0,-1.0,0.6399999856948853,0.8,3
1,1.0,1.0,0.0,0.0,0,0.0,1.0,0.0,0.0,0
1,1.0,0.0,1.0,0.0,0,0.0,-1.0,0.925000011920929,0.3,1
1,1.0,0.0,1.0,0.0,0,0.0,-1.0,0.5999999642372131,1.0,1
1,1.0,0.0,1.0,0.0,0,0.0,-1.0,0.9500000476837158,0.2,1
1,1.0,1.0,0.0,0.0,0,0.0,1.0,0.0,0.0,0
1,1.0,0.0,1.0,0.0,0,0.0,-1.0,0.875,0.5,1
1,1.0,0.0,1.0,0.0,0,0.0,-1.0,0.7749999761581421,0.5,3
1,1.0,0.0,1.0,0.0,0,0.0,-1.0,0.9099999666213989,0.3,2
1,1.0,0.0,1.0,0.0,0,0.0,-1.0,0.925000011920929,0.3,2
1,1.0,1.0,0.0,0.0,0,0.0,1.0,0.0,0.0,0
1,1.0,0.0,1.0,0.0,0,0.0,-1.0,0.75,1.0,3
1,1.0,1.0,0.0,0.0,0,0.0,1.0,0.0,0.0,0
1,1.0,0.0,1.0,0.0,0,0.0,-1.0,0.9200000166893005,0.2,1
1,1.0,0.0,1.0,0.0,0,0.0,-1.0,0.9500000476837158,0.2,1
1,1.0,0.0,1.0,0.0,0,0.0,-1.0,0.9200000166893005,0.2,3
1,1.0,0.0,1.0,0.0,0,0.0,-1.0,0.9200000166893005,0.2,0
1,1.0,0.0,1.0,0.0,0,0.0,-1.0,0.940000057220459,0.2,3
1,1.0,0.0,1.0,0.0,0,0.0,-1.0,0.800000011920929,0.8,3
1,1.0,0.0,1.0,0.0,0,0.0,-1.0,0.925000011920929,0.3,1
1,1.0,0.0,1.0,0.0,0,0.0,-1.0,0.940000057220459,0.2,2
1,1.0,0.0,1.0,0.0,0,0.0,-1.0,0.800000011920929,0.8,2
1,1.0,0.0,1.0,0.0,0,0.0,-1.0,0.9100000262260437,0.2,2
1,1.0,0.0,1.0,0.0,0,0.0,-1.0,0.75,1.0,3
1,1.0,0.0,1.0,0.0,0,0.0,-1.0,0.9500000476837158,0.2,1
1,1.0,0.0,1.0,0.0,0,0.0,-1.0,0.875,0.5,2
1,1.0,0.0,1.0,0.0,0,0.0,-1.0,0.7599999904632568,0.8,2
1,1.0,0.0,1.0,0.0,0,0.0,-1.0,0.800000011920929,0.8,1
1,1.0,0.0,1.0,0.0,0,0.0,-1.0,0.9200000166893005,0.2,0
1,1.0,0.0,1.0,0.0,0,0.0,-1.0,0.6800000071525574,0.8,1
1,1.0,1.0,0.0,0.0,0,0.0,1.0,0.0,0.0,0
1,1.0,0.0,1.0,0.0,0,0.0,-1.0,0.9200000166893005,0.2,0
1,1.0,0.0,1.0,0.0,0,0.0,-1.0,0.875,0.5,1
1,1.0,0.0,1.0,0.0,0,0.0,-1.0,0.940000057220459,0.2,0
1,1.0,0.0,1.0,0.0,0,0.0,-1.0,0.75,1.0,1
1,1.0,0.0,1.0,0.0,0,0.0,-1.0,0.9500000476837158,0.2,0
1,1.0,1.0,0.0,0.0,0,0.0,1.0,0.0,0.0,0
1,1.0,0.0,1.0,0.0,0,0.0,-1.0,0.6399999856948853,0.8,2
1,1.0,0.0,1.0,0.0,0,0.0,-1.0,0.6800000071525574,0.8,2
1,1.0,0.0,1.0,0.0,0,0.0,-1.0,0.925000011920929,0.3,3
1,1.0,1.0,0.0,0.0,0,0.0,1.0,0.0,0.0,0
1,1.0,0.0,1.0,0.0,0,0.0,-1.0,0.940000057220459,0.2,0
1,1.0,0.0,1.0,0.0,0,0.0,-1.0,0.875,0.5,1
1,1.0,0.0,1.0,0.0,0,0.0,-1.0,0.6800000071525574,0.8,0
1,1.0,0.0,1.0,0.0,0,0.0,-1.0,0.875,0.5,1
1,1.0,0.0,1.0,0.0,0,0.0,-1.0,0.9100000262260437,0.2,0
1,1.0,0.0,1.0,0.0,0,0.0,-1.0,0.9200000166893005,0.2,3
1,1.0,1.0,0.0,0.0,0,0.0,1.0,0.0,0.0,0
1,0.9376508,1.0,0.0,0.062349226,1,0.0,-4.196400165557861,0.0,0.0,0
1,1.0,1.0,0.0,0.0,0,0.0,0.9984412789344788,0.0,0.0,0
1,1.0,0.0,1.0,0.0,0,0.0,-1.0,0.9099999666213989,0.3,2
1,1.0,0.0,1.0,0.0,0,0.0,-1.0,0.925000011920929,0.3,3
1,1.0,0.0,1.0,0.0,0,0.0,-1.0,0.9500000476837158,0.2,2
1,1.0,0.0,1.0,0.0,0,0.0,-1.0,0.75,1.0,2
1,1.0,0.0,1.0,0.0,0,0.0,-1.0,0.9500000476837158,0.2,1
1,1.0,0.0,1.0,0.0,0,0.0,-1.0,0.800000011920929,0.8,2
1,1.0,1.0,0.0,0.0,0,0.0,1.0,0.0,0.0,0
1,1.0,1.0,0.0,0.0,0,0.0,1.0,0.0,0.0,0
1,1.0,1.0,0.0,0.0,0,0.0,1.0,0.0,0.0,0
1,1.0,0.0,1.0,0.0,0,0.0,-1.0,0.875,0.5,2
1,1.0,0.0,1.0,0.0,0,0.0,-1.0,0.7000000476837158,1.0,3
1,1.0,0.0,1.0,0.0,0,0.0,-1.0,0.6800000071525574,0.8,1
1,1.0,0.0,1.0,0.0,0,0.0,-1.0,0.9200000166893005,0.2,2
1,1.0,1.0,0.0,0.0,0,0.0,1.0,0.0,0.0,0
1,1.0,1.0,0.0,0.0,0,0.0,1.0,0.0,0.0,0
1,1.0,1.0,0.0,0.0,0,0.0,1.0,0.0,0.0,0
1,1.0,1.0,0.0,0.0,0,0.0,1.0,0.0,0.0,0
1,1.0,0.0,1.0,0.0,0,0.0,-1.0,0.550000011920929,1.0,0
1,1.0,0.0,1.0,0.0,0,0.0,-1.0,0.7749999761581421,0.5,3
1,1.0,1.0,0.0,0.0,0,0.0,1.0,0.0,0.0,0
1,1.0,1.0,0.0,0.0,0,0.0,1.0,0.0,0.0,0
1,1.0,0.0,1.0,0.0,0,0.0,-1.0,0.925000011920929,0.3,0
1,1.0,1.0,0.0,0.0,0,0.0,1.0,0.0,0.0,0
1,1.0,0.0,1.0,0.0,0,0.0,-1.0,0.5999999642372131,1.0,1
1,1.0,0.0,1.0,0.0,0,0.0,-1.0,0.800000011920929,0.8,2
1,1.0,0.0,1.0,0.0,0,0.0,-1.0,0.7999999523162842,0.5,0
1,1.0,0.0,1.0,0.0,0,0.0,-1.0,0.875,0.5,2
1,1.0,0.0,1.0,0.0,0,0.0,-1.0,0.5999999642372131,1.0,2
1,1.0,1.0,0.0,0.0,0,0.0,1.0,0.0,0.0,0
1,0.93964875,0.2715805172920227,0.7284194827079773,0.06035123,1,0.0,-5.6559977531433105,0.42841944098472595,1.0,3
1,1.0,1.0,0.0,0.0,0,0.0,0.9969824552536011,0.0,0.0,0
1,1.0,0.0,1.0,0.0,0,0.0,-1.0,0.940000057220459,0.2,2
1,1.0,1.0,0.0,0.0,0,0.0,1.0,0.0,0.0,0
1,1.0,0.0,1.0,0.0,0,0.0,-1.0,0.9099999666213989,0.3,0
1,1.0,1.0,0.0,0.0,0,0.0,1.0,0.0,0.0,0
1,1.0,0.0,1.0,0.0,0,0.0,-1.0,0.800000011920929,0.8,1
1,1.0,0.0,1.0,0.0,0,0.0,-1.0,0.925000011920929,0.3,2
1,1.0,1.0,0.0,0.0,0,0.0,1.0,0.0,0.0,0
1,1.0,1.0,0.0,0.0,0,0.0,1.0,0.0,0.0,0
1,1.0,0.0,1.0,0.0,0,0.0,-1.0,0.75,1.0,2
1,1.0,1.0,0.0,0.0,0,0.0,1.0,0.0,0.0,0
1,1.0,0.0,1.0,0.0,0,0.0,-1.0,0.800000011920929,0.8,2
1,1.0,1.0,0.0,0.0,0,0.0,1.0,0.0,0.0,0
1,1.0,0.0,1.0,0.0,0,0.0,-1.0,0.940000057220459,0.2,1
1,1.0,0.0,1.0,0.0,0,0.0,-1.0,0.9500000476837158,0.2,1
1,1.0,0.0,1.0,0.0,0,0.0,-1.0,0.925000011920929,0.3,0
1,1.0,0.0,1.0,0.0,0,0.0,-1.0,0.9500000476837158,0.2,2
1,1.0,0.0,1.0,0.0,0,0.0,-1.0,0.925000011920929,0.3,3
1,1.0,1.0,0.0,0.0,0,0.0,1.0,0.0,0.0,0
1,1.0,0.0,1.0,0.0,0,0.0,-1.0,0.925000011920929,0.3,0
1,1.0,0.0,1.0,0.0,0,0.0,-1.0,0.7999999523162842,0.5,0
1,1.0,1.0,0.0,0.0,0,0.0,1.0,0.0,0.0,0
1,1.0,0.0,1.0,0.0,0,0.0,-1.0,0.75,1.0,1
1,1.0,0.0,1.0,0.0,0,0.0,-1.0,0.8500000238418579,0.5,3
1,1.0,0.0,1.0,0.0,0,0.0,-1.0,0.7749999761581421,0.5,1
1,1.0,0.0,1.0,0.0,0,0.0,-1.0,0.75,1.0,3
1,0.9761349,0.10739296674728394,0.8926070332527161,0.023865104,0,0.0,-0.8639689683914185,0.6526070237159729,0.8,0
1,1.0,1.0,0.0,0.0,0,0.0,0.9988067150115967,0.0,0.0,0
1,1.0,0.0,1.0,0.0,0,0.0,-1.0,0.925000011920929,0.3,3
1,1.0,0.0,1.0,0.0,0,0.0,-1.0,0.925000011920929,0.3,3
1,1.0,0.0,1.0,0.0,0,0.0,-1.0,0.9099999666213989,0.3,2
1,1.0,0.0,1.0,0.0,0,0.0,-1.0,0.800000011920929,0.8,2
1,1.0,1.0,0.0,0.0,0,0.0,1.0,0.0,0.0,0
1,1.0,0.0,1.0,0.0,0,0.0,-1.0,0.925000011920929,0.3,3
1,1.0,0.0,1.0,0.0,0,0.0,-1.0,0.9500000476837158,0.2,2
1,1.0,0.0,1.0,0.0,0,0.0,-1.0,0.940000057220459,0.2,2
1,1.0,1.0,0.0,0.0,0,0.0,1.0,0.0,0.0,0
1,1.0,0.0,1.0,0.0,0,0.0,-1.0,0.925000011920929,0.3,3
1,1.0,0.0,1.0,0.0,0,0.0,-1.0,0.7999999523162842,0.5,3
1,1.0,0.0,1.0,0.0,0,0.0,-1.0,0.800000011920929,0.8,3
1,1.0,0.0,1.0,0.0,0,0.0,-1.0,0.940000057220459,0.2,2
1,1.0,1.0,0.0,0.0,0,0.0,1.0,0.0,0.0,0
1,1.0,1.0,0.0,0.0,0,0.0,1.0,0.0,0.0,0
1,1.0,0.0,1.0,0.0,0,0.0,-1.0,0.925000011920929,0.3,1
1,1.0,0.0,1.0,0.0,0,0.0,-1.0,0.925000011920929,0.3,3
1,1.0,1.0,0.0,0.0,0,0.0,1.0,0.0,0.0,0
1,1.0,1.0,0.0,0.0,0,0.0,1.0,0.0,0.0,0
1,1.0,0.0,1.0,0.0,0,0.0,-1.0,0.925000011920929,0.3,3
1,1.0,0.0,1.0,0.0,0,0.0,-1.0,0.9500000476837158,0.2,2
1,1.0,1.0,0.0,0.0,0,0.0,1.0,0.0,0.0,0
1,1.0,1.0,0.0,0.0,0,0.0,1.0,0.0,0.0,0
1,1.0,0.0,1.0,0.0,0,0.0,-1.0,0.875,0.5,2
1,1.0,0.0,1.0,0.0,0,0.0,-1.0,0.940000057220459,0.2,3
1,1.0,1.0,0.0,0.0,0,0.0,1.0,0.0,0.0,0
1,1.0,1.0,0.0,0.0,0,0.0,1.0,0.0,0.0,0
1,1.0,0.0,1.0,0.0,0,0.0,-1.0,0.550000011920929,1.0,2
1,1.0,0.0,1.0,0.0,0,0.0,-1.0,0.6800000071525574,0.8,1
1,1.0,0.0,1.0,0.0,0,0.0,-1.0,0.75,1.0,1
1,1.0,0.0,1.0,0.0,0,0.0,-1.0,0.7999999523162842,0.5,3
1,1.0,0.0,1.0,0.0,0,0.0,-1.0,0.9500000476837158,0.2,1
1,1.0,0.0,1.0,0.0,0,0.0,-1.0,0.925000011920929,0.3,2
1,1.0,0.0,1.0,0.0,0,0.0,-1.0,0.8500000238418579,0.5,2
1,1.0,1.0,0.0,0.0,0,0.0,1.0,0.0,0.0,0
1,1.0,0.0,1.0,0.0,0,0.0,-1.0,0.9100000262260437,0.2,3
1,1.0,1.0,0.0,0.0,0,0.0,1.0,0.0,0.0,0
1,1.0,0.0,1.0,0.0,0,0.0,-1.0,0.9099999666213989,0.3,1
1,1.0,1.0,0.0,0.0,0,0.0,1.0,0.0,0.0,0
1,1.0,0.0,1.0,0.0,0,0.0,-1.0,0.9200000166893005,0.2,3
1,1.0,1.0,0.0,0.0,0,0.0,1.0,0.0,0.0,0
1,1.0,1.0,0.0,0.0,0,0.0,1.0,0.0,0.0,0
1,1.0,1.0,0.0,0.0,0,0.0,1.0,0.0,0.0,0
1,1.0,0.0,1.0,0.0,0,0.0,-1.0,0.9500000476837158,0.2,2
1,1.0,0.0,1.0,0.0,0,0.0,-1.0,0.8500000238418579,0.5,3
1,1.0,0.0,1.0,0.0,0,0.0,-1.0,0.7999999523162842,0.5,1
1,1.0,0.0,1.0,0.0,0,0.0,-1.0,0.875,0.5,1
1,1.0,0.0,1.0,0.0,0,0.0,-1.0,0.9100000262260437,0.2,0
1,1.0,0.0,1.0,0.0,0,0.0,-1.0,0.7749999761581421,0.5,2
1,1.0,0.0,1.0,0.0,0,0.0,-1.0,0.875,0.5,0
1,1.0,0.0,1.0,0.0,0,0.0,-1.0,0.7599999904632568,0.8,0
1,1.0,0.0,1.0,0.0,0,0.0,-1.0,0.875,0.5,0
1,1.0,0.0,1.0,0.0,0,0.0,-1.0,0.9500000476837158,0.2,3
1,1.0,1.0,0.0,0.0,0,0.0,1.0,0.0,0.0,0
1,1.0,0.0,1.0,0.0,0,0.0,-1.0,0.5999999642372131,1.0,3
1,1.0,1.0,0.0,0.0,0,0.0,1.0,0.0,0.0,0
1,1.0,0.0,1.0,0.0,0,0.0,-1.0,0.9500000476837158,0.2,0
1,1.0,0.0,1.0,0.0,0,0.0,-1.0,0.9500000476837158,0.2,3
1,1.0,0.0,1.0,0.0,0,0.0,-1.0,0.9100000262260437,0.2,3
1,1.0,0.0,1.0,0.0,0,0.0,-1.0,0.940000057220459,0.2,2
1,1.0,0.0,1.0,0.0,0,0.0,-1.0,0.875,0.5,0
1,1.0,0.0,1.0,0.0,0,0.0,-1.0,0.5999999642372131,1.0,2
1,1.0,1.0,0.0,0.0,0,0.0,1.0,0.0,0.0,0
1,1.0,1.0,0.0,0.0,0,0.0,1.0,0.0,0.0,0
1,1.0,0.0,1.0,0.0,0,0.0,-1.0,0.9500000476837158,0.2,1
1,1.0,1.0,0.0,0.0,0,0.0,1.0,0.0,0.0,0
1,1.0,1.0,0.0,0.0,0,0.0,1.0,0.0,0.0,0
1,1.0,0.0,1.0,0.0,0,0.0,-1.0,0.940000057220459,0.2,2
1,1.0,0.0,1.0,0.0,0,0.0,-1.0,0.9500000476837158,0.2,0
1,1.0,0.0,1.0,0.0,0,0.0,-1.0,0.925000011920929,0.3,2
1,1.0,0.0,1.0,0.0,0,0.0,-1.0,0.75,1.0,0
1,1.0,0.0,1.0,0.0,0,0.0,-1.0,0.800000011920929,0.8,1
1,1.0,1.0,0.0,0.0,0,0.0,1.0,0.0,0.0,0
1,1.0,1.0,0.0,0.0,0,0.0,1.0,0.0,0.0,0
1,1.0,1.0,0.0,0.0,0,0.0,1.0,0.0,0.0,0
1,1.0,0.0,1.0,0.0,0,0.0,-1.0,0.7999999523162842,0.5,0
1,1.0,0.0,1.0,0.0,0,0.0,-1.0,0.7999999523162842,0.5,3
1,1.0,0.0,1.0,0.0,0,0.0,-1.0,0.75,1.0,3
1,1.0,1.0,0.0,0.0,0,0.0,1.0,0.0,0.0,0
1,1.0,1.0,0.0,0.0,0,0.0,1.0,0.0,0.0,0
1,1.0,0.0,1.0,0.0,0,0.0,-1.0,0.925000011920929,0.3,3
1,1.0,0.0,1.0,0.0,0,0.0,-1.0,0.925000011920929,0.3,0
1,1.0,1.0,0.0,0.0,0,0.0,1.0,0.0,0.0,0
1,1.0,0.0,1.0,0.0,0,0.0,-1.0,0.7999999523162842,0.5,2
1,1.0,0.0,1.0,0.0,0,0.0,-1.0,0.7000000476837158,1.0,0
1,1.0,1.0,0.0,0.0,0,0.0,1.0,0.0,0.0,0
1,1.0,0.0,1.0,0.0,0,0.0,-1.0,0.940000057220459,0.2,1
1,1.0,0.0,1.0,0.0,0,0.0,-1.0,0.9500000476837158,0.2,3
1,1.0,1.0,0.0,0.0,0,0.0,1.0,0.0,0.0,0
1,1.0,0.0,1.0,0.0,0,0.0,-1.0,0.75,1.0,1
1,1.0,0.0,1.0,0.0,0,0.0,-1.0,0.800000011920929,0.8,0
1,1.0,0.0,1.0,0.0,0,0.0,-1.0,0.940000057220459,0.2,3
1,1.0,1.0,0.0,0.0,0,0.0,1.0,0.0,0.0,0
1,1.0,0.0,1.0,0.0,0,0.0,-1.0,0.7000000476837158,1.0,1
1,1.0,0.0,1.0,0.0,0,0.0,-1.0,0.875,0.5,1
1,1.0,0.0,1.0,0.0,0,0.0,-1.0,0.925000011920929,0.3,0
1,1.0,1.0,0.0,0.0,0,0.0,1.0,0.0,0.0,0
1,1.0,0.0,1.0,0.0,0,0.0,-1.0,0.800000011920929,0.8,1
1,1.0,0.0,1.0,0.0,0,0.0,-1.0,0.9099999666213989,0.3,0
1,1.0,1.0,0.0,0.0,0,0.0,1.0,0.0,0.0,0
1,1.0,0.0,1.0,0.0,0,0.0,-1.0,0.6800000071525574,0.8,0
1,1.0,0.0,1.0,0.0,0,0.0,-1.0,0.800000011920929,0.8,1
1,1.0,0.0,1.0,0.0,0,0.0,-1.0,0.5999999642372131,1.0,2
1,1.0,0.0,1.0,0.0,0,0.0,-1.0,0.6800000071525574,0.8,3
1,1.0,0.0,1.0,0.0,0,0.0,-1.0,0.5999999642372131,1.0,1
1,1.0,0.0,1.0,0.0,0,0.0,-1.0,0.800000011920929,0.8,1
1,1.0,0.0,1.0,0.0,0,0.0,-1.0,0.925000011920929,0.3,2
1,1.0,0.0,1.0,0.0,0,0.0,-1.0,0.925000011920929,0.3,1
1,1.0,0.0,1.0,0.0,0,0.0,-1.0,0.9500000476837158,0.2,0
1,1.0,0.0,1.0,0.0,0,0.0,-1.0,0.7000000476837158,1.0,2
1,1.0,0.0,1.0,0.0,0,0.0,-1.0,0.800000011920929,0.8,1
1,1.0,0.0,1.0,0.0,0,0.0,-1.0,0.75,1.0,3
1,1.0,0.0,1.0,0.0,0,0.0,-1.0,0.550000011920929,1.0,0
1,1.0,1.0,0.0,0.0,0,0.0,1.0,0.0,0.0,0
1,1.0,1.0,0.0,0.0,0,0.0,1.0,0.0,0.0,0
1,1.0,0.0,1.0,0.0,0,0.0,-1.0,0.6800000071525574,0.8,3
1,1.0,1.0,0.0,0.0,0,0.0,1.0,0.0,0.0,0
1,1.0,1.0,0.0,0.0,0,0.0,1.0,0.0,0.0,0
1,1.0,0.0,1.0,0.0,0,0.0,-1.0,0.925000011920929,0.3,0
1,1.0,0.0,1.0,0.0,0,0.0,-1.0,0.7000000476837158,1.0,2
1,1.0,0.0,1.0,0.0,0,0.0,-1.0,0.9500000476837158,0.2,2
1,1.0,0.0,1.0,0.0,0,0.0,-1.0,0.7000000476837158,1.0,3
1,1.0,0.0,1.0,0.0,0,0.0,-1.0,0.9500000476837158,0.2,3
1,1.0,0.0,1.0,0.0,0,0.0,-1.0,0.9500000476837158,0.2,2
1,1.0,0.0,1.0,0.0,0,0.0,-1.0,0.925000011920929,0.3,1
1,1.0,0.0,1.0,0.0,0,0.0,-1.0,0.800000011920929,0.8,0
1,1.0,0.0,1.0,0.0,0,0.0,-1.0,0.7749999761581421,0.5,3
1,1.0,0.0,1.0,0.0,0,0.0,-1.0,0.6399999856948853,0.8,1
1,1.0,0.0,1.0,0.0,0,0.0,-1.0,0.9099999666213989,0.3,1
1,1.0,0.0,1.0,0.0,0,0.0,-1.0,0.8500000238418579,0.5,1
1,1.0,0.0,1.0,0.0,0,0.0,-1.0,0.8500000238418579,0.5,3
1,1.0,1.0,0.0,0.0,0,0.0,1.0,0.0,0.0,0
1,1.0,1.0,0.0,0.0,0,0.0,1.0,0.0,0.0,0
1,1.0,1.0,0.0,0.0,0,0.0,1.0,0.0,0.0,0
1,1.0,1.0,0.0,0.0,0,0.0,1.0,0.0,0.0,0
1,1.0,0.0,1.0,0.0,0,0.0,-1.0,0.7749999761581421,0.5,1
1,1.0,1.0,0.0,0.0,0,0.0,1.0,0.0,0.0,0
1,1.0,1.0,0.0,0.0,0,0.0,1.0,0.0,0.0,0
1,1.0,0.0,1.0,0.0,0,0.0,-1.0,0.875,0.5,1
1,0.922789,1.0,0.0,0.077211,1,0.0,-4.243214130401611,0.0,0.0,0
1,1.0,1.0,0.0,0.0,0,0.0,0.998069703578949,0.0,0.0,0
1,1.0,0.0,1.0,0.0,0,0.0,-1.0,0.6800000071525574,0.8,1
1,1.0,0.0,1.0,0.0,0,0.0,-1.0,0.9500000476837158,0.2,2
1,1.0,0.0,1.0,0.0,0,0.0,-1.0,0.925000011920929,0.3,2
1,1.0,0.0,1.0,0.0,0,0.0,-1.0,0.925000011920929,0.3,2
1,1.0,0.0,1.0,0.0,0,0.0,-1.0,0.9099999666213989,0.3,0
1,1.0,0.0,1.0,0.0,0,0.0,-1.0,0.6800000071525574,0.8,0
1,1.0,0.0,1.0,0.0,0,0.0,-1.0,0.800000011920929,0.8,2
1,1.0,0.0,1.0,0.0,0,0.0,-1.0,0.7000000476837158,1.0,2
1,1.0,0.0,1.0,0.0,0,0.0,-1.0,0.9500000476837158,0.2,2
1,1.0,0.0,1.0,0.0,0,0.0,-1.0,0.925000011920929,0.3,2
1,1.0,0.0,1.0,0.0,0,0.0,-1.0,0.7000000476837158,1.0,3
1,1.0,0.0,1.0,0.0,0,0.0,-1.0,0.75,1.0,1
1,1.0,0.0,1.0,0.0,0,0.0,-1.0,0.9500000476837158,0.2,0
1,1.0,0.0,1.0,0.0,0,0.0,-1.0,0.940000057220459,0.2,0
1,1.0,0.0,1.0,0.0,0,0.0,-1.0,0.75,1.0,0
1,1.0,0.0,1.0,0.0,0,0.0,-1.0,0.6800000071525574,0.8,0
1,1.0,1.0,0.0,0.0,0,0.0,1.0,0.0,0.0,0
1,1.0,0.0,1.0,0.0,0,0.0,-1.0,0.875,0.5,1
1,1.0,1.0,0.0,0.0,0,0.0,1.0,0.0,0.0,0
1,1.0,1.0,0.0,0.0,0,0.0,1.0,0.0,0.0,0
1,1.0,0.0,1.0,0.0,0,0.0,-1.0,0.9500000476837158,0.2,0
1,1.0,0.0,1.0,0.0,0,0.0,-1.0,0.9500000476837158,0.2,2
1,1.0,0.0,1.0,0.0,0,0.0,-1.0,0.9500000476837158,0.2,1
1,1.0,0.0,1.0,0.0,0,0.0,-1.0,0.8500000238418579,0.5,3
1,1.0,0.0,1.0,0.0,0,0.0,-1.0,0.875,0.5,1
1,1.0,0.0,1.0,0.0,0,0.0,-1.0,0.7999999523162842,0.5,0
1,1.0,0.0,1.0,0.0,0,0.0,-1.0,0.7999999523162842,0.5,0
1,1.0,1.0,0.0,0.0,0,0.0,1.0,0.0,0.0,0
1,1.0,0.0,1.0,0.0,0,0.0,-1.0,0.9500000476837158,0.2,2
1,1.0,0.0,1.0,0.0,0,0.0,-1.0,0.8500000238418579,0.5,0
1,1.0,0.0,1.0,0.0,0,0.0,-1.0,0.800000011920929,0.8,3
1,1.0,0.0,1.0,0.0,0,0.0,-1.0,0.7999999523162842,0.5,2
1,1.0,0.0,1.0,0.0,0,0.0,-1.0,0.550000011920929,1.0,0
1,1.0,1.0,0.0,0.0,0,0.0,1.0,0.0,0.0,0
1,1.0,0.0,1.0,0.0,0,0.0,-1.0,0.7999999523162842,0.5,2
1,1.0,1.0,0.0,0.0,0,0.0,1.0,0.0,0.0,0
1,1.0,1.0,0.0,0.0,0,0.0,1.0,0.0,0.0,0
1,1.0,1.0,0.0,0.0,0,0.0,1.0,0.0,0.0,0
1,1.0,1.0,0.0,0.0,0,0.0,1.0,0.0,0.0,0
1,1.0,1.0,0.0,0.0,0,0.0,1.0,0.0,0.0,0
1,1.0,1.0,0.0,0.0,0,0.0,1.0,0.0,0.0,0
1,1.0,0.0,1.0,0.0,0,0.0,-1.0,0.8500000238418579,0.5,2
1,1.0,0.0,1.0,0.0,0,0.0,-1.0,0.875,0.5,2
1,1.0,1.0,0.0,0.0,0,0.0,1.0,0.0,0.0,0
1,1.0,0.0,1.0,0.0,0,0.0,-1.0,0.9099999666213989,0.3,2
1,1.0,0.0,1.0,0.0,0,0.0,-1.0,0.9500000476837158,0.2,2
1,1.0,0.0,1.0,0.0,0,0.0,-1.0,0.925000011920929,0.3,1
1,1.0,0.0,1.0,0.0,0,0.0,-1.0,0.75,1.0,0
1,1.0,0.0,1.0,0.0,0,0.0,-1.0,0.6800000071525574,0.8,2
1,1.0,0.0,1.0,0.0,0,0.0,-1.0,0.875,0.5,0
1,1.0,0.0,1.0,0.0,0,0.0,-1.0,0.875,0.5,1
1,1.0,0.0,1.0,0.0,0,0.0,-1.0,0.5999999642372131,1.0,2
1,1.0,0.0,1.0,0.0,0,0.0,-1.0,0.75,1.0,3
1,1.0,0.0,1.0,0.0,0,0.0,-1.0,0.75,1.0,3
1,1.0,1.0,0.0,0.0,0,0.0,1.0,0.0,0.0,0
1,1.0,0.0,1.0,0.0,0,0.0,-1.0,0.9100000262260437,0.2,3
1,0.95767134,0.19047889113426208,0.8095210790634155,0.042328645,0,0.0,-0.7587267160415649,0.6095210909843445,0.8,2
1,1.0,1.0,0.0,0.0,0,0.0,0.9978835582733154,0.0,0.0,0
1,1.0,0.0,1.0,0.0,0,0.0,-1.0,0.5999999642372131,1.0,3
1,1.0,1.0,0.0,0.0,0,0.0,1.0,0.0,0.0,0
1,1.0,1.0,0.0,0.0,0,0.0,1.0,0.0,0.0,0
1,1.0,0.0,1.0,0.0,0,0.0,-1.0,0.6800000071525574,0.8,1
1,1.0,0.0,1.0,0.0,0,0.0,-1.0,0.75,1.0,0
1,1.0,1.0,0.0,0.0,0,0.0,1.0,0.0,0.0,0
1,1.0,0.0,1.0,0.0,0,0.0,-1.0,0.800000011920929,0.8,1
1,1.0,0.0,1.0,0.0,0,0.0,-1.0,0.925000011920929,0.3,1
1,1.0,0.0,1.0,0.0,0,0.0,-1.0,0.800000011920929,0.8,3
1,1.0,0.0,1.0,0.0,0,0.0,-1.0,0.7599999904632568,0.8,3
1,1.0,1.0,0.0,0.0,0,0.0,1.0,0.0,0.0,0
1,1.0,0.0,1.0,0.0,0,0.0,-1.0,0.6800000071525574,0.8,1
1,1.0,0.0,1.0,0.0,0,0.0,-1.0,0.9500000476837158,0.2,0
1,1.0,0.0,1.0,0.0,0,0.0,-1.0,0.9500000476837158,0.2,0
1,1.0,0.0,1.0,0.0,0,0.0,-1.0,0.925000011920929,0.3,2
1,1.0,1.0,0.0,0.0,0,0.0,1.0,0.0,0.0,0
1,1.0,1.0,0.0,0.0,0,0.0,1.0,0.0,0.0,0
1,1.0,1.0,0.0,0.0,0,0.0,1.0,0.0,0.0,0
1,1.0,1.0,0.0,0.0,0,0.0,1.0,0.0,0.0,0
1,1.0,1.0,0.0,0.0,0,0.0,1.0,0.0,0.0,0
1,1.0,1.0,0.0,0.0,0,0.0,1.0,0.0,0.0,0
1,1.0,0.0,1.0,0.0,0,0.0,-1.0,0.5999999642372131,1.0,1
1,1.0,0.0,1.0,0.0,0,0.0,-1.0,0.9500000476837158,0.2,3
1,1.0,1.0,0.0,0.0,0,0.0,1.0,0.0,0.0,0
1,1.0,0.0,1.0,0.0,0,0.0,-1.0,0.5999999642372131,1.0,3
1,1.0,0.0,1.0,0.0,0,0.0,-1.0,0.925000011920929,0.3,2
1,1.0,0.0,1.0,0.0,0,0.0,-1.0,0.940000057220459,0.2,0
1,1.0,0.0,1.0,0.0,0,0.0,-1.0,0.75,1.0,3
1,1.0,0.0,1.0,0.0,0,0.0,-1.0,0.8500000238418579,0.5,3
1,1.0,1.0,0.0,0.0,0,0.0,1.0,0.0,0.0,0
1,1.0,0.0,1.0,0.0,0,0.0,-1.0,0.800000011920929,0.8,1
1,1.0,0.0,1.0,0.0,0,0.0,-1.0,0.9099999666213989,0.3,3
1,1.0,1.0,0.0,0.0,0,0.0,1.0,0.0,0.0,0
1,1.0,1.0,0.0,0.0,0,0.0,1.0,0.0,0.0,0
1,1.0,1.0,0.0,0.0,0,0.0,1.0,0.0,0.0,0
1,1.0,1.0,0.0,0.0,0,0.0,1.0,0.0,0.0,0
1,1.0,0.0,1.0,0.0,0,0.0,-1.0,0.6800000071525574,0.8,3
1,1.0,0.0,1.0,0.0,0,0.0,-1.0,0.5999999642372131,1.0,3
1,1.0,0.0,1.0,0.0,0,0.0,-1.0,0.9500000476837158,0.2,2
1,1.0,0.0,1.0,0.0,0,0.0,-1.0,0.9200000166893005,0.2,2
1,1.0,0.0,1.0,0.0,0,0.0,-1.0,0.925000011920929,0.3,3
1,1.0,0.0,1.0,0.0,0,0.0,-1.0,0.940000057220459,0.2,2
1,1.0,0.0,1.0,0.0,0,0.0,-1.0,0.940000057220459,0.2,0
1,1.0,0.0,1.0,0.0,0,0.0,-1.0,0.9500000476837158,0.2,3
1,1.0,0.0,1.0,0.0,0,0.0,-1.0,0.9500000476837158,0.2,0
1,1.0,0.0,1.0,0.0,0,0.0,-1.0,0.875,0.5,0
1,1.0,0.0,1.0,0.0,0,0.0,-1.0,0.9099999666213989,0.3,2
1,1.0,0.0,1.0,0.0,0,0.0,-1.0,0.940000057220459,0.2,0
1,1.0,0.0,1.0,0.0,0,0.0,-1.0,0.5999999642372131,1.0,3
1,1.0,0.0,1.0,0.0,0,0.0,-1.0,0.5999999642372131,1.0,2
1,1.0,0.0,1.0,0.0,0,0.0,-1.0,0.9500000476837158,0.2,2
1,1.0,0.0,1.0,0.0,0,0.0,-1.0,0.5999999642372131,1.0,1
1,1.0,1.0,0.0,0.0,0,0.0,1.0,0.0,0.0,0
1,1.0,0.0,1.0,0.0,0,0.0,-1.0,0.9100000262260437,0.2,2
1,1.0,1.0,0.0,0.0,0,0.0,1.0,0.0,0.0,0
1,1.0,0.0,1.0,0.0,0,0.0,-1.0,0.9100000262260437,0.2,2
1,1.0,0.0,1.0,0.0,0,0.0,-1.0,0.9099999666213989,0.3,0
1,1.0,0.0,1.0,0.0,0,0.0,-1.0,0.6800000071525574,0.8,3
1,1.0,0.0,1.0,0.0,0,0.0,-1.0,0.9500000476837158,0.2,3
1,1.0,0.0,1.0,0.0,0,0.0,-1.0,0.7999999523162842,0.5,0
1,1.0,1.0,0.0,0.0,0,0.0,1.0,0.0,0.0,0
1,1.0,1.0,0.0,0.0,0,0.0,1.0,0.0,0.0,0
1,1.0,0.0,1.0,0.0,0,0.0,-1.0,0.925000011920929,0.3,1
1,1.0,1.0,0.0,0.0,0,0.0,1.0,0.0,0.0,0
1,1.0,0.0,1.0,0.0,0,0.0,-1.0,0.6800000071525574,0.8,3
1,1.0,0.0,1.0,0.0,0,0.0,-1.0,0.875,0.5,3
1,1.0,0.0,1.0,0.0,0,0.0,-1.0,0.550000011920929,1.0,1
1,1.0,0.0,1.0,0.0,0,0.0,-1.0,0.940000057220459,0.2,0
1,1.0,0.0,1.0,0.0,0,0.0,-1.0,0.940000057220459,0.2,1
1,1.0,0.0,1.0,0.0,0,0.0,-1.0,0.925000011920929,0.3,3
1,1.0,0.0,1.0,0.0,0,0.0,-1.0,0.5999999642372131,1.0,1
1,1.0,0.0,1.0,0.0,0,0.0,-1.0,0.6399999856948853,0.8,0
1,1.0,0.0,1.0,0.0,0,0.0,-1.0,0.9500000476837158,0.2,1
1,1.0,0.0,1.0,0.0,0,0.0,-1.0,0.800000011920929,0.8,1
1,1.0,1.0,0.0,0.0,0,0.0,1.0,0.0,0.0,0
1,1.0,1.0,0.0,0.0,0,0.0,1.0,0.0,0.0,0
1,1.0,0.0,1.0,0.0,0,0.0,-1.0,0.5999999642372131,1.0,0
1,1.0,0.0,1.0,0.0,0,0.0,-1.0,0.925000011920929,0.3,0
1,1.0,0.0,1.0,0.0,0,0.0,-1.0,0.875,0.5,1
1,1.0,1.0,0.0,0.0,0,0.0,1.0,0.0,0.0,0
1,1.0,0.0,1.0,0.0,0,0.0,-1.0,0.9500000476837158,0.2,0
1,1.0,0.0,1.0,0.0,0,0.0,-1.0,0.5999999642372131,1.0,0
1,1.0,1.0,0.0,0.0,0,0.0,1.0,0.0,0.0,0
1,1.0,1.0,0.0,0.0,0,0.0,1.0,0.0,0.0,0
1,1.0,0.0,1.0,0.0,0,0.0,-1.0,0.9099999666213989,0.3,3
1,1.0,0.0,1.0,0.0,0,0.0,-1.0,0.925000011920929,0.3,3
1,1.0,1.0,0.0,0.0,0,0.0,1.0,0.0,0.0,0
1,1.0,0.0,1.0,0.0,0,0.0,-1.0,0.800000011920929,0.8,0
1,1.0,0.0,1.0,0.0,0,0.0,-1.0,0.7599999904632568,0.8,0
1,1.0,0.0,1.0,0.0,0,0.0,-1.0,0.925000011920929,0.3,3
1,1.0,0.0,1.0,0.0,0,0.0,-1.0,0.925000011920929,0.3,0
1,1.0,0.0,1.0,0.0,0,0.0,-1.0,0.550000011920929,1.0,1
1,1.0,0.0,1.0,0.0,0,0.0,-1.0,0.9200000166893005,0.2,2
1,1.0,0.0,1.0,0.0,0,0.0,-1.0,0.940000057220459,0.2,2
1,1.0,0.0,1.0,0.0,0,0.0,-1.0,0.9099999666213989,0.3,3
1,1.0,0.0,1.0,0.0,0,0.0,-1.0,0.925000011920929,0.3,0
1,1.0,1.0,0.0,0.0,0,0.0,1.0,0.0,0.0,0
1,1.0,0.0,1.0,0.0,0,0.0,-1.0,0.800000011920929,0.8,2
1,1.0,0.0,1.0,0.0,0,0.0,-1.0,0.8500000238418579,0.5,1
1,1.0,0.0,1.0,0.0,0,0.0,-1.0,0.9500000476837158,0.2,1
1,1.0,0.0,1.0,0.0,0,0.0,-1.0,0.7599999904632568,0.8,2
1,0.9731091,0.12100882083177567,0.8789911866188049,0.02689085,0,0.0,-0.8467221856117249,0.8289912343025208,0.2,3
1,1.0,0.0,1.0,0.0,0,0.0,-1.0013445615768433,0.7599999904632568,0.8,3
1,1.0,1.0,0.0,0.0,0,0.0,1.0,0.0,0.0,0
1,1.0,0.0,1.0,0.0,0,0.0,-1.0,0.925000011920929,0.3,3
1,1.0,1.0,0.0,0.0,0,0.0,1.0,0.0,0.0,0
1,1.0,0.0,1.0,0.0,0,0.0,-1.0,0.9099999666213989,0.3,0
1,1.0,1.0,0.0,0.0,0,0.0,1.0,0.0,0.0,0
1,1.0,0.0,1.0,0.0,0,0.0,-1.0,0.6399999856948853,0.8,1
1,1.0,0.0,1.0,0.0,0,0.0,-1.0,0.875,0.5,3
1,1.0,1.0,0.0,0.0,0,0.0,1.0,0.0,0.0,0
1,1.0,0.0,1.0,0.0,0,0.0,-1.0,0.925000011920929,0.3,3
1,1.0,0.0,1.0,0.0,0,0.0,-1.0,0.925000011920929,0.3,1
1,1.0,0.0,1.0,0.0,0,0.0,-1.0,0.925000011920929,0.3,1
1,1.0,1.0,0.0,0.0,0,0.0,1.0,0.0,0.0,0
1,1.0,0.0,1.0,0.0,0,0.0,-1.0,0.9500000476837158,0.2,2
1,1.0,0.0,1.0,0.0,0,0.0,-1.0,0.9500000476837158,0.2,2
1,1.0,1.0,0.0,0.0,0,0.0,1.0,0.0,0.0,0
1,1.0,1.0,0.0,0.0,0,0.0,1.0,0.0,0.0,0
1,1.0,0.0,1.0,0.0,0,0.0,-1.0,0.7749999761581421,0.5,2
1,1.0,1.0,0.0,0.0,0,0.0,1.0,0.0,0.0,0
1,1.0,0.0,1.0,0.0,0,0.0,-1.0,0.925000011920929,0.3,2
1,1.0,0.0,1.0,0.0,0,0.0,-1.0,0.5999999642372131,1.0,3
1,1.0,0.0,1.0,0.0,0,0.0,-1.0,0.9200000166893005,0.2,2
1,1.0,0.0,1.0,0.0,0,0.0,-1.0,0.800000011920929,0.8,3
1,1.0,0.0,1.0,0.0,0,0.0,-1.0,0.940000057220459,0.2,1
1,1.0,0.0,1.0,0.0,0,0.0,-1.0,0.9099999666213989,0.3,2
1,1.0,0.0,1.0,0.0,0,0.0,-1.0,0.9100000262260437,0.2,1
1,1.0,0.0,1.0,0.0,0,0.0,-1.0,0.9500000476837158,0.2,1
1,1.0,0.0,1.0,0.0,0,0.0,-1.0,0.7999999523162842,0.5,1
1,1.0,0.0,1.0,0.0,0,0.0,-1.0,0.9200000166893005,0.2,1
1,0.98277146,0.07752849906682968,0.9224715232849121,0.017228557,0,0.0,-0.9017972350120544,0.8474715352058411,0.3,0
1,1.0,0.0,1.0,0.0,0,0.0,-1.000861406326294,0.6800000071525574,0.8,1
1,1.0,0.0,1.0,0.0,0,0.0,-1.0,0.875,0.5,3
1,1.0,1.0,0.0,0.0,0,0.0,1.0,0.0,0.0,0
1,1.0,0.0,1.0,0.0,0,0.0,-1.0,0.9200000166893005,0.2,2
1,1.0,0.0,1.0,0.0,0,0.0,-1.0,0.7999999523162842,0.5,0
1,1.0,1.0,0.0,0.0,0,0.0,1.0,0.0,0.0,0
1,1.0,1.0,0.0,0.0,0,0.0,1.0,0.0,0.0,0
1,1.0,1.0,0.0,0.0,0,0.0,1.0,0.0,0.0,0
1,1.0,0.0,1.0,0.0,0,0.0,-1.0,0.9200000166893005,0.2,1
1,1.0,0.0,1.0,0.0,0,0.0,-1.0,0.9100000262260437,0.2,1
1,1.0,0.0,1.0,0.0,0,0.0,-1.0,0.6399999856948853,0.8,3
1,1.0,0.0,1.0,0.0,0,0.0,-1.0,0.925000011920929,0.3,2
2,1.0,0.0,1.0,0.0,0,0.0,-1.0,0.5999999642372131,1.0,3
2,1.0,0.0,1.0,0.0,0,0.0,-1.0,0.5999999642372131,1.0,0
2,1.0,0.0,1.0,0.0,0,0.0,-1.0,0.940000057220459,0.2,0
2,1.0,0.0,1.0,0.0,0,0.0,-1.0,0.9100000262260437,0.2,3
2,1.0,0.0,1.0,0.0,0,0.0,-1.0,0.925000011920929,0.3,0
2,1.0,0.0,1.0,0.0,0,0.0,-1.0,0.6399999856948853,0.8,3
2,1.0,0.0,1.0,0.0,0,0.0,-1.0,0.800000011920929,0.8,0
2,1.0,0.0,1.0,0.0,0,0.0,-1.0,0.925000011920929,0.3,0
2,1.0,1.0,0.0,0.0,0,0.0,1.0,0.0,0.0,0
2,1.0,0.0,1.0,0.0,0,0.0,-1.0,0.800000011920929,0.8,0
2,1.0,0.0,1.0,0.0,0,0.0,-1.0,0.6800000071525574,0.8,3
2,1.0,0.0,1.0,0.0,0,0.0,-1.0,0.6399999856948853,0.8,0
2,1.0,1.0,0.0,0.0,0,0.0,1.0,0.0,0.0,0
2,1.0,0.0,1.0,0.0,0,0.0,-1.0,0.940000057220459,0.2,0
2,1.0,1.0,0.0,0.0,0,0.0,1.0,0.0,0.0,0
2,1.0,1.0,0.0,0.0,0,0.0,1.0,0.0,0.0,0
2,1.0,0.0,1.0,0.0,0,0.0,-1.0,0.925000011920929,0.3,1
2,1.0,1.0,0.0,0.0,0,0.0,1.0,0.0,0.0,0
2,1.0,0.0,1.0,0.0,0,0.0,-1.0,0.925000011920929,0.3,2
2,1.0,0.0,1.0,0.0,0,0.0,-1.0,0.800000011920929,0.8,0
2,1.0,1.0,0.0,0.0,0,0.0,1.0,0.0,0.0,0
2,1.0,0.0,1.0,0.0,0,0.0,-1.0,0.7749999761581421,0.5,1
2,1.0,1.0,0.0,0.0,0,0.0,1.0,0.0,0.0,0
2,1.0,0.0,1.0,0.0,0,0.0,-1.0,0.9200000166893005,0.2,3
2,1.0,1.0,0.0,0.0,0,0.0,1.0,0.0,0.0,0
2,1.0,0.0,1.0,0.0,0,0.0,-1.0,0.7000000476837158,1.0,3
2,1.0,0.0,1.0,0.0,0,0.0,-1.0,0.875,0.5,0
2,1.0,0.0,1.0,0.0,0,0.0,-1.0,0.6399999856948853,0.8,3
2,1.0,0.0,1.0,0.0,0,0.0,-1.0,0.875,0.5,2
2,1.0,0.0,1.0,0.0,0,0.0,-1.0,0.940000057220459,0.2,0
2,1.0,0.0,1.0,0.0,0,0.0,-1.0,0.6800000071525574,0.8,0
2,1.0,0.0,1.0,0.0,0,0.0,-1.0,0.9100000262260437,0.2,0
2,1.0,0.0,1.0,0.0,0,0.0,-1.0,0.9200000166893005,0.2,0
2,1.0,1.0,0.0,0.0,0,0.0,1.0,0.0,0.0,0
2,1.0,0.0,1.0,0.0,0,0.0,-1.0,0.550000011920929,1.0,1
2,1.0,0.0,1.0,0.0,0,0.0,-1.0,0.9099999666213989,0.3,3
2,1.0,1.0,0.0,0.0,0,0.0,1.0,0.0,0.0,0
2,1.0,0.0,1.0,0.0,0,0.0,-1.0,0.6800000071525574,0.8,0
2,1.0,1.0,0.0,0.0,0,0.0,1.0,0.0,0.0,0
2,1.0,1.0,0.0,0.0,0,0.0,1.0,0.0,0.0,0
2,1.0,0.0,1.0,0.0,0,0.0,-1.0,0.9500000476837158,0.2,1
2,1.0,0.0,1.0,0.0,0,0.0,-1.0,0.800000011920929,0.8,2
2,1.0,0.0,1.0,0.0,0,0.0,-1.0,0.9500000476837158,0.2,3
2,1.0,0.0,1.0,0.0,0,0.0,-1.0,0.800000011920929,0.8,0
2,1.0,0.0,1.0,0.0,0,0.0,-1.0,0.875,0.5,0
2,1.0,1.0,0.0,0.0,0,0.0,1.0,0.0,0.0,0
2,1.0,0.0,1.0,0.0,0,0.0,-1.0,0.6399999856948853,0.8,2
2,1.0,0.0,1.0,0.0,0,0.0,-1.0,0.6399999856948853,0.8,1
2,1.0,0.0,1.0,0.0,0,0.0,-1.0,0.875,0.5,0
2,1.0,0.0,1.0,0.0,0,0.0,-1.0,0.9500000476837158,0.2,3
2,1.0,1.0,0.0,0.0,0,0.0,1.0,0.0,0.0,0
2,1.0,0.0,1.0,0.0,0,0.0,-1.0,0.940000057220459,0.2,2
2,1.0,0.0,1.0,0.0,0,0.0,-1.0,0.875,0.5,1
2,1.0,1.0,0.0,0.0,0,0.0,1.0,0.0,0.0,0
2,1.0,1.0,0.0,0.0,0,0.0,1.0,0.0,0.0,0
2,1.0,1.0,0.0,0.0,0,0.0,1.0,0.0,0.0,0
2,1.0,1.0,0.0,0.0,0,0.0,1.0,0.0,0.0,0
2,1.0,0.0,1.0,0.0,0,0.0,-1.0,0.9500000476837158,0.2,0
2,1.0,0.0,1.0,0.0,0,0.0,-1.0,0.7999999523162842,0.5,1
2,1.0,0.0,1.0,0.0,0,0.0,-1.0,0.9500000476837158,0.2,3
2,1.0,0.0,1.0,0.0,0,0.0,-1.0,0.7999999523162842,0.5,1
2,1.0,0.0,1.0,0.0,0,0.0,-1.0,0.875,0.5,1
2,1.0,1.0,0.0,0.0,0,0.0,1.0,0.0,0.0,0
2,1.0,0.0,1.0,0.0,0,0.0,-1.0,0.9099999666213989,0.3,3
2,1.0,0.0,1.0,0.0,0,0.0,-1.0,0.800000011920929,0.8,1
2,1.0,1.0,0.0,0.0,0,0.0,1.0,0.0,0.0,0
2,1.0,0.0,1.0,0.0,0,0.0,-1.0,0.7599999904632568,0.8,2
2,1.0,1.0,0.0,0.0,0,0.0,1.0,0.0,0.0,0
2,1.0,0.0,1.0,0.0,0,0.0,-1.0,0.7749999761581421,0.5,0
2,1.0,0.0,1.0,0.0,0,0.0,-1.0,0.9500000476837158,0.2,1
2,1.0,0.0,1.0,0.0,0,0.0,-1.0,0.9099999666213989,0.3,1
2,1.0,1.0,0.0,0.0,0,0.0,1.0,0.0,0.0,0
2,1.0,1.0,0.0,0.0,0,0.0,1.0,0.0,0.0,0
2,1.0,1.0,0.0,0.0,0,0.0,1.0,0.0,0.0,0
2,1.0,0.0,1.0,0.0,0,0.0,-1.0,0.875,0.5,0
2,1.0,0.0,1.0,0.0,0,0.0,-1.0,0.9500000476837158,0.2,0
2,1.0,0.0,1.0,0.0,0,0.0,-1.0,0.6800000071525574,0.8,2
2,1.0,1.0,0.0,0.0,0,0.0,1.0,0.0,0.0,0
2,1.0,0.0,1.0,0.0,0,0.0,-1.0,0.800000011920929,0.8,3
2,1.0,1.0,0.0,0.0,0,0.0,1.0,0.0,0.0,0
2,1.0,0.0,1.0,0.0,0,0.0,-1.0,0.75,1.0,1
2,1.0,1.0,0.0,0.0,0,0.0,1.0,0.0,0.0,0
2,1.0,0.0,1.0,0.0,0,0.0,-1.0,0.9099999666213989,0.3,2
2,1.0,1.0,0.0,0.0,0,0.0,1.0,0.0,0.0,0
2,0.9662038,1.0,0.0,0.033796217,0,0.0,0.8935419321060181,0.0,0.0,0
2,1.0,0.0,1.0,0.0,0,0.0,-1.000844955444336,0.9100000262260437,0.2,2
2,1.0,0.0,1.0,0.0,0,0.0,-1.0,0.875,0.5,1
2,1.0,0.0,1.0,0.0,0,0.0,-1.0,0.925000011920929,0.3,1
2,1.0,0.0,1.0,0.0,0,0.0,-1.0,0.9100000262260437,0.2,1
2,1.0,1.0,0.0,0.0,0,0.0,1.0,0.0,0.0,0
2,1.0,0.0,1.0,0.0,0,0.0,-1.0,0.9200000166893005,0.2,0
2,1.0,1.0,0.0,0.0,0,0.0,1.0,0.0,0.0,0
2,1.0,0.0,1.0,0.0,0,0.0,-1.0,0.800000011920929,0.8,2
2,1.0,0.0,1.0,0.0,0,0.0,-1.0,0.9200000166893005,0.2,0
2,1.0,0.0,1.0,0.0,0,0.0,-1.0,0.7599999904632568,0.8,0
2,1.0,1.0,0.0,0.0,0,0.0,1.0,0.0,0.0,0
2,1.0,0.0,1.0,0.0,0,0.0,-1.0,0.925000011920929,0.3,1
2,1.0,0.0,1.0,0.0,0,0.0,-1.0,0.940000057220459,0.2,0
2,1.0,1.0,0.0,0.0,0,0.0,1.0,0.0,0.0,0
2,1.0,1.0,0.0,0.0,0,0.0,1.0,0.0,0.0,0
2,1.0,0.0,1.0,0.0,0,0.0,-1.0,0.9200000166893005,0.2,0
2,1.0,0.0,1.0,0.0,0,0.0,-1.0,0.9500000476837158,0.2,2
2,1.0,0.0,1.0,0.0,0,0.0,-1.0,0.9100000262260437,0.2,0
2,1.0,0.0,1.0,0.0,0,0.0,-1.0,0.925000011920929,0.3,2
2,1.0,0.0,1.0,0.0,0,0.0,-1.0,0.925000011920929,0.3,0
2,1.0,1.0,0.0,0.0,0,0.0,1.0,0.0,0.0,0
2,1.0,0.0,1.0,0.0,0,0.0,-1.0,0.940000057220459,0.2,2
2,1.0,0.0,1.0,0.0,0,0.0,-1.0,0.7000000476837158,1.0,2
2,1.0,0.0,1.0,0.0,0,0.0,-1.0,0.7000000476837158,1.0,1
2,1.0,1.0,0.0,0.0,0,0.0,1.0,0.0,0.0,0
2,1.0,1.0,0.0,0.0,0,0.0,1.0,0.0,0.0,0
2,1.0,0.0,1.0,0.0,0,0.0,-1.0,0.6800000071525574,0.8,0
2,1.0,0.0,1.0,0.0,0,0.0,-1.0,0.7999999523162842,0.5,0
2,1.0,1.0,0.0,0.0,0,0.0,1.0,0.0,0.0,0
2,1.0,1.0,0.0,0.0,0,0.0,1.0,0.0,0.0,0
2,1.0,1.0,0.0,0.0,0,0.0,1.0,0.0,0.0,0
2,0.9510034,1.0,0.0,0.04899664,0,0.0,0.8456606268882751,0.0,0.0,0
2,1.0,0.0,1.0,0.0,0,0.0,-1.0012248754501343,0.9200000166893005,0.2,2
2,1.0,0.0,1.0,0.0,0,0.0,-1.0,0.9099999666213989,0.3,3
2,1.0,0.0,1.0,0.0,0,0.0,-1.0,0.925000011920929,0.3,1
2,1.0,0.0,1.0,0.0,0,0.0,-1.0,0.9099999666213989,0.3,0
2,1.0,0.0,1.0,0.0,0,0.0,-1.0,0.875,0.5,2
2,1.0,1.0,0.0,0.0,0,0.0,1.0,0.0,0.0,0
2,1.0,0.0,1.0,0.0,0,0.0,-1.0,0.75,1.0,0
2,1.0,1.0,0.0,0.0,0,0.0,1.0,0.0,0.0,0
2,1.0,0.0,1.0,0.0,0,0.0,-1.0,0.5999999642372131,1.0,0
2,1.0,0.0,1.0,0.0,0,0.0,-1.0,0.9500000476837158,0.2,1
2,1.0,0.0,1.0,0.0,0,0.0,-1.0,0.875,0.5,2
2,1.0,0.0,1.0,0.0,0,0.0,-1.0,0.925000011920929,0.3,1
2,1.0,0.0,1.0,0.0,0,0.0,-1.0,0.925000011920929,0.3,0
2,1.0,0.0,1.0,0.0,0,0.0,-1.0,0.9500000476837158,0.2,2
2,1.0,1.0,0.0,0.0,0,0.0,1.0,0.0,0.0,0
2,1.0,0.0,1.0,0.0,0,0.0,-1.0,0.7999999523162842,0.5,3
2,1.0,1.0,0.0,0.0,0,0.0,1.0,0.0,0.0,0
2,1.0,0.0,1.0,0.0,0,0.0,-1.0,0.7599999904632568,0.8,0
2,1.0,0.0,1.0,0.0,0,0.0,-1.0,0.9099999666213989,0.3,0
2,1.0,0.0,1.0,0.0,0,0.0,-1.0,0.9099999666213989,0.3,0
2,1.0,0.0,1.0,0.0,0,0.0,-1.0,0.875,0.5,2
2,1.0,0.0,1.0,0.0,0,0.0,-1.0,0.9099999666213989,0.3,2
2,1.0,0.0,1.0,0.0,0,0.0,-1.0,0.7599999904632568,0.8,2
2,1.0,0.0,1.0,0.0,0,0.0,-1.0,0.7749999761581421,0.5,0
2,1.0,0.0,1.0,0.0,0,0.0,-1.0,0.875,0.5,2
2,1.0,0.0,1.0,0.0,0,0.0,-1.0,0.875,0.5,0
2,1.0,0.0,1.0,0.0,0,0.0,-1.0,0.75,1.0,0
2,1.0,0.0,1.0,0.0,0,0.0,-1.0,0.6399999856948853,0.8,2
2,1.0,0.0,1.0,0.0,0,0.0,-1.0,0.9500000476837158,0.2,3
2,1.0,0.0,1.0,0.0,0,0.0,-1.0,0.7999999523162842,0.5,2
2,1.0,0.0,1.0,0.0,0,0.0,-1.0,0.7599999904632568,0.8,2
2,1.0,1.0,0.0,0.0,0,0.0,1.0,0.0,0.0,0
2,1.0,0.0,1.0,0.0,0,0.0,-1.0,0.8500000238418579,0.5,0
2,1.0,0.0,1.0,0.0,0,0.0,-1.0,0.7599999904632568,0.8,0
2,1.0,0.0,1.0,0.0,0,0.0,-1.0,0.925000011920929,0.3,2
2,1.0,0.0,1.0,0.0,0,0.0,-1.0,0.875,0.5,2
2,1.0,1.0,0.0,0.0,0,0.0,1.0,0.0,0.0,0
2,1.0,0.0,1.0,0.0,0,0.0,-1.0,0.7599999904632568,0.8,0
2,1.0,1.0,0.0,0.0,0,0.0,1.0,0.0,0.0,0
2,1.0,1.0,0.0,0.0,0,0.0,1.0,0.0,0.0,0
2,1.0,0.0,1.0,0.0,0,0.0,-1.0,0.6800000071525574,0.8,3
2,1.0,0.0,1.0,0.0,0,0.0,-1.0,0.9099999666213989,0.3,3
2,1.0,1.0,0.0,0.0,0,0.0,1.0,0.0,0.0,0
2,1.0,0.0,1.0,0.0,0,0.0,-1.0,0.7999999523162842,0.5,3
2,1.0,0.0,1.0,0.0,0,0.0,-1.0,0.75,1.0,2
2,1.0,1.0,0.0,0.0,0,0.0,1.0,0.0,0.0,0
2,1.0,1.0,0.0,0.0,0,0.0,1.0,0.0,0.0,0
2,1.0,1.0,0.0,0.0,0,0.0,1.0,0.0,0.0,0
2,1.0,0.0,1.0,0.0,0,0.0,-1.0,0.875,0.5,1
2,1.0,1.0,0.0,0.0,0,0.0,1.0,0.0,0.0,0
2,1.0,0.0,1.0,0.0,0,0.0,-1.0,0.925000011920929,0.3,0
2,1.0,0.0,1.0,0.0,0,0.0,-1.0,0.7599999904632568,0.8,3
2,1.0,0.0,1.0,0.0,0,0.0,-1.0,0.8500000238418579,0.5,3
2,1.0,0.0,1.0,0.0,0,0.0,-1.0,0.7999999523162842,0.5,0
2,1.0,0.0,1.0,0.0,0,0.0,-1.0,0.9500000476837158,0.2,3
2,1.0,0.0,1.0,0.0,0,0.0,-1.0,0.925000011920929,0.3,0
2,1.0,1.0,0.0,0.0,0,0.0,1.0,0.0,0.0,0
2,1.0,0.0,1.0,0.0,0,0.0,-1.0,0.6800000071525574,0.8,3
2,1.0,0.0,1.0,0.0,0,0.0,-1.0,0.9500000476837158,0.2,2
2,1.0,0.0,1.0,0.0,0,0.0,-1.0,0.800000011920929,0.8,0
2,1.0,0.0,1.0,0.0,0,0.0,-1.0,0.7749999761581421,0.5,3
2,1.0,0.0,1.0,0.0,0,0.0,-1.0,0.9500000476837158,0.2,1
2,1.0,0.0,1.0,0.0,0,0.0,-1.0,0.925000011920929,0.3,3
2,0.94951975,1.0,0.0,0.050480224,1,0.0,-4.159012794494629,0.0,0.0,0
2,0.99912864,0.003921228460967541,0.9960787892341614,0.00087138417,0,0.0,-0.9962080121040344,0.7560787796974182,0.8,1
2,1.0,0.0,1.0,0.0,0,0.0,-1.000043511390686,0.7000000476837158,1.0,1
2,1.0,1.0,0.0,0.0,0,0.0,1.0,0.0,0.0,0
2,1.0,0.0,1.0,0.0,0,0.0,-1.0,0.9099999666213989,0.3,2
2,1.0,0.0,1.0,0.0,0,0.0,-1.0,0.9099999666213989,0.3,2
2,1.0,0.0,1.0,0.0,0,0.0,-1.0,0.75,1.0,3
2,1.0,0.0,1.0,0.0,0,0.0,-1.0,0.925000011920929,0.3,3
2,1.0,0.0,1.0,0.0,0,0.0,-1.0,0.875,0.5,1
2,1.0,0.0,1.0,0.0,0,0.0,-1.0,0.9500000476837158,0.2,2
2,1.0,1.0,0.0,0.0,0,0.0,1.0,0.0,0.0,0
2,1.0,0.0,1.0,0.0,0,0.0,-1.0,0.9500000476837158,0.2,2
2,1.0,0.0,1.0,0.0,0,0.0,-1.0,0.7599999904632568,0.8,3
2,1.0,0.0,1.0,0.0,0,0.0,-1.0,0.925000011920929,0.3,2
2,1.0,0.0,1.0,0.0,0,0.0,-1.0,0.550000011920929,1.0,1
2,1.0,1.0,0.0,0.0,0,0.0,1.0,0.0,0.0,0
2,1.0,1.0,0.0,0.0,0,0.0,1.0,0.0,0.0,0
2,1.0,1.0,0.0,0.0,0,0.0,1.0,0.0,0.0,0
2,1.0,0.0,1.0,0.0,0,0.0,-1.0,0.9500000476837158,0.2,1
2,1.0,0.0,1.0,0.0,0,0.0,-1.0,0.9500000476837158,0.2,2
2,1.0,0.0,1.0,0.0,0,0.0,-1.0,0.8500000238418579,0.5,2
2,1.0,0.0,1.0,0.0,0,0.0,-1.0,0.5999999642372131,1.0,0
2,1.0,0.0,1.0,0.0,0,0.0,-1.0,0.9500000476837158,0.2,2
2,1.0,0.0,1.0,0.0,0,0.0,-1.0,0.800000011920929,0.8,1
2,1.0,0.0,1.0,0.0,0,0.0,-1.0,0.925000011920929,0.3,0
2,1.0,0.0,1.0,0.0,0,0.0,-1.0,0.5999999642372131,1.0,1
2,1.0,0.0,1.0,0.0,0,0.0,-1.0,0.75,1.0,2
2,1.0,0.0,1.0,0.0,0,0.0,-1.0,0.9500000476837158,0.2,0
2,1.0,0.0,1.0,0.0,0,0.0,-1.0,0.8500000238418579,0.5,2
2,1.0,0.0,1.0,0.0,0,0.0,-1.0,0.925000011920929,0.3,0
2,1.0,0.0,1.0,0.0,0,0.0,-1.0,0.7599999904632568,0.8,0
2,1.0,1.0,0.0,0.0,0,0.0,1.0,0.0,0.0,0
2,1.0,0.0,1.0,0.0,0,0.0,-1.0,0.925000011920929,0.3,0
2,1.0,1.0,0.0,0.0,0,0.0,1.0,0.0,0.0,0
2,1.0,1.0,0.0,0.0,0,0.0,1.0,0.0,0.0,0
2,1.0,1.0,0.0,0.0,0,0.0,1.0,0.0,0.0,0
2,1.0,1.0,0.0,0.0,0,0.0,1.0,0.0,0.0,0
2,1.0,0.0,1.0,0.0,0,0.0,-1.0,0.9099999666213989,0.3,1
2,1.0,0.0,1.0,0.0,0,0.0,-1.0,0.7999999523162842,0.5,3
2,1.0,1.0,0.0,0.0,0,0.0,1.0,0.0,0.0,0
2,1.0,0.0,1.0,0.0,0,0.0,-1.0,0.925000011920929,0.3,1
2,1.0,0.0,1.0,0.0,0,0.0,-1.0,0.925000011920929,0.3,0
2,1.0,0.0,1.0,0.0,0,0.0,-1.0,0.9500000476837158,0.2,0
2,1.0,0.0,1.0,0.0,0,0.0,-1.0,0.6800000071525574,0.8,0
2,1.0,0.0,1.0,0.0,0,0.0,-1.0,0.7999999523162842,0.5,0
2,1.0,1.0,0.0,0.0,0,0.0,1.0,0.0,0.0,0
2,1.0,0.0,1.0,0.0,0,0.0,-1.0,0.75,1.0,3
2,1.0,0.0,1.0,0.0,0,0.0,-1.0,0.9099999666213989,0.3,3
2,1.0,0.0,1.0,0.0,0,0.0,-1.0,0.925000011920929,0.3,3
2,1.0,0.0,1.0,0.0,0,0.0,-1.0,0.7599999904632568,0.8,0
2,1.0,0.0,1.0,0.0,0,0.0,-1.0,0.9500000476837158,0.2,2
2,1.0,0.0,1.0,0.0,0,0.0,-1.0,0.925000011920929,0.3,0
2,1.0,1.0,0.0,0.0,0,0.0,1.0,0.0,0.0,0
2,1.0,0.0,1.0,0.0,0,0.0,-1.0,0.925000011920929,0.3,2
2,1.0,1.0,0.0,0.0,0,0.0,1.0,0.0,0.0,0
2,1.0,1.0,0.0,0.0,0,0.0,1.0,0.0,0.0,0
2,1.0,0.0,1.0,0.0,0,0.0,-1.0,0.6800000071525574,0.8,0
2,1.0,1.0,0.0,0.0,0,0.0,1.0,0.0,0.0,0
2,1.0,0.0,1.0,0.0,0,0.0,-1.0,0.925000011920929,0.3,0
2,1.0,1.0,0.0,0.0,0,0.0,1.0,0.0,0.0,0
2,1.0,0.0,1.0,0.0,0,0.0,-1.0,0.9500000476837158,0.2,2
2,1.0,0.0,1.0,0.0,0,0.0,-1.0,0.9200000166893005,0.2,2
2,1.0,0.0,1.0,0.0,0,0.0,-1.0,0.6399999856948853,0.8,3
2,1.0,1.0,0.0,0.0,0,0.0,1.0,0.0,0.0,0
2,1.0,0.0,1.0,0.0,0,0.0,-1.0,0.550000011920929,1.0,2
2,1.0,0.0,1.0,0.0,0,0.0,-1.0,0.9500000476837158,0.2,1
2,1.0,0.0,1.0,0.0,0,0.0,-1.0,0.940000057220459,0.2,0
2,1.0,0.0,1.0,0.0,0,0.0,-1.0,0.875,0.5,2
2,1.0,0.0,1.0,0.0,0,0.0,-1.0,0.9500000476837158,0.2,0
2,1.0,0.0,1.0,0.0,0,0.0,-1.0,0.875,0.5,1
2,1.0,0.0,1.0,0.0,0,0.0,-1.0,0.800000011920929,0.8,0
2,0.9868683,0.059092603623867035,0.9409074187278748,0.01313169,0,0.0,-0.9251493811607361,0.8509074449539185,0.2,0
2,1.0,0.0,1.0,0.0,0,0.0,-1.0006566047668457,0.6399999856948853,0.8,0
2,1.0,0.0,1.0,0.0,0,0.0,-1.0,0.9100000262260437,0.2,1
2,1.0,0.0,1.0,0.0,0,0.0,-1.0,0.5999999642372131,1.0,1
2,1.0,0.0,1.0,0.0,0,0.0,-1.0,0.7999999523162842,0.5,1
2,1.0,0.0,1.0,0.0,0,0.0,-1.0,0.9099999666213989,0.3,1
2,1.0,0.0,1.0,0.0,0,0.0,-1.0,0.6800000071525574,0.8,1
2,1.0,0.0,1.0,0.0,0,0.0,-1.0,0.7999999523162842,0.5,0
2,1.0,1.0,0.0,0.0,0,0.0,1.0,0.0,0.0,0
2,1.0,0.0,1.0,0.0,0,0.0,-1.0,0.75,1.0,0
2,1.0,1.0,0.0,0.0,0,0.0,1.0,0.0,0.0,0
2,1.0,0.0,1.0,0.0,0,0.0,-1.0,0.9500000476837158,0.2,0
2,1.0,0.0,1.0,0.0,0,0.0,-1.0,0.9500000476837158,0.2,1
2,1.0,1.0,0.0,0.0,0,0.0,1.0,0.0,0.0,0
2,1.0,0.0,1.0,0.0,0,0.0,-1.0,0.940000057220459,0.2,2
2,1.0,1.0,0.0,0.0,0,0.0,1.0,0.0,0.0,0
2,1.0,0.0,1.0,0.0,0,0.0,-1.0,0.800000011920929,0.8,2
2,1.0,0.0,1.0,0.0,0,0.0,-1.0,0.800000011920929,0.8,0
2,1.0,0.0,1.0,0.0,0,0.0,-1.0,0.9099999666213989,0.3,1
2,1.0,1.0,0.0,0.0,0,0.0,1.0,0.0,0.0,0
2,1.0,1.0,0.0,0.0,0,0.0,1.0,0.0,0.0,0
2,1.0,0.0,1.0,0.0,0,0.0,-1.0,0.9500000476837158,0.2,2
2,1.0,0.0,1.0,0.0,0,0.0,-1.0,0.925000011920929,0.3,3
2,1.0,1.0,0.0,0.0,0,0.0,1.0,0.0,0.0,0
2,1.0,1.0,0.0,0.0,0,0.0,1.0,0.0,0.0,0
2,0.99607974,0.017641156911849976,0.9823588132858276,0.003920257,0,0.0,-0.9776545166969299,0.8573588132858276,0.5,3
2,1.0,0.0,1.0,0.0,0,0.0,-1.0001959800720215,0.9100000262260437,0.2,1
2,1.0,0.0,1.0,0.0,0,0.0,-1.0,0.9099999666213989,0.3,1
2,1.0,0.0,1.0,0.0,0,0.0,-1.0,0.925000011920929,0.3,3
2,1.0,0.0,1.0,0.0,0,0.0,-1.0,0.75,1.0,1
2,1.0,0.0,1.0,0.0,0,0.0,-1.0,0.6399999856948853,0.8,1
2,1.0,1.0,0.0,0.0,0,0.0,1.0,0.0,0.0,0
2,1.0,0.0,1.0,0.0,0,0.0,-1.0,0.9099999666213989,0.3,1
2,1.0,0.0,1.0,0.0,0,0.0,-1.0,0.6399999856948853,0.8,1
2,1.0,0.0,1.0,0.0,0,0.0,-1.0,0.940000057220459,0.2,3
2,1.0,0.0,1.0,0.0,0,0.0,-1.0,0.9099999666213989,0.3,1
2,1.0,1.0,0.0,0.0,0,0.0,1.0,0.0,0.0,0
2,1.0,0.0,1.0,0.0,0,0.0,-1.0,0.9099999666213989,0.3,0
2,1.0,0.0,1.0,0.0,0,0.0,-1.0,0.875,0.5,2
2,1.0,0.0,1.0,0.0,0,0.0,-1.0,0.925000011920929,0.3,0
2,1.0,0.0,1.0,0.0,0,0.0,-1.0,0.9500000476837158,0.2,0
2,1.0,0.0,1.0,0.0,0,0.0,-1.0,0.6800000071525574,0.8,0
2,1.0,0.0,1.0,0.0,0,0.0,-1.0,0.940000057220459,0.2,3
2,1.0,1.0,0.0,0.0,0,0.0,1.0,0.0,0.0,0
2,1.0,1.0,0.0,0.0,0,0.0,1.0,0.0,0.0,0
2,1.0,1.0,0.0,0.0,0,0.0,1.0,0.0,0.0,0
2,1.0,1.0,0.0,0.0,0,0.0,1.0,0.0,0.0,0
2,1.0,0.0,1.0,0.0,0,0.0,-1.0,0.6800000071525574,0.8,3
2,1.0,0.0,1.0,0.0,0,0.0,-1.0,0.940000057220459,0.2,1
2,1.0,0.0,1.0,0.0,0,0.0,-1.0,0.8500000238418579,0.5,2
2,1.0,0.0,1.0,0.0,0,0.0,-1.0,0.9500000476837158,0.2,2
2,1.0,0.0,1.0,0.0,0,0.0,-1.0,0.875,0.5,1
2,1.0,0.0,1.0,0.0,0,0.0,-1.0,0.6800000071525574,0.8,1
2,1.0,0.0,1.0,0.0,0,0.0,-1.0,0.800000011920929,0.8,1
2,1.0,0.0,1.0,0.0,0,0.0,-1.0,0.925000011920929,0.3,2
2,1.0,0.0,1.0,0.0,0,0.0,-1.0,0.7599999904632568,0.8,2
2,1.0,1.0,0.0,0.0,0,0.0,1.0,0.0,0.0,0
2,1.0,0.0,1.0,0.0,0,0.0,-1.0,0.875,0.5,3
2,1.0,0.0,1.0,0.0,0,0.0,-1.0,0.9099999666213989,0.3,2
2,1.0,1.0,0.0,0.0,0,0.0,1.0,0.0,0.0,0
2,1.0,0.0,1.0,0.0,0,0.0,-1.0,0.925000011920929,0.3,3
2,1.0,0.0,1.0,0.0,0,0.0,-1.0,0.9500000476837158,0.2,1
2,1.0,1.0,0.0,0.0,0,0.0,1.0,0.0,0.0,0
2,1.0,1.0,0.0,0.0,0,0.0,1.0,0.0,0.0,0
2,0.96690416,0.14893116056919098,0.8510688543319702,0.033095814,0,0.0,-0.8113539218902588,0.6010688543319702,1.0,1
2,1.0,1.0,0.0,0.0,0,0.0,0.9983451962471008,0.0,0.0,0
2,1.0,1.0,0.0,0.0,0,0.0,1.0,0.0,0.0,0
2,1.0,0.0,1.0,0.0,0,0.0,-1.0,0.925000011920929,0.3,2
2,1.0,0.0,1.0,0.0,0,0.0,-1.0,0.6399999856948853,0.8,0
2,1.0,0.0,1.0,0.0,0,0.0,-1.0,0.940000057220459,0.2,2
2,1.0,0.0,1.0,0.0,0,0.0,-1.0,0.925000011920929,0.3,0
2,1.0,0.0,1.0,0.0,0,0.0,-1.0,0.940000057220459,0.2,0
2,1.0,1.0,0.0,0.0,0,0.0,1.0,0.0,0.0,0
2,1.0,0.0,1.0,0.0,0,0.0,-1.0,0.875,0.5,0
2,1.0,0.0,1.0,0.0,0,0.0,-1.0,0.800000011920929,0.8,1
2,1.0,0.0,1.0,0.0,0,0.0,-1.0,0.925000011920929,0.3,2
2,1.0,1.0,0.0,0.0,0,0.0,1.0,0.0,0.0,0
2,1.0,0.0,1.0,0.0,0,0.0,-1.0,0.875,0.5,1
2,1.0,0.0,1.0,0.0,0,0.0,-1.0,0.925000011920929,0.3,3
2,1.0,0.0,1.0,0.0,0,0.0,-1.0,0.925000011920929,0.3,2
2,1.0,1.0,0.0,0.0,0,0.0,1.0,0.0,0.0,0
2,1.0,1.0,0.0,0.0,0,0.0,1.0,0.0,0.0,0
2,1.0,0.0,1.0,0.0,0,0.0,-1.0,0.9099999666213989,0.3,2
2,1.0,0.0,1.0,0.0,0,0.0,-1.0,0.9500000476837158,0.2,1
2,1.0,0.0,1.0,0.0,0,0.0,-1.0,0.8500000238418579,0.5,2
2,1.0,0.0,1.0,0.0,0,0.0,-1.0,0.9099999666213989,0.3,0
2,1.0,0.0,1.0,0.0,0,0.0,-1.0,0.800000011920929,0.8,1
2,1.0,0.0,1.0,0.0,0,0.0,-1.0,0.9099999666213989,0.3,3
2,1.0,0.0,1.0,0.0,0,0.0,-1.0,0.75,1.0,2
2,1.0,1.0,0.0,0.0,0,0.0,1.0,0.0,0.0,0
2,1.0,0.0,1.0,0.0,0,0.0,-1.0,0.7749999761581421,0.5,2
2,1.0,0.0,1.0,0.0,0,0.0,-1.0,0.800000011920929,0.8,3
2,1.0,0.0,1.0,0.0,0,0.0,-1.0,0.6800000071525574,0.8,3
2,1.0,0.0,1.0,0.0,0,0.0,-1.0,0.7599999904632568,0.8,2
2,1.0,0.0,1.0,0.0,0,0.0,-1.0,0.9100000262260437,0.2,1
2,1.0,0.0,1.0,0.0,0,0.0,-1.0,0.7749999761581421,0.5,1
2,1.0,1.0,0.0,0.0,0,0.0,1.0,0.0,0.0,0
2,1.0,0.0,1.0,0.0,0,0.0,-1.0,0.9500000476837158,0.2,3
2,1.0,0.0,1.0,0.0,0,0.0,-1.0,0.7000000476837158,1.0,0
2,1.0,0.0,1.0,0.0,0,0.0,-1.0,0.9200000166893005,0.2,3
2,1.0,0.0,1.0,0.0,0,0.0,-1.0,0.9099999666213989,0.3,0
2,1.0,0.0,1.0,0.0,0,0.0,-1.0,0.6399999856948853,0.8,0
2,1.0,0.0,1.0,0.0,0,0.0,-1.0,0.9200000166893005,0.2,3
2,1.0,0.0,1.0,0.0,0,0.0,-1.0,0.9500000476837158,0.2,3
2,1.0,1.0,0.0,0.0,0,0.0,1.0,0.0,0.0,0
2,1.0,1.0,0.0,0.0,0,0.0,1.0,0.0,0.0,0
2,1.0,0.0,1.0,0.0,0,0.0,-1.0,0.7999999523162842,0.5,0
2,1.0,1.0,0.0,0.0,0,0.0,1.0,0.0,0.0,0
2,1.0,1.0,0.0,0.0,0,0.0,1.0,0.0,0.0,0
2,1.0,0.0,1.0,0.0,0,0.0,-1.0,0.940000057220459,0.2,3
2,0.9959421,0.018260370939970016,0.9817395806312561,0.0040578605,0,0.0,-0.9768701195716858,0.6617395877838135,0.8,0
2,1.0,0.0,1.0,0.0,0,0.0,-1.0002028942108154,0.875,0.5,3
2,1.0,0.0,1.0,0.0,0,0.0,-1.0,0.875,0.5,3
2,1.0,0.0,1.0,0.0,0,0.0,-1.0,0.6800000071525574,0.8,3
2,1.0,0.0,1.0,0.0,0,0.0,-1.0,0.8500000238418579,0.5,1
2,1.0,0.0,1.0,0.0,0,0.0,-1.0,0.9099999666213989,0.3,2
2,1.0,0.0,1.0,0.0,0,0.0,-1.0,0.9500000476837158,0.2,3
2,0.99709195,0.013086282648146152,0.9869136810302734,0.002908063,0,0.0,-0.9834238886833191,0.8969136476516724,0.3,1
2,1.0,0.0,1.0,0.0,0,0.0,-1.000145435333252,0.875,0.5,0
2,1.0,0.0,1.0,0.0,0,0.0,-1.0,0.940000057220459,0.2,0
2,1.0,1.0,0.0,0.0,0,0.0,1.0,0.0,0.0,0
2,1.0,0.0,1.0,0.0,0,0.0,-1.0,0.875,0.5,0
2,1.0,1.0,0.0,0.0,0,0.0,1.0,0.0,0.0,0
2,1.0,0.0,1.0,0.0,0,0.0,-1.0,0.5999999642372131,1.0,3
2,0.9851207,0.06695673614740372,0.9330432415008545,0.014879274,0,0.0,-0.9151881337165833,0.8580432534217834,0.3,1
2,1.0,1.0,0.0,0.0,0,0.0,0.9992560148239136,0.0,0.0,0
2,1.0,0.0,1.0,0.0,0,0.0,-1.0,0.7749999761581421,0.5,3
2,1.0,1.0,0.0,0.0,0,0.0,1.0,0.0,0.0,0
2,1.0,1.0,0.0,0.0,0,0.0,1.0,0.0,0.0,0
2,1.0,0.0,1.0,0.0,0,0.0,-1.0,0.9099999666213989,0.3,2
2,1.0,0.0,1.0,0.0,0,0.0,-1.0,0.940000057220459,0.2,0
2,1.0,1.0,0.0,0.0,0,0.0,1.0,0.0,0.0,0
2,1.0,0.0,1.0,0.0,0,0.0,-1.0,0.800000011920929,0.8,1
2,1.0,0.0,1.0,0.0,0,0.0,-1.0,0.9100000262260437,0.2,0
2,1.0,1.0,0.0,0.0,0,0.0,1.0,0.0,0.0,0
2,1.0,0.0,1.0,0.0,0,0.0,-1.0,0.940000057220459,0.2,3
2,1.0,0.0,1.0,0.0,0,0.0,-1.0,0.8500000238418579,0.5,0
2,1.0,0.0,1.0,0.0,0,0.0,-1.0,0.875,0.5,2
2,1.0,1.0,0.0,0.0,0,0.0,1.0,0.0,0.0,0
2,1.0,1.0,0.0,0.0,0,0.0,1.0,0.0,0.0,0
2,1.0,1.0,0.0,0.0,0,0.0,1.0,0.0,0.0,0
2,1.0,0.0,1.0,0.0,0,0.0,-1.0,0.9500000476837158,0.2,3
2,1.0,0.0,1.0,0.0,0,0.0,-1.0,0.7599999904632568,0.8,3
2,1.0,1.0,0.0,0.0,0,0.0,1.0,0.0,0.0,0
2,1.0,1.0,0.0,0.0,0,0.0,1.0,0.0,0.0,0
2,1.0,1.0,0.0,0.0,0,0.0,1.0,0.0,0.0,0
2,1.0,1.0,0.0,0.0,0,0.0,1.0,0.0,0.0,0
2,1.0,0.0,1.0,0.0,0,0.0,-1.0,0.875,0.5,2
2,1.0,0.0,1.0,0.0,0,0.0,-1.0,0.9100000262260437,0.2,2
2,1.0,0.0,1.0,0.0,0,0.0,-1.0,0.9099999666213989,0.3,1
2,1.0,0.0,1.0,0.0,0,0.0,-1.0,0.800000011920929,0.8,2
2,1.0,0.0,1.0,0.0,0,0.0,-1.0,0.9500000476837158,0.2,3
2,1.0,0.0,1.0,0.0,0,0.0,-1.0,0.9500000476837158,0.2,2
2,1.0,0.0,1.0,0.0,0,0.0,-1.0,0.9200000166893005,0.2,1
2,1.0,1.0,0.0,0.0,0,0.0,1.0,0.0,0.0,0
2,1.0,0.0,1.0,0.0,0,0.0,-1.0,0.8500000238418579,0.5,1
2,1.0,0.0,1.0,0.0,0,0.0,-1.0,0.7749999761581421,0.5,1
2,1.0,0.0,1.0,0.0,0,0.0,-1.0,0.925000011920929,0.3,2
2,1.0,0.0,1.0,0.0,0,0.0,-1.0,0.75,1.0,1
2,1.0,0.0,1.0,0.0,0,0.0,-1.0,0.925000011920929,0.3,1
2,1.0,0.0,1.0,0.0,0,0.0,-1.0,0.9100000262260437,0.2,0
2,1.0,0.0,1.0,0.0,0,0.0,-1.0,0.6399999856948853,0.8,1
2,1.0,1.0,0.0,0.0,0,0.0,1.0,0.0,0.0,0
2,1.0,1.0,0.0,0.0,0,0.0,1.0,0.0,0.0,0
2,1.0,1.0,0.0,0.0,0,0.0,1.0,0.0,0.0,0
2,1.0,0.0,1.0,0.0,0,0.0,-1.0,0.7000000476837158,1.0,2
2,1.0,0.0,1.0,0.0,0,0.0,-1.0,0.550000011920929,1.0,2
2,1.0,0.0,1.0,0.0,0,0.0,-1.0,0.940000057220459,0.2,2
2,1.0,0.0,1.0,0.0,0,0.0,-1.0,0.940000057220459,0.2,2
2,1.0,0.0,1.0,0.0,0,0.0,-1.0,0.925000011920929,0.3,2
2,1.0,1.0,0.0,0.0,0,0.0,1.0,0.0,0.0,0
2,1.0,0.0,1.0,0.0,0,0.0,-1.0,0.8500000238418579,0.5,0
2,1.0,1.0,0.0,0.0,0,0.0,1.0,0.0,0.0,0
2,1.0,0.0,1.0,0.0,0,0.0,-1.0,0.9500000476837158,0.2,2
2,1.0,1.0,0.0,0.0,0,0.0,1.0,0.0,0.0,0
2,1.0,0.0,1.0,0.0,0,0.0,-1.0,0.875,0.5,2
2,1.0,0.0,1.0,0.0,0,0.0,-1.0,0.8500000238418579,0.5,3
2,1.0,1.0,0.0,0.0,0,0.0,1.0,0.0,0.0,0
2,1.0,0.0,1.0,0.0,0,0.0,-1.0,0.5999999642372131,1.0,3
2,1.0,1.0,0.0,0.0,0,0.0,1.0,0.0,0.0,0
2,1.0,0.0,1.0,0.0,0,0.0,-1.0,0.8500000238418579,0.5,0
2,1.0,0.0,1.0,0.0,0,0.0,-1.0,0.925000011920929,0.3,3
2,1.0,0.0,1.0,0.0,0,0.0,-1.0,0.9500000476837158,0.2,2
2,1.0,1.0,0.0,0.0,0,0.0,1.0,0.0,0.0,0
2,1.0,1.0,0.0,0.0,0,0.0,1.0,0.0,0.0,0
2,1.0,1.0,0.0,0.0,0,0.0,1.0,0.0,0.0,0
2,1.0,0.0,1.0,0.0,0,0.0,-1.0,0.9500000476837158,0.2,3
2,1.0,0.0,1.0,0.0,0,0.0,-1.0,0.9200000166893005,0.2,0
2,1.0,1.0,0.0,0.0,0,0.0,1.0,0.0,0.0,0
2,1.0,0.0,1.0,0.0,0,0.0,-1.0,0.875,0.5,1
2,1.0,0.0,1.0,0.0,0,0.0,-1.0,0.9099999666213989,0.3,3
2,1.0,1.0,0.0,0.0,0,0.0,1.0,0.0,0.0,0
2,1.0,1.0,0.0,0.0,0,0.0,1.0,0.0,0.0,0
2,1.0,1.0,0.0,0.0,0,0.0,1.0,0.0,0.0,0
2,1.0,0.0,1.0,0.0,0,0.0,-1.0,0.7999999523162842,0.5,0
2,1.0,1.0,0.0,0.0,0,0.0,1.0,0.0,0.0,0
2,1.0,0.0,1.0,0.0,0,0.0,-1.0,0.5999999642372131,1.0,1
2,1.0,0.0,1.0,0.0,0,0.0,-1.0,0.9100000262260437,0.2,3
2,1.0,0.0,1.0,0.0,0,0.0,-1.0,0.925000011920929,0.3,0
2,1.0,0.0,1.0,0.0,0,0.0,-1.0,0.9099999666213989,0.3,2
2,1.0,0.0,1.0,0.0,0,0.0,-1.0,0.7999999523162842,0.5,1
2,1.0,1.0,0.0,0.0,0,0.0,1.0,0.0,0.0,0
2,1.0,0.0,1.0,0.0,0,0.0,-1.0,0.75,1.0,0
2,1.0,0.0,1.0,0.0,0,0.0,-1.0,0.925000011920929,0.3,0
2,1.0,0.0,1.0,0.0,0,0.0,-1.0,0.925000011920929,0.3,1
2,1.0,0.0,1.0,0.0,0,0.0,-1.0,0.7599999904632568,0.8,1
2,1.0,0.0,1.0,0.0,0,0.0,-1.0,0.75,1.0,3
2,1.0,0.0,1.0,0.0,0,0.0,-1.0,0.7599999904632568,0.8,3
2,1.0,1.0,0.0,0.0,0,0.0,1.0,0.0,0.0,0
2,1.0,0.0,1.0,0.0,0,0.0,-1.0,0.925000011920929,0.3,1
2,1.0,0.0,1.0,0.0,0,0.0,-1.0,0.75,1.0,1
2,1.0,1.0,0.0,0.0,0,0.0,1.0,0.0,0.0,0
2,1.0,0.0,1.0,0.0,0,0.0,-1.0,0.800000011920929,0.8,1
2,1.0,1.0,0.0,0.0,0,0.0,1.0,0.0,0.0,0
2,1.0,1.0,0.0,0.0,0,0.0,1.0,0.0,0.0,0
2,1.0,0.0,1.0,0.0,0,0.0,-1.0,0.875,0.5,1
2,1.0,0.0,1.0,0.0,0,0.0,-1.0,0.8500000238418579,0.5,1
2,1.0,1.0,0.0,0.0,0,0.0,1.0,0.0,0.0,0
2,1.0,0.0,1.0,0.0,0,0.0,-1.0,0.875,0.5,1
2,1.0,0.0,1.0,0.0,0,0.0,-1.0,0.925000011920929,0.3,0
2,1.0,0.0,1.0,0.0,0,0.0,-1.0,0.9099999666213989,0.3,1
2,1.0,1.0,0.0,0.0,0,0.0,1.0,0.0,0.0,0
2,1.0,1.0,0.0,0.0,0,0.0,1.0,0.0,0.0,0
2,1.0,0.0,1.0,0.0,0,0.0,-1.0,0.7749999761581421,0.5,0
2,1.0,0.0,1.0,0.0,0,0.0,-1.0,0.9200000166893005,0.2,0
2,1.0,1.0,0.0,0.0,0,0.0,1.0,0.0,0.0,0
2,1.0,1.0,0.0,0.0,0,0.0,1.0,0.0,0.0,0
2,1.0,0.0,1.0,0.0,0,0.0,-1.0,0.925000011920929,0.3,1
2,1.0,1.0,0.0,0.0,0,0.0,1.0,0.0,0.0,0
2,1.0,0.0,1.0,0.0,0,0.0,-1.0,0.800000011920929,0.8,0
2,1.0,0.0,1.0,0.0,0,0.0,-1.0,0.8500000238418579,0.5,0
2,1.0,1.0,0.0,0.0,0,0.0,1.0,0.0,0.0,0
2,1.0,0.0,1.0,0.0,0,0.0,-1.0,0.6399999856948853,0.8,2
2,1.0,0.0,1.0,0.0,0,0.0,-1.0,0.9500000476837158,0.2,0
2,1.0,0.0,1.0,0.0,0,0.0,-1.0,0.875,0.5,2
2,1.0,0.0,1.0,0.0,0,0.0,-1.0,0.925000011920929,0.3,1
2,1.0,0.0,1.0,0.0,0,0.0,-1.0,0.5999999642372131,1.0,1
2,1.0,0.0,1.0,0.0,0,0.0,-1.0,0.7599999904632568,0.8,1
2,1.0,1.0,0.0,0.0,0,0.0,1.0,0.0,0.0,0
2,1.0,0.0,1.0,0.0,0,0.0,-1.0,0.9200000166893005,0.2,1
2,0.98676836,1.0,0.0,0.013231659,0,0.0,0.9583202600479126,0.0,0.0,0
2,1.0,1.0,0.0,0.0,0,0.0,0.9996691942214966,0.0,0.0,0
2,1.0,0.0,1.0,0.0,0,0.0,-1.0,0.9099999666213989,0.3,2
2,1.0,1.0,0.0,0.0,0,0.0,1.0,0.0,0.0,0
2,1.0,1.0,0.0,0.0,0,0.0,1.0,0.0,0.0,0
2,1.0,0.0,1.0,0.0,0,0.0,-1.0,0.925000011920929,0.3,1
2,1.0,1.0,0.0,0.0,0,0.0,1.0,0.0,0.0,0
2,1.0,0.0,1.0,0.0,0,0.0,-1.0,0.800000011920929,0.8,2
2,1.0,0.0,1.0,0.0,0,0.0,-1.0,0.9200000166893005,0.2,1
3,1.0,0.0,1.0,0.0,0,0.0,-1.0,0.925000011920929,0.3,0
3,1.0,0.0,1.0,0.0,0,0.0,-1.0,0.8500000238418579,0.5,0
3,1.0,0.0,1.0,0.0,0,0.0,-1.0,0.800000011920929,0.8,0
3,1.0,0.0,1.0,0.0,0,0.0,-1.0,0.7000000476837158,1.0,1
3,1.0,0.0,1.0,0.0,0,0.0,-1.0,0.550000011920929,1.0,0
3,1.0,0.0,1.0,0.0,0,0.0,-1.0,0.9200000166893005,0.2,0
3,1.0,0.0,1.0,0.0,0,0.0,-1.0,0.8500000238418579,0.5,0
3,1.0,0.0,1.0,0.0,0,0.0,-1.0,0.75,1.0,0
3,1.0,0.0,1.0,0.0,0,0.0,-1.0,0.6800000071525574,0.8,3
3,1.0,0.0,1.0,0.0,0,0.0,-1.0,0.925000011920929,0.3,3
3,1.0,0.0,1.0,0.0,0,0.0,-1.0,0.9100000262260437,0.2,0
3,1.0,0.0,1.0,0.0,0,0.0,-1.0,0.800000011920929,0.8,0
3,1.0,1.0,0.0,0.0,0,0.0,1.0,0.0,0.0,0
3,1.0,0.0,1.0,0.0,0,0.0,-1.0,0.7599999904632568,0.8,0
3,1.0,0.0,1.0,0.0,0,0.0,-1.0,0.8500000238418579,0.5,0
3,1.0,0.0,1.0,0.0,0,0.0,-1.0,0.875,0.5,3
3,1.0,1.0,0.0,0.0,0,0.0,1.0,0.0,0.0,0
3,1.0,1.0,0.0,0.0,0,0.0,1.0,0.0,0.0,0
3,1.0,1.0,0.0,0.0,0,0.0,1.0,0.0,0.0,0
3,1.0,0.0,1.0,0.0,0,0.0,-1.0,0.5999999642372131,1.0,0
3,1.0,0.0,1.0,0.0,0,0.0,-1.0,0.5999999642372131,1.0,0
3,1.0,1.0,0.0,0.0,0,0.0,1.0,0.0,0.0,0
3,1.0,0.0,1.0,0.0,0,0.0,-1.0,0.75,1.0,1
3,1.0,0.0,1.0,0.0,0,0.0,-1.0,0.875,0.5,2
3,1.0,0.0,1.0,0.0,0,0.0,-1.0,0.875,0.5,1
3,1.0,0.0,1.0,0.0,0,0.0,-1.0,0.9099999666213989,0.3,3
3,1.0,0.0,1.0,0.0,0,0.0,-1.0,0.7000000476837158,1.0,3
3,1.0,0.0,1.0,0.0,0,0.0,-1.0,0.875,0.5,3
3,1.0,1.0,0.0,0.0,0,0.0,1.0,0.0,0.0,0
3,1.0,0.0,1.0,0.0,0,0.0,-1.0,0.7000000476837158,1.0,0
3,1.0,1.0,0.0,0.0,0,0.0,1.0,0.0,0.0,0
3,1.0,0.0,1.0,0.0,0,0.0,-1.0,0.6399999856948853,0.8,0
3,1.0,1.0,0.0,0.0,0,0.0,1.0,0.0,0.0,0
3,1.0,1.0,0.0,0.0,0,0.0,1.0,0.0,0.0,0
3,1.0,0.0,1.0,0.0,0,0.0,-1.0,0.75,1.0,0
3,1.0,0.0,1.0,0.0,0,0.0,-1.0,0.9099999666213989,0.3,1
3,0.9868045,1.0,0.0,0.013195515,0,0.0,0.9584341049194336,0.0,0.0,0
3,1.0,0.0,1.0,0.0,0,0.0,-1.000329852104187,0.7000000476837158,1.0,0
3,1.0,0.0,1.0,0.0,0,0.0,-1.0,0.6800000071525574,0.8,2
3,1.0,0.0,1.0,0.0,0,0.0,-1.0,0.7749999761581421,0.5,2
3,1.0,1.0,0.0,0.0,0,0.0,1.0,0.0,0.0,0
3,1.0,0.0,1.0,0.0,0,0.0,-1.0,0.8500000238418579,0.5,0
3,1.0,1.0,0.0,0.0,0,0.0,1.0,0.0,0.0,0
3,1.0,0.0,1.0,0.0,0,0.0,-1.0,0.7000000476837158,1.0,3
3,1.0,0.0,1.0,0.0,0,0.0,-1.0,0.925000011920929,0.3,3
3,1.0,0.0,1.0,0.0,0,0.0,-1.0,0.925000011920929,0.3,3
3,1.0,0.0,1.0,0.0,0,0.0,-1.0,0.800000011920929,0.8,1
3,1.0,0.0,1.0,0.0,0,0.0,-1.0,0.925000011920929,0.3,0
3,1.0,0.0,1.0,0.0,0,0.0,-1.0,0.5999999642372131,1.0,0
3,1.0,0.0,1.0,0.0,0,0.0,-1.0,0.925000011920929,0.3,2
3,1.0,0.0,1.0,0.0,0,0.0,-1.0,0.925000011920929,0.3,0
3,1.0,1.0,0.0,0.0,0,0.0,1.0,0.0,0.0,0
3,1.0,0.0,1.0,0.0,0,0.0,-1.0,0.7599999904632568,0.8,2
3,1.0,0.0,1.0,0.0,0,0.0,-1.0,0.6800000071525574,0.8,1
3,1.0,0.0,1.0,0.0,0,0.0,-1.0,0.925000011920929,0.3,0
3,1.0,0.0,1.0,0.0,0,0.0,-1.0,0.875,0.5,3
3,1.0,0.0,1.0,0.0,0,0.0,-1.0,0.925000011920929,0.3,3
3,1.0,0.0,1.0,0.0,0,0.0,-1.0,0.6800000071525574,0.8,3
3,1.0,0.0,1.0,0.0,0,0.0,-1.0,0.7999999523162842,0.5,3
3,1.0,0.0,1.0,0.0,0,0.0,-1.0,0.9099999666213989,0.3,0
3,1.0,0.0,1.0,0.0,0,0.0,-1.0,0.925000011920929,0.3,1
3,1.0,0.0,1.0,0.0,0,0.0,-1.0,0.925000011920929,0.3,1
3,1.0,0.0,1.0,0.0,0,0.0,-1.0,0.800000011920929,0.8,3
3,1.0,0.0,1.0,0.0,0,0.0,-1.0,0.9099999666213989,0.3,1
3,1.0,0.0,1.0,0.0,0,0.0,-1.0,0.940000057220459,0.2,1
3,1.0,1.0,0.0,0.0,0,0.0,1.0,0.0,0.0,0
3,1.0,0.0,1.0,0.0,0,0.0,-1.0,0.9500000476837158,0.2,2
3,1.0,0.0,1.0,0.0,0,0.0,-1.0,0.875,0.5,2
3,1.0,1.0,0.0,0.0,0,0.0,1.0,0.0,0.0,0
3,1.0,0.0,1.0,0.0,0,0.0,-1.0,0.6800000071525574,0.8,3
3,1.0,1.0,0.0,0.0,0,0.0,1.0,0.0,0.0,0
3,1.0,0.0,1.0,0.0,0,0.0,-1.0,0.7999999523162842,0.5,2
3,1.0,0.0,1.0,0.0,0,0.0,-1.0,0.7999999523162842,0.5,1
3,1.0,0.0,1.0,0.0,0,0.0,-1.0,0.925000011920929,0.3,2
3,1.0,1.0,0.0,0.0,0,0.0,1.0,0.0,0.0,0
3,1.0,0.0,1.0,0.0,0,0.0,-1.0,0.9099999666213989,0.3,2
3,1.0,0.0,1.0,0.0,0,0.0,-1.0,0.940000057220459,0.2,1
3,1.0,0.0,1.0,0.0,0,0.0,-1.0,0.7749999761581421,0.5,1
3,1.0,1.0,0.0,0.0,0,0.0,1.0,0.0,0.0,0
3,1.0,0.0,1.0,0.0,0,0.0,-1.0,0.9200000166893005,0.2,0
3,1.0,0.0,1.0,0.0,0,0.0,-1.0,0.9500000476837158,0.2,0
3,1.0,0.0,1.0,0.0,0,0.0,-1.0,0.8500000238418579,0.5,1
3,1.0,1.0,0.0,0.0,0,0.0,1.0,0.0,0.0,0
3,1.0,0.0,1.0,0.0,0,0.0,-1.0,0.875,0.5,1
3,1.0,1.0,0.0,0.0,0,0.0,1.0,0.0,0.0,0
3,1.0,0.0,1.0,0.0,0,0.0,-1.0,0.75,1.0,1
3,1.0,0.0,1.0,0.0,0,0.0,-1.0,0.9500000476837158,0.2,2
3,1.0,0.0,1.0,0.0,0,0.0,-1.0,0.9100000262260437,0.2,3
3,1.0,0.0,1.0,0.0,0,0.0,-1.0,0.940000057220459,0.2,0
3,1.0,0.0,1.0,0.0,0,0.0,-1.0,0.7599999904632568,0.8,3
3,1.0,0.0,1.0,0.0,0,0.0,-1.0,0.925000011920929,0.3,3
3,1.0,0.0,1.0,0.0,0,0.0,-1.0,0.5999999642372131,1.0,3
3,1.0,0.0,1.0,0.0,0,0.0,-1.0,0.8500000238418579,0.5,1
3,1.0,1.0,0.0,0.0,0,0.0,1.0,0.0,0.0,0
3,1.0,0.0,1.0,0.0,0,0.0,-1.0,0.800000011920929,0.8,0
3,1.0,0.0,1.0,0.0,0,0.0,-1.0,0.9500000476837158,0.2,0
3,1.0,1.0,0.0,0.0,0,0.0,1.0,0.0,0.0,0
3,1.0,1.0,0.0,0.0,0,0.0,1.0,0.0,0.0,0
3,1.0,1.0,0.0,0.0,0,0.0,1.0,0.0,0.0,0
3,1.0,1.0,0.0,0.0,0,0.0,1.0,0.0,0.0,0
3,1.0,0.0,1.0,0.0,0,0.0,-1.0,0.7000000476837158,1.0,2
3,1.0,0.0,1.0,0.0,0,0.0,-1.0,0.9500000476837158,0.2,2
3,1.0,0.0,1.0,0.0,0,0.0,-1.0,0.8500000238418579,0.5,2
3,1.0,0.0,1.0,0.0,0,0.0,-1.0,0.5999999642372131,1.0,3
3,1.0,0.0,1.0,0.0,0,0.0,-1.0,0.925000011920929,0.3,0
3,1.0,1.0,0.0,0.0,0,0.0,1.0,0.0,0.0,0
3,1.0,0.0,1.0,0.0,0,0.0,-1.0,0.925000011920929,0.3,2
3,1.0,1.0,0.0,0.0,0,0.0,1.0,0.0,0.0,0
3,1.0,0.0,1.0,0.0,0,0.0,-1.0,0.875,0.5,2
3,1.0,0.0,1.0,0.0,0,0.0,-1.0,0.6399999856948853,0.8,2
3,1.0,0.0,1.0,0.0,0,0.0,-1.0,0.925000011920929,0.3,0
3,1.0,0.0,1.0,0.0,0,0.0,-1.0,0.6800000071525574,0.8,2
3,1.0,0.0,1.0,0.0,0,0.0,-1.0,0.9500000476837158,0.2,2
3,1.0,1.0,0.0,0.0,0,0.0,1.0,0.0,0.0,0
3,1.0,1.0,0.0,0.0,0,0.0,1.0,0.0,0.0,0
3,1.0,1.0,0.0,0.0,0,0.0,1.0,0.0,0.0,0
3,1.0,0.0,1.0,0.0,0,0.0,-1.0,0.9099999666213989,0.3,3
3,1.0,0.0,1.0,0.0,0,0.0,-1.0,0.9500000476837158,0.2,1
3,1.0,0.0,1.0,0.0,0,0.0,-1.0,0.800000011920929,0.8,0
3,1.0,0.0,1.0,0.0,0,0.0,-1.0,0.5999999642372131,1.0,1
3,1.0,0.0,1.0,0.0,0,0.0,-1.0,0.7599999904632568,0.8,2
3,1.0,1.0,0.0,0.0,0,0.0,1.0,0.0,0.0,0
3,1.0,0.0,1.0,0.0,0,0.0,-1.0,0.800000011920929,0.8,1
3,1.0,0.0,1.0,0.0,0,0.0,-1.0,0.9500000476837158,0.2,3
3,1.0,0.0,1.0,0.0,0,0.0,-1.0,0.800000011920929,0.8,2
3,1.0,0.0,1.0,0.0,0,0.0,-1.0,0.940000057220459,0.2,0
3,1.0,0.0,1.0,0.0,0,0.0,-1.0,0.940000057220459,0.2,1
3,1.0,0.0,1.0,0.0,0,0.0,-1.0,0.9500000476837158,0.2,1
3,1.0,0.0,1.0,0.0,0,0.0,-1.0,0.9500000476837158,0.2,0
3,1.0,0.0,1.0,0.0,0,0.0,-1.0,0.9099999666213989,0.3,3
3,1.0,0.0,1.0,0.0,0,0.0,-1.0,0.9100000262260437,0.2,2
3,1.0,0.0,1.0,0.0,0,0.0,-1.0,0.925000011920929,0.3,3
3,1.0,1.0,0.0,0.0,0,0.0,1.0,0.0,0.0,0
3,1.0,0.0,1.0,0.0,0,0.0,-1.0,0.9099999666213989,0.3,1
3,1.0,0.0,1.0,0.0,0,0.0,-1.0,0.7749999761581421,0.5,2
3,1.0,1.0,0.0,0.0,0,0.0,1.0,0.0,0.0,0
3,1.0,0.0,1.0,0.0,0,0.0,-1.0,0.7749999761581421,0.5,3
3,1.0,1.0,0.0,0.0,0,0.0,1.0,0.0,0.0,0
3,1.0,0.0,1.0,0.0,0,0.0,-1.0,0.9500000476837158,0.2,2
3,1.0,1.0,0.0,0.0,0,0.0,1.0,0.0,0.0,0
3,1.0,1.0,0.0,0.0,0,0.0,1.0,0.0,0.0,0
3,1.0,0.0,1.0,0.0,0,0.0,-1.0,0.75,1.0,0
3,1.0,0.0,1.0,0.0,0,0.0,-1.0,0.940000057220459,0.2,1
3,1.0,0.0,1.0,0.0,0,0.0,-1.0,0.9500000476837158,0.2,2
3,1.0,1.0,0.0,0.0,0,0.0,1.0,0.0,0.0,0
3,1.0,0.0,1.0,0.0,0,0.0,-1.0,0.9500000476837158,0.2,2
3,1.0,0.0,1.0,0.0,0,0.0,-1.0,0.800000011920929,0.8,1
3,1.0,0.0,1.0,0.0,0,0.0,-1.0,0.7599999904632568,0.8,2
3,1.0,0.0,1.0,0.0,0,0.0,-1.0,0.800000011920929,0.8,0
3,1.0,0.0,1.0,0.0,0,0.0,-1.0,0.9500000476837158,0.2,2
3,1.0,1.0,0.0,0.0,0,0.0,1.0,0.0,0.0,0
3,1.0,0.0,1.0,0.0,0,0.0,-1.0,0.875,0.5,2
3,1.0,0.0,1.0,0.0,0,0.0,-1.0,0.9100000262260437,0.2,2
3,1.0,0.0,1.0,0.0,0,0.0,-1.0,0.6800000071525574,0.8,2
3,1.0,0.0,1.0,0.0,0,0.0,-1.0,0.9200000166893005,0.2,1
3,1.0,1.0,0.0,0.0,0,0.0,1.0,0.0,0.0,0
3,1.0,0.0,1.0,0.0,0,0.0,-1.0,0.940000057220459,0.2,2
3,1.0,0.0,1.0,0.0,0,0.0,-1.0,0.75,1.0,3
3,1.0,0.0,1.0,0.0,0,0.0,-1.0,0.5999999642372131,1.0,2
3,1.0,0.0,1.0,0.0,0,0.0,-1.0,0.9099999666213989,0.3,2
3,1.0,0.0,1.0,0.0,0,0.0,-1.0,0.940000057220459,0.2,3
3,1.0,0.0,1.0,0.0,0,0.0,-1.0,0.940000057220459,0.2,1
3,1.0,0.0,1.0,0.0,0,0.0,-1.0,0.550000011920929,1.0,3
3,1.0,0.0,1.0,0.0,0,0.0,-1.0,0.875,0.5,0
3,1.0,0.0,1.0,0.0,0,0.0,-1.0,0.5999999642372131,1.0,1
3,1.0,1.0,0.0,0.0,0,0.0,1.0,0.0,0.0,0
3,1.0,0.0,1.0,0.0,0,0.0,-1.0,0.9200000166893005,0.2,1
3,1.0,0.0,1.0,0.0,0,0.0,-1.0,0.925000011920929,0.3,3
3,1.0,0.0,1.0,0.0,0,0.0,-1.0,0.925000011920929,0.3,1
3,1.0,0.0,1.0,0.0,0,0.0,-1.0,0.875,0.5,1
3,1.0,0.0,1.0,0.0,0,0.0,-1.0,0.9099999666213989,0.3,3
3,1.0,1.0,0.0,0.0,0,0.0,1.0,0.0,0.0,0
3,1.0,0.0,1.0,0.0,0,0.0,-1.0,0.9099999666213989,0.3,3
3,1.0,0.0,1.0,0.0,0,0.0,-1.0,0.9099999666213989,0.3,1
3,1.0,0.0,1.0,0.0,0,0.0,-1.0,0.6800000071525574,0.8,3
3,1.0,1.0,0.0,0.0,0,0.0,1.0,0.0,0.0,0
3,1.0,0.0,1.0,0.0,0,0.0,-1.0,0.9099999666213989,0.3,1
3,1.0,0.0,1.0,0.0,0,0.0,-1.0,0.75,1.0,1
3,1.0,0.0,1.0,0.0,0,0.0,-1.0,0.875,0.5,0
3,1.0,0.0,1.0,0.0,0,0.0,-1.0,0.925000011920929,0.3,0
3,1.0,0.0,1.0,0.0,0,0.0,-1.0,0.550000011920929,1.0,3
3,1.0,0.0,1.0,0.0,0,0.0,-1.0,0.940000057220459,0.2,3
3,1.0,0.0,1.0,0.0,0,0.0,-1.0,0.7000000476837158,1.0,2
3,1.0,0.0,1.0,0.0,0,0.0,-1.0,0.75,1.0,2
3,1.0,0.0,1.0,0.0,0,0.0,-1.0,0.9100000262260437,0.2,3
3,1.0,0.0,1.0,0.0,0,0.0,-1.0,0.6399999856948853,0.8,2
3,1.0,0.0,1.0,0.0,0,0.0,-1.0,0.940000057220459,0.2,0
3,1.0,0.0,1.0,0.0,0,0.0,-1.0,0.875,0.5,2
3,1.0,0.0,1.0,0.0,0,0.0,-1.0,0.75,1.0,2
3,1.0,0.0,1.0,0.0,0,0.0,-1.0,0.800000011920929,0.8,2
3,1.0,1.0,0.0,0.0,0,0.0,1.0,0.0,0.0,0
3,1.0,1.0,0.0,0.0,0,0.0,1.0,0.0,0.0,0
3,1.0,0.0,1.0,0.0,0,0.0,-1.0,0.9500000476837158,0.2,3
3,1.0,1.0,0.0,0.0,0,0.0,1.0,0.0,0.0,0
3,1.0,0.0,1.0,0.0,0,0.0,-1.0,0.7000000476837158,1.0,3
3,1.0,0.0,1.0,0.0,0,0.0,-1.0,0.925000011920929,0.3,3
3,1.0,1.0,0.0,0.0,0,0.0,1.0,0.0,0.0,0
3,1.0,0.0,1.0,0.0,0,0.0,-1.0,0.5999999642372131,1.0,0
3,1.0,0.0,1.0,0.0,0,0.0,-1.0,0.7749999761581421,0.5,3
3,1.0,1.0,0.0,0.0,0,0.0,1.0,0.0,0.0,0
3,1.0,0.0,1.0,0.0,0,0.0,-1.0,0.75,1.0,0
3,1.0,0.0,1.0,0.0,0,0.0,-1.0,0.7599999904632568,0.8,2
3,1.0,0.0,1.0,0.0,0,0.0,-1.0,0.875,0.5,1
3,1.0,0.0,1.0,0.0,0,0.0,-1.0,0.925000011920929,0.3,1
3,1.0,0.0,1.0,0.0,0,0.0,-1.0,0.925000011920929,0.3,1
3,1.0,0.0,1.0,0.0,0,0.0,-1.0,0.5999999642372131,1.0,2
3,1.0,0.0,1.0,0.0,0,0.0,-1.0,0.9500000476837158,0.2,2
3,1.0,0.0,1.0,0.0,0,0.0,-1.0,0.75,1.0,1
3,1.0,0.0,1.0,0.0,0,0.0,-1.0,0.925000011920929,0.3,0
3,1.0,0.0,1.0,0.0,0,0.0,-1.0,0.9500000476837158,0.2,0
3,1.0,1.0,0.0,0.0,0,0.0,1.0,0.0,0.0,0
3,1.0,1.0,0.0,0.0,0,0.0,1.0,0.0,0.0,0
3,1.0,0.0,1.0,0.0,0,0.0,-1.0,0.75,1.0,0
3,1.0,0.0,1.0,0.0,0,0.0,-1.0,0.800000011920929,0.8,0
3,1.0,0.0,1.0,0.0,0,0.0,-1.0,0.6800000071525574,0.8,2
3,1.0,1.0,0.0,0.0,0,0.0,1.0,0.0,0.0,0
3,1.0,0.0,1.0,0.0,0,0.0,-1.0,0.925000011920929,0.3,1
3,1.0,0.0,1.0,0.0,0,0.0,-1.0,0.6800000071525574,0.8,0
3,1.0,0.0,1.0,0.0,0,0.0,-1.0,0.9200000166893005,0.2,0
3,1.0,1.0,0.0,0.0,0,0.0,1.0,0.0,0.0,0
3,1.0,1.0,0.0,0.0,0,0.0,1.0,0.0,0.0,0
3,1.0,0.0,1.0,0.0,0,0.0,-1.0,0.925000011920929,0.3,3
3,0.8393871,1.0,0.0,0.16061287,1,0.0,-4.5059309005737305,0.0,0.0,0
3,0.9226571,0.34804317355155945,0.6519567966461182,0.07734293,1,0.0,-5.555426597595215,0.4519568085670471,0.8,0
3,1.0,0.0,1.0,0.0,0,0.0,-1.0038671493530273,0.9500000476837158,0.2,2
3,1.0,1.0,0.0,0.0,0,0.0,1.0,0.0,0.0,0
3,1.0,1.0,0.0,0.0,0,0.0,1.0,0.0,0.0,0
3,1.0,0.0,1.0,0.0,0,0.0,-1.0,0.9500000476837158,0.2,2
3,1.0,0.0,1.0,0.0,0,0.0,-1.0,0.7000000476837158,1.0,1
3,1.0,1.0,0.0,0.0,0,0.0,1.0,0.0,0.0,0
3,1.0,1.0,0.0,0.0,0,0.0,1.0,0.0,0.0,0
3,1.0,1.0,0.0,0.0,0,0.0,1.0,0.0,0.0,0
3,1.0,0.0,1.0,0.0,0,0.0,-1.0,0.75,1.0,2
3,1.0,1.0,0.0,0.0,0,0.0,1.0,0.0,0.0,0
3,1.0,0.0,1.0,0.0,0,0.0,-1.0,0.875,0.5,0
3,1.0,0.0,1.0,0.0,0,0.0,-1.0,0.6800000071525574,0.8,1
3,1.0,0.0,1.0,0.0,0,0.0,-1.0,0.5999999642372131,1.0,2
3,1.0,0.0,1.0,0.0,0,0.0,-1.0,0.9500000476837158,0.2,0
3,1.0,0.0,1.0,0.0,0,0.0,-1.0,0.6399999856948853,0.8,2
3,1.0,1.0,0.0,0.0,0,0.0,1.0,0.0,0.0,0
3,0.99855536,0.006500869989395142,0.9934991598129272,0.0014446378,0,0.0,-0.9917656183242798,0.8684991598129272,0.5,0
3,1.0,0.0,1.0,0.0,0,0.0,-1.0000722408294678,0.925000011920929,0.3,3
3,1.0,1.0,0.0,0.0,0,0.0,1.0,0.0,0.0,0
3,1.0,0.0,1.0,0.0,0,0.0,-1.0,0.9500000476837158,0.2,1
3,1.0,0.0,1.0,0.0,0,0.0,-1.0,0.925000011920929,0.3,1
3,1.0,0.0,1.0,0.0,0,0.0,-1.0,0.940000057220459,0.2,0
3,1.0,0.0,1.0,0.0,0,0.0,-1.0,0.9500000476837158,0.2,1
3,1.0,0.0,1.0,0.0,0,0.0,-1.0,0.9099999666213989,0.3,1
3,1.0,0.0,1.0,0.0,0,0.0,-1.0,0.9099999666213989,0.3,1
3,1.0,0.0,1.0,0.0,0,0.0,-1.0,0.940000057220459,0.2,1
3,1.0,0.0,1.0,0.0,0,0.0,-1.0,0.7999999523162842,0.5,1
3,1.0,1.0,0.0,0.0,0,0.0,1.0,0.0,0.0,0
3,1.0,0.0,1.0,0.0,0,0.0,-1.0,0.7000000476837158,1.0,2
3,1.0,0.0,1.0,0.0,0,0.0,-1.0,0.9100000262260437,0.2,1
3,1.0,0.0,1.0,0.0,0,0.0,-1.0,0.7599999904632568,0.8,1
3,1.0,1.0,0.0,0.0,0,0.0,1.0,0.0,0.0,0
3,1.0,1.0,0.0,0.0,0,0.0,1.0,0.0,0.0,0
3,1.0,0.0,1.0,0.0,0,0.0,-1.0,0.6399999856948853,0.8,2
3,1.0,1.0,0.0,0.0,0,0.0,1.0,0.0,0.0,0
3,1.0,0.0,1.0,0.0,0,0.0,-1.0,0.940000057220459,0.2,1
3,1.0,1.0,0.0,0.0,0,0.0,1.0,0.0,0.0,0
3,1.0,0.0,1.0,0.0,0,0.0,-1.0,0.9500000476837158,0.2,0
3,1.0,0.0,1.0,0.0,0,0.0,-1.0,0.925000011920929,0.3,2
3,1.0,0.0,1.0,0.0,0,0.0,-1.0,0.925000011920929,0.3,0
3,1.0,1.0,0.0,0.0,0,0.0,1.0,0.0,0.0,0
3,1.0,0.0,1.0,0.0,0,0.0,-1.0,0.9200000166893005,0.2,1
3,1.0,1.0,0.0,0.0,0,0.0,1.0,0.0,0.0,0
3,1.0,0.0,1.0,0.0,0,0.0,-1.0,0.875,0.5,2
3,1.0,0.0,1.0,0.0,0,0.0,-1.0,0.925000011920929,0.3,2
3,1.0,0.0,1.0,0.0,0,0.0,-1.0,0.75,1.0,1
3,1.0,1.0,0.0,0.0,0,0.0,1.0,0.0,0.0,0
3,1.0,0.0,1.0,0.0,0,0.0,-1.0,0.9500000476837158,0.2,2
3,1.0,1.0,0.0,0.0,0,0.0,1.0,0.0,0.0,0
3,1.0,1.0,0.0,0.0,0,0.0,1.0,0.0,0.0,0
3,1.0,0.0,1.0,0.0,0,0.0,-1.0,0.9200000166893005,0.2,2
3,1.0,1.0,0.0,0.0,0,0.0,1.0,0.0,0.0,0
3,1.0,0.0,1.0,0.0,0,0.0,-1.0,0.940000057220459,0.2,1
3,1.0,0.0,1.0,0.0,0,0.0,-1.0,0.5999999642372131,1.0,0
3,1.0,1.0,0.0,0.0,0,0.0,1.0,0.0,0.0,0
3,1.0,0.0,1.0,0.0,0,0.0,-1.0,0.925000011920929,0.3,0
3,1.0,0.0,1.0,0.0,0,0.0,-1.0,0.925000011920929,0.3,1
3,1.0,1.0,0.0,0.0,0,0.0,1.0,0.0,0.0,0
3,1.0,0.0,1.0,0.0,0,0.0,-1.0,0.5999999642372131,1.0,2
3,1.0,0.0,1.0,0.0,0,0.0,-1.0,0.75,1.0,3
3,1.0,0.0,1.0,0.0,0,0.0,-1.0,0.7000000476837158,1.0,3
3,1.0,0.0,1.0,0.0,0,0.0,-1.0,0.9500000476837158,0.2,1
3,1.0,1.0,0.0,0.0,0,0.0,1.0,0.0,0.0,0
3,1.0,0.0,1.0,0.0,0,0.0,-1.0,0.6399999856948853,0.8,1
3,1.0,0.0,1.0,0.0,0,0.0,-1.0,0.800000011920929,0.8,2
3,1.0,0.0,1.0,0.0,0,0.0,-1.0,0.875,0.5,1
3,1.0,0.0,1.0,0.0,0,0.0,-1.0,0.7999999523162842,0.5,1
3,1.0,0.0,1.0,0.0,0,0.0,-1.0,0.925000011920929,0.3,1
3,1.0,1.0,0.0,0.0,0,0.0,1.0,0.0,0.0,0
3,1.0,0.0,1.0,0.0,0,0.0,-1.0,0.5999999642372131,1.0,1
3,1.0,0.0,1.0,0.0,0,0.0,-1.0,0.7000000476837158,1.0,2
3,1.0,0.0,1.0,0.0,0,0.0,-1.0,0.6399999856948853,0.8,1
3,1.0,0.0,1.0,0.0,0,0.0,-1.0,0.800000011920929,0.8,3
3,1.0,1.0,0.0,0.0,0,0.0,1.0,0.0,0.0,0
3,1.0,0.0,1.0,0.0,0,0.0,-1.0,0.5999999642372131,1.0,2
3,1.0,0.0,1.0,0.0,0,0.0,-1.0,0.75,1.0,0
3,1.0,0.0,1.0,0.0,0,0.0,-1.0,0.925000011920929,0.3,2
3,1.0,0.0,1.0,0.0,0,0.0,-1.0,0.7749999761581421,0.5,1
3,1.0,0.0,1.0,0.0,0,0.0,-1.0,0.75,1.0,3
3,1.0,0.0,1.0,0.0,0,0.0,-1.0,0.875,0.5,0
3,1.0,0.0,1.0,0.0,0,0.0,-1.0,0.7000000476837158,1.0,0
3,1.0,0.0,1.0,0.0,0,0.0,-1.0,0.875,0.5,2
3,1.0,0.0,1.0,0.0,0,0.0,-1.0,0.8500000238418579,0.5,1
3,1.0,1.0,0.0,0.0,0,0.0,1.0,0.0,0.0,0
3,1.0,0.0,1.0,0.0,0,0.0,-1.0,0.800000011920929,0.8,2
3,1.0,0.0,1.0,0.0,0,0.0,-1.0,0.925000011920929,0.3,2
3,1.0,1.0,0.0,0.0,0,0.0,1.0,0.0,0.0,0
3,1.0,0.0,1.0,0.0,0,0.0,-1.0,0.800000011920929,0.8,0
3,1.0,0.0,1.0,0.0,0,0.0,-1.0,0.7000000476837158,1.0,1
3,1.0,0.0,1.0,0.0,0,0.0,-1.0,0.9099999666213989,0.3,0
3,1.0,1.0,0.0,0.0,0,0.0,1.0,0.0,0.0,0
3,1.0,1.0,0.0,0.0,0,0.0,1.0,0.0,0.0,0
3,0.9021498,1.0,0.0,0.0978502,1,0.0,-4.308228015899658,0.0,0.0,0
3,1.0,0.0,1.0,0.0,0,0.0,-1.0024462938308716,0.6399999856948853,0.8,2
3,1.0,0.0,1.0,0.0,0,0.0,-1.0,0.875,0.5,2
3,1.0,0.0,1.0,0.0,0,0.0,-1.0,0.6800000071525574,0.8,1
3,1.0,0.0,1.0,0.0,0,0.0,-1.0,0.925000011920929,0.3,3
3,1.0,0.0,1.0,0.0,0,0.0,-1.0,0.7999999523162842,0.5,0
3,1.0,0.0,1.0,0.0,0,0.0,-1.0,0.925000011920929,0.3,2
3,1.0,0.0,1.0,0.0,0,0.0,-1.0,0.9500000476837158,0.2,1
3,1.0,0.0,1.0,0.0,0,0.0,-1.0,0.9099999666213989,0.3,2
3,1.0,0.0,1.0,0.0,0,0.0,-1.0,0.9500000476837158,0.2,2
3,1.0,0.0,1.0,0.0,0,0.0,-1.0,0.925000011920929,0.3,0
3,1.0,1.0,0.0,0.0,0,0.0,1.0,0.0,0.0,0
3,1.0,0.0,1.0,0.0,0,0.0,-1.0,0.7000000476837158,1.0,3
3,1.0,1.0,0.0,0.0,0,0.0,1.0,0.0,0.0,0
3,1.0,1.0,0.0,0.0,0,0.0,1.0,0.0,0.0,0
3,1.0,1.0,0.0,0.0,0,0.0,1.0,0.0,0.0,0
3,1.0,0.0,1.0,0.0,0,0.0,-1.0,0.940000057220459,0.2,2
3,1.0,1.0,0.0,0.0,0,0.0,1.0,0.0,0.0,0
3,1.0,0.0,1.0,0.0,0,0.0,-1.0,0.9500000476837158,0.2,0
3,1.0,0.0,1.0,0.0,0,0.0,-1.0,0.9500000476837158,0.2,2
3,1.0,0.0,1.0,0.0,0,0.0,-1.0,0.925000011920929,0.3,0
3,1.0,0.0,1.0,0.0,0,0.0,-1.0,0.800000011920929,0.8,2
3,1.0,0.0,1.0,0.0,0,0.0,-1.0,0.8500000238418579,0.5,2
3,1.0,1.0,0.0,0.0,0,0.0,1.0,0.0,0.0,0
3,1.0,0.0,1.0,0.0,0,0.0,-1.0,0.9500000476837158,0.2,3
3,1.0,0.0,1.0,0.0,0,0.0,-1.0,0.550000011920929,1.0,1
3,1.0,0.0,1.0,0.0,0,0.0,-1.0,0.925000011920929,0.3,2
3,1.0,0.0,1.0,0.0,0,0.0,-1.0,0.9500000476837158,0.2,2
3,1.0,1.0,0.0,0.0,0,0.0,1.0,0.0,0.0,0
3,1.0,0.0,1.0,0.0,0,0.0,-1.0,0.7000000476837158,1.0,2
3,1.0,0.0,1.0,0.0,0,0.0,-1.0,0.940000057220459,0.2,1
3,1.0,0.0,1.0,0.0,0,0.0,-1.0,0.9500000476837158,0.2,0
3,0.9672057,0.1475742757320404,0.8524256944656372,0.032794286,0,0.0,-0.8130725622177124,0.7024257183074951,0.5,0
3,1.0,0.0,1.0,0.0,0,0.0,-1.001639723777771,0.7599999904632568,0.8,1
3,1.0,0.0,1.0,0.0,0,0.0,-1.0,0.925000011920929,0.3,3
3,1.0,0.0,1.0,0.0,0,0.0,-1.0,0.925000011920929,0.3,3
3,1.0,0.0,1.0,0.0,0,0.0,-1.0,0.925000011920929,0.3,0
3,1.0,0.0,1.0,0.0,0,0.0,-1.0,0.9099999666213989,0.3,1
3,1.0,1.0,0.0,0.0,0,0.0,1.0,0.0,0.0,0
3,1.0,0.0,1.0,0.0,0,0.0,-1.0,0.9500000476837158,0.2,3
3,1.0,0.0,1.0,0.0,0,0.0,-1.0,0.875,0.5,0
3,1.0,1.0,0.0,0.0,0,0.0,1.0,0.0,0.0,0
3,1.0,0.0,1.0,0.0,0,0.0,-1.0,0.8500000238418579,0.5,0
3,1.0,1.0,0.0,0.0,0,0.0,1.0,0.0,0.0,0
3,1.0,0.0,1.0,0.0,0,0.0,-1.0,0.9500000476837158,0.2,3
3,1.0,0.0,1.0,0.0,0,0.0,-1.0,0.940000057220459,0.2,3
3,1.0,0.0,1.0,0.0,0,0.0,-1.0,0.7999999523162842,0.5,3
3,1.0,0.0,1.0,0.0,0,0.0,-1.0,0.875,0.5,3
3,1.0,0.0,1.0,0.0,0,0.0,-1.0,0.5999999642372131,1.0,3
3,1.0,0.0,1.0,0.0,0,0.0,-1.0,0.9099999666213989,0.3,1
3,1.0,1.0,0.0,0.0,0,0.0,1.0,0.0,0.0,0
3,1.0,0.0,1.0,0.0,0,0.0,-1.0,0.9100000262260437,0.2,0
3,1.0,0.0,1.0,0.0,0,0.0,-1.0,0.9099999666213989,0.3,2
3,1.0,0.0,1.0,0.0,0,0.0,-1.0,0.75,1.0,1
3,1.0,0.0,1.0,0.0,0,0.0,-1.0,0.9500000476837158,0.2,3
3,1.0,0.0,1.0,0.0,0,0.0,-1.0,0.7999999523162842,0.5,1
3,1.0,1.0,0.0,0.0,0,0.0,1.0,0.0,0.0,0
3,1.0,0.0,1.0,0.0,0,0.0,-1.0,0.7749999761581421,0.5,0
3,1.0,0.0,1.0,0.0,0,0.0,-1.0,0.925000011920929,0.3,3
3,1.0,0.0,1.0,0.0,0,0.0,-1.0,0.925000011920929,0.3,3
3,1.0,1.0,0.0,0.0,0,0.0,1.0,0.0,0.0,0
3,1.0,0.0,1.0,0.0,0,0.0,-1.0,0.7999999523162842,0.5,1
3,1.0,0.0,1.0,0.0,0,0.0,-1.0,0.9099999666213989,0.3,0
3,1.0,1.0,0.0,0.0,0,0.0,1.0,0.0,0.0,0
3,1.0,1.0,0.0,0.0,0,0.0,1.0,0.0,0.0,0
3,1.0,1.0,0.0,0.0,0,0.0,1.0,0.0,0.0,0
3,1.0,0.0,1.0,0.0,0,0.0,-1.0,0.7000000476837158,1.0,1
3,1.0,0.0,1.0,0.0,0,0.0,-1.0,0.7999999523162842,0.5,3
3,1.0,1.0,0.0,0.0,0,0.0,1.0,0.0,0.0,0
3,1.0,0.0,1.0,0.0,0,0.0,-1.0,0.925000011920929,0.3,2
3,1.0,0.0,1.0,0.0,0,0.0,-1.0,0.925000011920929,0.3,3
3,1.0,0.0,1.0,0.0,0,0.0,-1.0,0.925000011920929,0.3,1
3,1.0,0.0,1.0,0.0,0,0.0,-1.0,0.550000011920929,1.0,3
3,1.0,0.0,1.0,0.0,0,0.0,-1.0,0.7999999523162842,0.5,3
3,1.0,0.0,1.0,0.0,0,0.0,-1.0,0.5999999642372131,1.0,2
3,1.0,0.0,1.0,0.0,0,0.0,-1.0,0.5999999642372131,1.0,3
3,1.0,1.0,0.0,0.0,0,0.0,1.0,0.0,0.0,0
3,1.0,0.0,1.0,0.0,0,0.0,-1.0,0.9500000476837158,0.2,3
3,1.0,0.0,1.0,0.0,0,0.0,-1.0,0.9200000166893005,0.2,3
3,1.0,0.0,1.0,0.0,0,0.0,-1.0,0.7999999523162842,0.5,3
3,1.0,0.0,1.0,0.0,0,0.0,-1.0,0.9500000476837158,0.2,0
3,1.0,0.0,1.0,0.0,0,0.0,-1.0,0.9500000476837158,0.2,3
3,1.0,1.0,0.0,0.0,0,0.0,1.0,0.0,0.0,0
3,1.0,1.0,0.0,0.0,0,0.0,1.0,0.0,0.0,0
3,1.0,0.0,1.0,0.0,0,0.0,-1.0,0.5999999642372131,1.0,2
3,1.0,0.0,1.0,0.0,0,0.0,-1.0,0.9500000476837158,0.2,3
3,1.0,0.0,1.0,0.0,0,0.0,-1.0,0.800000011920929,0.8,2
3,1.0,0.0,1.0,0.0,0,0.0,-1.0,0.800000011920929,0.8,3
3,1.0,0.0,1.0,0.0,0,0.0,-1.0,0.9099999666213989,0.3,0
3,1.0,0.0,1.0,0.0,0,0.0,-1.0,0.8500000238418579,0.5,2
3,1.0,0.0,1.0,0.0,0,0.0,-1.0,0.940000057220459,0.2,3
3,1.0,0.0,1.0,0.0,0,0.0,-1.0,0.5999999642372131,1.0,0
3,1.0,0.0,1.0,0.0,0,0.0,-1.0,0.875,0.5,2
3,1.0,0.0,1.0,0.0,0,0.0,-1.0,0.6800000071525574,0.8,0
3,1.0,0.0,1.0,0.0,0,0.0,-1.0,0.9099999666213989,0.3,3
3,1.0,1.0,0.0,0.0,0,0.0,1.0,0.0,0.0,0
3,1.0,0.0,1.0,0.0,0,0.0,-1.0,0.925000011920929,0.3,2
3,1.0,0.0,1.0,0.0,0,0.0,-1.0,0.9100000262260437,0.2,2
3,1.0,1.0,0.0,0.0,0,0.0,1.0,0.0,0.0,0
3,1.0,1.0,0.0,0.0,0,0.0,1.0,0.0,0.0,0
3,1.0,1.0,0.0,0.0,0,0.0,1.0,0.0,0.0,0
3,1.0,1.0,0.0,0.0,0,0.0,1.0,0.0,0.0,0
3,1.0,1.0,0.0,0.0,0,0.0,1.0,0.0,0.0,0
3,1.0,1.0,0.0,0.0,0,0.0,1.0,0.0,0.0,0
3,1.0,0.0,1.0,0.0,0,0.0,-1.0,0.7000000476837158,1.0,0
3,1.0,0.0,1.0,0.0,0,0.0,-1.0,0.9099999666213989,0.3,3
3,1.0,0.0,1.0,0.0,0,0.0,-1.0,0.7999999523162842,0.5,0
3,1.0,1.0,0.0,0.0,0,0.0,1.0,0.0,0.0,0
3,1.0,0.0,1.0,0.0,0,0.0,-1.0,0.925000011920929,0.3,0
3,1.0,0.0,1.0,0.0,0,0.0,-1.0,0.875,0.5,3
3,1.0,0.0,1.0,0.0,0,0.0,-1.0,0.75,1.0,0
3,1.0,0.0,1.0,0.0,0,0.0,-1.0,0.875,0.5,2
3,1.0,0.0,1.0,0.0,0,0.0,-1.0,0.550000011920929,1.0,0
3,1.0,0.0,1.0,0.0,0,0.0,-1.0,0.9500000476837158,0.2,1
3,1.0,1.0,0.0,0.0,0,0.0,1.0,0.0,0.0,0
3,1.0,0.0,1.0,0.0,0,0.0,-1.0,0.925000011920929,0.3,0
3,1.0,0.0,1.0,0.0,0,0.0,-1.0,0.925000011920929,0.3,0
3,1.0,1.0,0.0,0.0,0,0.0,1.0,0.0,0.0,0
3,1.0,0.0,1.0,0.0,0,0.0,-1.0,0.9099999666213989,0.3,0
3,1.0,1.0,0.0,0.0,0,0.0,1.0,0.0,0.0,0
3,1.0,1.0,0.0,0.0,0,0.0,1.0,0.0,0.0,0
3,1.0,0.0,1.0,0.0,0,0.0,-1.0,0.9099999666213989,0.3,2
3,1.0,1.0,0.0,0.0,0,0.0,1.0,0.0,0.0,0
3,1.0,0.0,1.0,0.0,0,0.0,-1.0,0.6399999856948853,0.8,0
3,1.0,1.0,0.0,0.0,0,0.0,1.0,0.0,0.0,0
3,0.8887764,1.0,0.0,0.1112236,1,0.0,-4.3503546714782715,0.0,0.0,0
3,1.0,0.0,1.0,0.0,0,0.0,-1.002780556678772,0.875,0.5,2
3,1.0,0.0,1.0,0.0,0,0.0,-1.0,0.800000011920929,0.8,2
3,0.990732,0.041705988347530365,0.9582940340042114,0.009267998,0,0.0,-0.9471724629402161,0.9082940816879272,0.2,2
3,1.0,0.0,1.0,0.0,0,0.0,-1.0004633665084839,0.9500000476837158,0.2,1
3,1.0,1.0,0.0,0.0,0,0.0,1.0,0.0,0.0,0
3,1.0,0.0,1.0,0.0,0,0.0,-1.0,0.75,1.0,0
3,1.0,1.0,0.0,0.0,0,0.0,1.0,0.0,0.0,0
3,1.0,0.0,1.0,0.0,0,0.0,-1.0,0.800000011920929,0.8,2
3,1.0,0.0,1.0,0.0,0,0.0,-1.0,0.7000000476837158,1.0,3
3,1.0,0.0,1.0,0.0,0,0.0,-1.0,0.6399999856948853,0.8,3
3,1.0,0.0,1.0,0.0,0,0.0,-1.0,0.8500000238418579,0.5,1
3,1.0,0.0,1.0,0.0,0,0.0,-1.0,0.9500000476837158,0.2,1
3,1.0,0.0,1.0,0.0,0,0.0,-1.0,0.925000011920929,0.3,0
3,1.0,0.0,1.0,0.0,0,0.0,-1.0,0.75,1.0,1
3,1.0,0.0,1.0,0.0,0,0.0,-1.0,0.5999999642372131,1.0,3
3,1.0,0.0,1.0,0.0,0,0.0,-1.0,0.550000011920929,1.0,1
3,1.0,0.0,1.0,0.0,0,0.0,-1.0,0.9500000476837158,0.2,3
3,1.0,1.0,0.0,0.0,0,0.0,1.0,0.0,0.0,0
3,1.0,1.0,0.0,0.0,0,0.0,1.0,0.0,0.0,0
3,1.0,0.0,1.0,0.0,0,0.0,-1.0,0.925000011920929,0.3,1
3,1.0,0.0,1.0,0.0,0,0.0,-1.0,0.7000000476837158,1.0,1
3,1.0,0.0,1.0,0.0,0,0.0,-1.0,0.7599999904632568,0.8,1
3,1.0,0.0,1.0,0.0,0,0.0,-1.0,0.925000011920929,0.3,1
3,1.0,0.0,1.0,0.0,0,0.0,-1.0,0.940000057220459,0.2,1
3,1.0,0.0,1.0,0.0,0,0.0,-1.0,0.75,1.0,3
3,1.0,1.0,0.0,0.0,0,0.0,1.0,0.0,0.0,0
3,1.0,0.0,1.0,0.0,0,0.0,-1.0,0.6800000071525574,0.8,1
3,1.0,0.0,1.0,0.0,0,0.0,-1.0,0.6800000071525574,0.8,1
3,1.0,0.0,1.0,0.0,0,0.0,-1.0,0.940000057220459,0.2,1
3,1.0,0.0,1.0,0.0,0,0.0,-1.0,0.925000011920929,0.3,0
3,1.0,0.0,1.0,0.0,0,0.0,-1.0,0.9500000476837158,0.2,1
3,1.0,0.0,1.0,0.0,0,0.0,-1.0,0.6800000071525574,0.8,0
3,1.0,1.0,0.0,0.0,0,0.0,1.0,0.0,0.0,0
3,1.0,0.0,1.0,0.0,0,0.0,-1.0,0.9099999666213989,0.3,3
3,1.0,0.0,1.0,0.0,0,0.0,-1.0,0.925000011920929,0.3,3
3,1.0,0.0,1.0,0.0,0,0.0,-1.0,0.925000011920929,0.3,1
3,1.0,0.0,1.0,0.0,0,0.0,-1.0,0.925000011920929,0.3,3
3,1.0,0.0,1.0,0.0,0,0.0,-1.0,0.875,0.5,0
3,1.0,0.0,1.0,0.0,0,0.0,-1.0,0.875,0.5,0
3,1.0,0.0,1.0,0.0,0,0.0,-1.0,0.940000057220459,0.2,3
3,1.0,0.0,1.0,0.0,0,0.0,-1.0,0.550000011920929,1.0,2
3,1.0,0.0,1.0,0.0,0,0.0,-1.0,0.925000011920929,0.3,3
3,1.0,0.0,1.0,0.0,0,0.0,-1.0,0.940000057220459,0.2,3
3,1.0,0.0,1.0,0.0,0,0.0,-1.0,0.7000000476837158,1.0,0
3,1.0,0.0,1.0,0.0,0,0.0,-1.0,0.5999999642372131,1.0,2
3,1.0,0.0,1.0,0.0,0,0.0,-1.0,0.9099999666213989,0.3,0
3,1.0,0.0,1.0,0.0,0,0.0,-1.0,0.6800000071525574,0.8,1
3,1.0,0.0,1.0,0.0,0,0.0,-1.0,0.9099999666213989,0.3,1
3,1.0,0.0,1.0,0.0,0,0.0,-1.0,0.9500000476837158,0.2,1
3,1.0,1.0,0.0,0.0,0,0.0,1.0,0.0,0.0,0
3,1.0,1.0,0.0,0.0,0,0.0,1.0,0.0,0.0,0
3,1.0,0.0,1.0,0.0,0,0.0,-1.0,0.875,0.5,1
3,1.0,0.0,1.0,0.0,0,0.0,-1.0,0.800000011920929,0.8,0
3,1.0,0.0,1.0,0.0,0,0.0,-1.0,0.7599999904632568,0.8,3
3,1.0,0.0,1.0,0.0,0,0.0,-1.0,0.9200000166893005,0.2,0
3,1.0,0.0,1.0,0.0,0,0.0,-1.0,0.9100000262260437,0.2,2
3,1.0,0.0,1.0,0.0,0,0.0,-1.0,0.875,0.5,0
3,1.0,1.0,0.0,0.0,0,0.0,1.0,0.0,0.0,0
4,1.0,0.0,1.0,0.0,0,0.0,-1.0,0.6800000071525574,0.8,0
4,1.0,0.0,1.0,0.0,0,0.0,-1.0,0.7599999904632568,0.8,3
4,1.0,0.0,1.0,0.0,0,0.0,-1.0,0.6800000071525574,0.8,0
4,1.0,0.0,1.0,0.0,0,0.0,-1.0,0.875,0.5,1
4,1.0,0.0,1.0,0.0,0,0.0,-1.0,0.7999999523162842,0.5,2
4,1.0,0.0,1.0,0.0,0,0.0,-1.0,0.9500000476837158,0.2,3
4,1.0,1.0,0.0,0.0,0,0.0,1.0,0.0,0.0,0
4,1.0,0.0,1.0,0.0,0,0.0,-1.0,0.7599999904632568,0.8,2
4,1.0,0.0,1.0,0.0,0,0.0,-1.0,0.7599999904632568,0.8,3
4,1.0,0.0,1.0,0.0,0,0.0,-1.0,0.9500000476837158,0.2,2
4,1.0,1.0,0.0,0.0,0,0.0,1.0,0.0,0.0,0
4,1.0,1.0,0.0,0.0,0,0.0,1.0,0.0,0.0,0
4,1.0,0.0,1.0,0.0,0,0.0,-1.0,0.8500000238418579,0.5,2
4,1.0,0.0,1.0,0.0,0,0.0,-1.0,0.9500000476837158,0.2,2
4,1.0,0.0,1.0,0.0,0,0.0,-1.0,0.9099999666213989,0.3,3
4,1.0,0.0,1.0,0.0,0,0.0,-1.0,0.5999999642372131,1.0,2
4,1.0,0.0,1.0,0.0,0,0.0,-1.0,0.800000011920929,0.8,0
4,1.0,0.0,1.0,0.0,0,0.0,-1.0,0.550000011920929,1.0,2
4,1.0,1.0,0.0,0.0,0,0.0,1.0,0.0,0.0,0
4,1.0,1.0,0.0,0.0,0,0.0,1.0,0.0,0.0,0
4,1.0,0.0,1.0,0.0,0,0.0,-1.0,0.75,1.0,1
4,1.0,1.0,0.0,0.0,0,0.0,1.0,0.0,0.0,0
4,1.0,0.0,1.0,0.0,0,0.0,-1.0,0.8500000238418579,0.5,2
4,1.0,1.0,0.0,0.0,0,0.0,1.0,0.0,0.0,0
4,1.0,0.0,1.0,0.0,0,0.0,-1.0,0.800000011920929,0.8,0
4,1.0,0.0,1.0,0.0,0,0.0,-1.0,0.925000011920929,0.3,0
4,1.0,0.0,1.0,0.0,0,0.0,-1.0,0.7000000476837158,1.0,2
4,1.0,0.0,1.0,0.0,0,0.0,-1.0,0.9500000476837158,0.2,3
4,1.0,0.0,1.0,0.0,0,0.0,-1.0,0.940000057220459,0.2,2
4,1.0,0.0,1.0,0.0,0,0.0,-1.0,0.9500000476837158,0.2,1
4,0.99670404,0.014831864275038242,0.9851681590080261,0.00329597,0,0.0,-0.9812129735946655,0.7851681709289551,0.5,2
4,1.0,0.0,1.0,0.0,0,0.0,-1.0001647472381592,0.75,1.0,2
4,1.0,0.0,1.0,0.0,0,0.0,-1.0,0.8500000238418579,0.5,3
4,1.0,0.0,1.0,0.0,0,0.0,-1.0,0.7599999904632568,0.8,3
4,1.0,1.0,0.0,0.0,0,0.0,1.0,0.0,0.0,0
4,1.0,1.0,0.0,0.0,0,0.0,1.0,0.0,0.0,0
4,1.0,0.0,1.0,0.0,0,0.0,-1.0,0.925000011920929,0.3,0
4,1.0,1.0,0.0,0.0,0,0.0,1.0,0.0,0.0,0
4,1.0,1.0,0.0,0.0,0,0.0,1.0,0.0,0.0,0
4,1.0,0.0,1.0,0.0,0,0.0,-1.0,0.9100000262260437,0.2,1
4,1.0,0.0,1.0,0.0,0,0.0,-1.0,0.7749999761581421,0.5,0
4,1.0,0.0,1.0,0.0,0,0.0,-1.0,0.800000011920929,0.8,0
4,1.0,0.0,1.0,0.0,0,0.0,-1.0,0.550000011920929,1.0,0
4,1.0,1.0,0.0,0.0,0,0.0,1.0,0.0,0.0,0
4,1.0,0.0,1.0,0.0,0,0.0,-1.0,0.6399999856948853,0.8,2
4,1.0,0.0,1.0,0.0,0,0.0,-1.0,0.940000057220459,0.2,0
4,1.0,0.0,1.0,0.0,0,0.0,-1.0,0.925000011920929,0.3,1
4,1.0,0.0,1.0,0.0,0,0.0,-1.0,0.5999999642372131,1.0,3
4,1.0,0.0,1.0,0.0,0,0.0,-1.0,0.9500000476837158,0.2,0
4,1.0,1.0,0.0,0.0,0,0.0,1.0,0.0,0.0,0
4,1.0,1.0,0.0,0.0,0,0.0,1.0,0.0,0.0,0
4,1.0,0.0,1.0,0.0,0,0.0,-1.0,0.7749999761581421,0.5,1
4,1.0,1.0,0.0,0.0,0,0.0,1.0,0.0,0.0,0
4,1.0,0.0,1.0,0.0,0,0.0,-1.0,0.9200000166893005,0.2,3
4,1.0,1.0,0.0,0.0,0,0.0,1.0,0.0,0.0,0
4,1.0,1.0,0.0,0.0,0,0.0,1.0,0.0,0.0,0
4,1.0,0.0,1.0,0.0,0,0.0,-1.0,0.9500000476837158,0.2,1
4,1.0,0.0,1.0,0.0,0,0.0,-1.0,0.925000011920929,0.3,1
4,1.0,0.0,1.0,0.0,0,0.0,-1.0,0.9099999666213989,0.3,1
4,1.0,0.0,1.0,0.0,0,0.0,-1.0,0.9099999666213989,0.3,3
4,1.0,1.0,0.0,0.0,0,0.0,1.0,0.0,0.0,0
4,1.0,0.0,1.0,0.0,0,0.0,-1.0,0.940000057220459,0.2,0
4,1.0,1.0,0.0,0.0,0,0.0,1.0,0.0,0.0,0
4,0.97398144,0.11708346009254456,0.8829165697097778,0.026018549,0,0.0,-0.8516944050788879,0.682916522026062,0.5,1
4,1.0,0.0,1.0,0.0,0,0.0,-1.0013009309768677,0.9500000476837158,0.2,0
4,1.0,0.0,1.0,0.0,0,0.0,-1.0,0.550000011920929,1.0,3
4,1.0,0.0,1.0,0.0,0,0.0,-1.0,0.875,0.5,1
4,1.0,0.0,1.0,0.0,0,0.0,-1.0,0.7000000476837158,1.0,1
4,1.0,0.0,1.0,0.0,0,0.0,-1.0,0.7999999523162842,0.5,3
4,1.0,1.0,0.0,0.0,0,0.0,1.0,0.0,0.0,0
4,1.0,1.0,0.0,0.0,0,0.0,1.0,0.0,0.0,0
4,1.0,0.0,1.0,0.0,0,0.0,-1.0,0.5999999642372131,1.0,2
4,1.0,1.0,0.0,0.0,0,0.0,1.0,0.0,0.0,0
4,1.0,1.0,0.0,0.0,0,0.0,1.0,0.0,0.0,0
4,1.0,0.0,1.0,0.0,0,0.0,-1.0,0.9500000476837158,0.2,3
4,1.0,1.0,0.0,0.0,0,0.0,1.0,0.0,0.0,0
4,1.0,0.0,1.0,0.0,0,0.0,-1.0,0.7000000476837158,1.0,1
4,1.0,0.0,1.0,0.0,0,0.0,-1.0,0.7000000476837158,1.0,2
4,1.0,0.0,1.0,0.0,0,0.0,-1.0,0.7000000476837158,1.0,2
4,1.0,1.0,0.0,0.0,0,0.0,1.0,0.0,0.0,0
4,1.0,0.0,1.0,0.0,0,0.0,-1.0,0.925000011920929,0.3,1
4,1.0,1.0,0.0,0.0,0,0.0,1.0,0.0,0.0,0
4,1.0,0.0,1.0,0.0,0,0.0,-1.0,0.9099999666213989,0.3,1
4,1.0,0.0,1.0,0.0,0,0.0,-1.0,0.9500000476837158,0.2,1
4,1.0,0.0,1.0,0.0,0,0.0,-1.0,0.875,0.5,1
4,1.0,0.0,1.0,0.0,0,0.0,-1.0,0.7599999904632568,0.8,1
4,1.0,0.0,1.0,0.0,0,0.0,-1.0,0.800000011920929,0.8,2
4,1.0,0.0,1.0,0.0,0,0.0,-1.0,0.9500000476837158,0.2,0
4,1.0,1.0,0.0,0.0,0,0.0,1.0,0.0,0.0,0
4,1.0,0.0,1.0,0.0,0,0.0,-1.0,0.6399999856948853,0.8,1
4,1.0,0.0,1.0,0.0,0,0.0,-1.0,0.7749999761581421,0.5,0
4,1.0,1.0,0.0,0.0,0,0.0,1.0,0.0,0.0,0
4,1.0,0.0,1.0,0.0,0,0.0,-1.0,0.8500000238418579,0.5,2
4,1.0,0.0,1.0,0.0,0,0.0,-1.0,0.7999999523162842,0.5,0
4,1.0,0.0,1.0,0.0,0,0.0,-1.0,0.925000011920929,0.3,1
4,1.0,0.0,1.0,0.0,0,0.0,-1.0,0.940000057220459,0.2,3
4,1.0,0.0,1.0,0.0,0,0.0,-1.0,0.7999999523162842,0.5,0
4,1.0,1.0,0.0,0.0,0,0.0,1.0,0.0,0.0,0
4,1.0,0.0,1.0,0.0,0,0.0,-1.0,0.800000011920929,0.8,2
4,1.0,0.0,1.0,0.0,0,0.0,-1.0,0.550000011920929,1.0,2
4,1.0,0.0,1.0,0.0,0,0.0,-1.0,0.9100000262260437,0.2,2
4,1.0,0.0,1.0,0.0,0,0.0,-1.0,0.800000011920929,0.8,2
4,1.0,0.0,1.0,0.0,0,0.0,-1.0,0.7599999904632568,0.8,0
4,1.0,0.0,1.0,0.0,0,0.0,-1.0,0.940000057220459,0.2,0
4,1.0,0.0,1.0,0.0,0,0.0,-1.0,0.6800000071525574,0.8,1
4,1.0,0.0,1.0,0.0,0,0.0,-1.0,0.6800000071525574,0.8,1
4,1.0,1.0,0.0,0.0,0,0.0,1.0,0.0,0.0,0
4,1.0,0.0,1.0,0.0,0,0.0,-1.0,0.940000057220459,0.2,1
4,0.875213,0.5615413784980774,0.4384586215019226,0.12478697,1,0.0,-5.288714408874512,0.2884586453437805,0.5,2
4,1.0,0.0,1.0,0.0,0,0.0,-1.0062392950057983,0.9500000476837158,0.2,2
4,1.0,1.0,0.0,0.0,0,0.0,1.0,0.0,0.0,0
4,1.0,0.0,1.0,0.0,0,0.0,-1.0,0.875,0.5,0
4,1.0,0.0,1.0,0.0,0,0.0,-1.0,0.940000057220459,0.2,2
4,1.0,0.0,1.0,0.0,0,0.0,-1.0,0.75,1.0,1
4,1.0,1.0,0.0,0.0,0,0.0,1.0,0.0,0.0,0
4,1.0,1.0,0.0,0.0,0,0.0,1.0,0.0,0.0,0
4,1.0,0.0,1.0,0.0,0,0.0,-1.0,0.6800000071525574,0.8,2
4,1.0,0.0,1.0,0.0,0,0.0,-1.0,0.875,0.5,1
4,1.0,0.0,1.0,0.0,0,0.0,-1.0,0.9500000476837158,0.2,2
4,1.0,0.0,1.0,0.0,0,0.0,-1.0,0.7999999523162842,0.5,2
4,1.0,0.0,1.0,0.0,0,0.0,-1.0,0.925000011920929,0.3,2
4,1.0,0.0,1.0,0.0,0,0.0,-1.0,0.8500000238418579,0.5,2
4,1.0,0.0,1.0,0.0,0,0.0,-1.0,0.800000011920929,0.8,1
4,1.0,0.0,1.0,0.0,0,0.0,-1.0,0.875,0.5,3
4,1.0,0.0,1.0,0.0,0,0.0,-1.0,0.875,0.5,1
4,1.0,1.0,0.0,0.0,0,0.0,1.0,0.0,0.0,0
4,1.0,0.0,1.0,0.0,0,0.0,-1.0,0.875,0.5,2
4,1.0,0.0,1.0,0.0,0,0.0,-1.0,0.9500000476837158,0.2,2
4,1.0,1.0,0.0,0.0,0,0.0,1.0,0.0,0.0,0
4,0.87579125,1.0,0.0,0.12420874,1,0.0,-4.3912577629089355,0.0,0.0,0
4,1.0,0.0,1.0,0.0,0,0.0,-1.0031051635742188,0.925000011920929,0.3,1
4,1.0,0.0,1.0,0.0,0,0.0,-1.0,0.9500000476837158,0.2,2
4,1.0,0.0,1.0,0.0,0,0.0,-1.0,0.940000057220459,0.2,3
4,1.0,0.0,1.0,0.0,0,0.0,-1.0,0.6399999856948853,0.8,2
4,1.0,0.0,1.0,0.0,0,0.0,-1.0,0.9500000476837158,0.2,3
4,1.0,0.0,1.0,0.0,0,0.0,-1.0,0.8500000238418579,0.5,2
4,1.0,1.0,0.0,0.0,0,0.0,1.0,0.0,0.0,0
4,1.0,1.0,0.0,0.0,0,0.0,1.0,0.0,0.0,0
4,1.0,0.0,1.0,0.0,0,0.0,-1.0,0.7749999761581421,0.5,2
4,1.0,1.0,0.0,0.0,0,0.0,1.0,0.0,0.0,0
4,1.0,0.0,1.0,0.0,0,0.0,-1.0,0.875,0.5,3
4,1.0,0.0,1.0,0.0,0,0.0,-1.0,0.800000011920929,0.8,3
4,1.0,0.0,1.0,0.0,0,0.0,-1.0,0.9500000476837158,0.2,2
4,1.0,1.0,0.0,0.0,0,0.0,1.0,0.0,0.0,0
4,1.0,0.0,1.0,0.0,0,0.0,-1.0,0.9200000166893005,0.2,3
4,1.0,0.0,1.0,0.0,0,0.0,-1.0,0.925000011920929,0.3,2
4,1.0,1.0,0.0,0.0,0,0.0,1.0,0.0,0.0,0
4,1.0,1.0,0.0,0.0,0,0.0,1.0,0.0,0.0,0
4,1.0,0.0,1.0,0.0,0,0.0,-1.0,0.9200000166893005,0.2,1
4,1.0,0.0,1.0,0.0,0,0.0,-1.0,0.7599999904632568,0.8,0
4,1.0,0.0,1.0,0.0,0,0.0,-1.0,0.7749999761581421,0.5,3
4,1.0,0.0,1.0,0.0,0,0.0,-1.0,0.800000011920929,0.8,3
4,1.0,0.0,1.0,0.0,0,0.0,-1.0,0.9500000476837158,0.2,3
4,1.0,0.0,1.0,0.0,0,0.0,-1.0,0.9099999666213989,0.3,3
4,1.0,0.0,1.0,0.0,0,0.0,-1.0,0.875,0.5,0
4,1.0,0.0,1.0,0.0,0,0.0,-1.0,0.9200000166893005,0.2,3
4,1.0,0.0,1.0,0.0,0,0.0,-1.0,0.9099999666213989,0.3,3
4,1.0,0.0,1.0,0.0,0,0.0,-1.0,0.7599999904632568,0.8,1
4,1.0,1.0,0.0,0.0,0,0.0,1.0,0.0,0.0,0
4,1.0,0.0,1.0,0.0,0,0.0,-1.0,0.8500000238418579,0.5,3
4,1.0,0.0,1.0,0.0,0,0.0,-1.0,0.8500000238418579,0.5,2
4,1.0,0.0,1.0,0.0,0,0.0,-1.0,0.5999999642372131,1.0,0
4,1.0,0.0,1.0,0.0,0,0.0,-1.0,0.7599999904632568,0.8,3
4,1.0,0.0,1.0,0.0,0,0.0,-1.0,0.9200000166893005,0.2,1
4,1.0,0.0,1.0,0.0,0,0.0,-1.0,0.940000057220459,0.2,3
4,1.0,0.0,1.0,0.0,0,0.0,-1.0,0.75,1.0,3
4,1.0,0.0,1.0,0.0,0,0.0,-1.0,0.9500000476837158,0.2,0
4,1.0,1.0,0.0,0.0,0,0.0,1.0,0.0,0.0,0
4,1.0,0.0,1.0,0.0,0,0.0,-1.0,0.925000011920929,0.3,0
4,1.0,0.0,1.0,0.0,0,0.0,-1.0,0.7999999523162842,0.5,3
4,1.0,0.0,1.0,0.0,0,0.0,-1.0,0.9099999666213989,0.3,0
4,1.0,0.0,1.0,0.0,0,0.0,-1.0,0.9500000476837158,0.2,3
4,1.0,0.0,1.0,0.0,0,0.0,-1.0,0.6399999856948853,0.8,2
4,1.0,1.0,0.0,0.0,0,0.0,1.0,0.0,0.0,0
4,1.0,1.0,0.0,0.0,0,0.0,1.0,0.0,0.0,0
4,1.0,0.0,1.0,0.0,0,0.0,-1.0,0.9099999666213989,0.3,1
4,1.0,0.0,1.0,0.0,0,0.0,-1.0,0.925000011920929,0.3,3
4,0.8834225,1.0,0.0,0.11657753,1,0.0,-4.3672194480896,0.0,0.0,0
4,1.0,0.0,1.0,0.0,0,0.0,-1.0029144287109375,0.925000011920929,0.3,3
4,1.0,0.0,1.0,0.0,0,0.0,-1.0,0.7599999904632568,0.8,3
4,1.0,0.0,1.0,0.0,0,0.0,-1.0,0.7999999523162842,0.5,3
4,1.0,0.0,1.0,0.0,0,0.0,-1.0,0.9500000476837158,0.2,1
4,1.0,0.0,1.0,0.0,0,0.0,-1.0,0.940000057220459,0.2,1
4,1.0,0.0,1.0,0.0,0,0.0,-1.0,0.6800000071525574,0.8,3
4,1.0,0.0,1.0,0.0,0,0.0,-1.0,0.875,0.5,1
4,1.0,0.0,1.0,0.0,0,0.0,-1.0,0.925000011920929,0.3,0
4,1.0,0.0,1.0,0.0,0,0.0,-1.0,0.75,1.0,1
4,1.0,0.0,1.0,0.0,0,0.0,-1.0,0.9099999666213989,0.3,3
4,1.0,1.0,0.0,0.0,0,0.0,1.0,0.0,0.0,0
4,1.0,1.0,0.0,0.0,0,0.0,1.0,0.0,0.0,0
4,1.0,0.0,1.0,0.0,0,0.0,-1.0,0.9500000476837158,0.2,1
4,1.0,0.0,1.0,0.0,0,0.0,-1.0,0.925000011920929,0.3,3
4,1.0,0.0,1.0,0.0,0,0.0,-1.0,0.6800000071525574,0.8,1
4,1.0,0.0,1.0,0.0,0,0.0,-1.0,0.9099999666213989,0.3,2
4,1.0,0.0,1.0,0.0,0,0.0,-1.0,0.7000000476837158,1.0,2
4,1.0,1.0,0.0,0.0,0,0.0,1.0,0.0,0.0,0
4,1.0,0.0,1.0,0.0,0,0.0,-1.0,0.925000011920929,0.3,0
4,1.0,0.0,1.0,0.0,0,0.0,-1.0,0.925000011920929,0.3,3
4,1.0,1.0,0.0,0.0,0,0.0,1.0,0.0,0.0,0
4,1.0,1.0,0.0,0.0,0,0.0,1.0,0.0,0.0,0
4,1.0,0.0,1.0,0.0,0,0.0,-1.0,0.75,1.0,3
4,1.0,0.0,1.0,0.0,0,0.0,-1.0,0.875,0.5,2
4,1.0,0.0,1.0,0.0,0,0.0,-1.0,0.925000011920929,0.3,0
4,1.0,0.0,1.0,0.0,0,0.0,-1.0,0.925000011920929,0.3,3
4,1.0,0.0,1.0,0.0,0,0.0,-1.0,0.925000011920929,0.3,3
4,1.0,0.0,1.0,0.0,0,0.0,-1.0,0.925000011920929,0.3,0
4,1.0,0.0,1.0,0.0,0,0.0,-1.0,0.7000000476837158,1.0,1
4,1.0,0.0,1.0,0.0,0,0.0,-1.0,0.6800000071525574,0.8,0
4,1.0,0.0,1.0,0.0,0,0.0,-1.0,0.6399999856948853,0.8,3
4,1.0,0.0,1.0,0.0,0,0.0,-1.0,0.9500000476837158,0.2,0
4,1.0,0.0,1.0,0.0,0,0.0,-1.0,0.8500000238418579,0.5,0
4,1.0,0.0,1.0,0.0,0,0.0,-1.0,0.925000011920929,0.3,1
4,1.0,1.0,0.0,0.0,0,0.0,1.0,0.0,0.0,0
4,1.0,0.0,1.0,0.0,0,0.0,-1.0,0.9100000262260437,0.2,3
4,1.0,0.0,1.0,0.0,0,0.0,-1.0,0.800000011920929,0.8,0
4,1.0,1.0,0.0,0.0,0,0.0,1.0,0.0,0.0,0
4,1.0,0.0,1.0,0.0,0,0.0,-1.0,0.7599999904632568,0.8,2
4,1.0,1.0,0.0,0.0,0,0.0,1.0,0.0,0.0,0
4,1.0,1.0,0.0,0.0,0,0.0,1.0,0.0,0.0,0
4,1.0,0.0,1.0,0.0,0,0.0,-1.0,0.9100000262260437,0.2,3
4,1.0,0.0,1.0,0.0,0,0.0,-1.0,0.925000011920929,0.3,0
4,1.0,0.0,1.0,0.0,0,0.0,-1.0,0.9099999666213989,0.3,0
4,1.0,0.0,1.0,0.0,0,0.0,-1.0,0.7000000476837158,1.0,0
4,1.0,1.0,0.0,0.0,0,0.0,1.0,0.0,0.0,0
4,1.0,0.0,1.0,0.0,0,0.0,-1.0,0.8500000238418579,0.5,2
4,1.0,1.0,0.0,0.0,0,0.0,1.0,0.0,0.0,0
4,1.0,1.0,0.0,0.0,0,0.0,1.0,0.0,0.0,0
4,1.0,0.0,1.0,0.0,0,0.0,-1.0,0.940000057220459,0.2,2
4,1.0,0.0,1.0,0.0,0,0.0,-1.0,0.9099999666213989,0.3,0
4,1.0,0.0,1.0,0.0,0,0.0,-1.0,0.940000057220459,0.2,2
4,1.0,1.0,0.0,0.0,0,0.0,1.0,0.0,0.0,0
4,1.0,0.0,1.0,0.0,0,0.0,-1.0,0.9100000262260437,0.2,3
4,1.0,0.0,1.0,0.0,0,0.0,-1.0,0.6800000071525574,0.8,0
4,1.0,1.0,0.0,0.0,0,0.0,1.0,0.0,0.0,0
4,1.0,1.0,0.0,0.0,0,0.0,1.0,0.0,0.0,0
4,1.0,0.0,1.0,0.0,0,0.0,-1.0,0.5999999642372131,1.0,2
4,1.0,1.0,0.0,0.0,0,0.0,1.0,0.0,0.0,0
4,1.0,1.0,0.0,0.0,0,0.0,1.0,0.0,0.0,0
4,1.0,0.0,1.0,0.0,0,0.0,-1.0,0.925000011920929,0.3,0
4,1.0,1.0,0.0,0.0,0,0.0,1.0,0.0,0.0,0
4,1.0,0.0,1.0,0.0,0,0.0,-1.0,0.5999999642372131,1.0,0
4,1.0,0.0,1.0,0.0,0,0.0,-1.0,0.875,0.5,0
4,1.0,1.0,0.0,0.0,0,0.0,1.0,0.0,0.0,0
4,1.0,0.0,1.0,0.0,0,0.0,-1.0,0.925000011920929,0.3,1
4,1.0,0.0,1.0,0.0,0,0.0,-1.0,0.940000057220459,0.2,2
4,1.0,0.0,1.0,0.0,0,0.0,-1.0,0.9200000166893005,0.2,0
4,1.0,0.0,1.0,0.0,0,0.0,-1.0,0.7000000476837158,1.0,0
4,1.0,0.0,1.0,0.0,0,0.0,-1.0,0.7599999904632568,0.8,0
4,1.0,1.0,0.0,0.0,0,0.0,1.0,0.0,0.0,0
4,1.0,0.0,1.0,0.0,0,0.0,-1.0,0.9099999666213989,0.3,1
4,1.0,0.0,1.0,0.0,0,0.0,-1.0,0.925000011920929,0.3,2
4,1.0,0.0,1.0,0.0,0,0.0,-1.0,0.8500000238418579,0.5,1
4,1.0,0.0,1.0,0.0,0,0.0,-1.0,0.875,0.5,1
4,1.0,0.0,1.0,0.0,0,0.0,-1.0,0.7000000476837158,1.0,3
4,1.0,0.0,1.0,0.0,0,0.0,-1.0,0.800000011920929,0.8,2
4,1.0,0.0,1.0,0.0,0,0.0,-1.0,0.9200000166893005,0.2,3
4,0.9214321,0.35355567932128906,0.6464443206787109,0.07856794,1,0.0,-5.5521626472473145,0.5714443325996399,0.3,1
4,1.0,0.0,1.0,0.0,0,0.0,-1.0039284229278564,0.925000011920929,0.3,3
4,1.0,0.0,1.0,0.0,0,0.0,-1.0,0.7749999761581421,0.5,1
4,1.0,0.0,1.0,0.0,0,0.0,-1.0,0.5999999642372131,1.0,2
4,1.0,0.0,1.0,0.0,0,0.0,-1.0,0.75,1.0,3
4,1.0,0.0,1.0,0.0,0,0.0,-1.0,0.550000011920929,1.0,3
4,1.0,0.0,1.0,0.0,0,0.0,-1.0,0.5999999642372131,1.0,1
4,1.0,0.0,1.0,0.0,0,0.0,-1.0,0.9500000476837158,0.2,1
4,1.0,1.0,0.0,0.0,0,0.0,1.0,0.0,0.0,0
4,1.0,0.0,1.0,0.0,0,0.0,-1.0,0.875,0.5,0
4,1.0,0.0,1.0,0.0,0,0.0,-1.0,0.925000011920929,0.3,0
4,1.0,0.0,1.0,0.0,0,0.0,-1.0,0.800000011920929,0.8,0
4,1.0,1.0,0.0,0.0,0,0.0,1.0,0.0,0.0,0
4,1.0,1.0,0.0,0.0,0,0.0,1.0,0.0,0.0,0
4,1.0,0.0,1.0,0.0,0,0.0,-1.0,0.925000011920929,0.3,0
4,1.0,0.0,1.0,0.0,0,0.0,-1.0,0.9500000476837158,0.2,3
4,1.0,0.0,1.0,0.0,0,0.0,-1.0,0.875,0.5,1
4,1.0,0.0,1.0,0.0,0,0.0,-1.0,0.8500000238418579,0.5,1
4,1.0,1.0,0.0,0.0,0,0.0,1.0,0.0,0.0,0
4,1.0,0.0,1.0,0.0,0,0.0,-1.0,0.7599999904632568,0.8,2
4,1.0,0.0,1.0,0.0,0,0.0,-1.0,0.9500000476837158,0.2,0
4,1.0,1.0,0.0,0.0,0,0.0,1.0,0.0,0.0,0
4,0.9477562,1.0,0.0,0.052243855,1,0.0,-4.164567947387695,0.0,0.0,0
4,1.0,1.0,0.0,0.0,0,0.0,0.9986938834190369,0.0,0.0,0
4,0.9168928,0.37398216128349304,0.6260178685188293,0.08310715,1,0.0,-5.526288986206055,0.5460178852081299,0.2,0
4,1.0,0.0,1.0,0.0,0,0.0,-1.0041553974151611,0.940000057220459,0.2,3
4,1.0,0.0,1.0,0.0,0,0.0,-1.0,0.9099999666213989,0.3,3
4,1.0,0.0,1.0,0.0,0,0.0,-1.0,0.9500000476837158,0.2,3
4,1.0,1.0,0.0,0.0,0,0.0,1.0,0.0,0.0,0
4,1.0,0.0,1.0,0.0,0,0.0,-1.0,0.800000011920929,0.8,3
4,1.0,0.0,1.0,0.0,0,0.0,-1.0,0.9099999666213989,0.3,2
4,1.0,0.0,1.0,0.0,0,0.0,-1.0,0.9500000476837158,0.2,1
4,1.0,0.0,1.0,0.0,0,0.0,-1.0,0.800000011920929,0.8,1
4,1.0,0.0,1.0,0.0,0,0.0,-1.0,0.9500000476837158,0.2,2
4,1.0,0.0,1.0,0.0,0,0.0,-1.0,0.9099999666213989,0.3,2
4,1.0,0.0,1.0,0.0,0,0.0,-1.0,0.925000011920929,0.3,1
4,1.0,0.0,1.0,0.0,0,0.0,-1.0,0.925000011920929,0.3,1
4,1.0,0.0,1.0,0.0,0,0.0,-1.0,0.800000011920929,0.8,1
4,1.0,1.0,0.0,0.0,0,0.0,1.0,0.0,0.0,0
4,1.0,1.0,0.0,0.0,0,0.0,1.0,0.0,0.0,0
4,1.0,1.0,0.0,0.0,0,0.0,1.0,0.0,0.0,0
4,1.0,1.0,0.0,0.0,0,0.0,1.0,0.0,0.0,0
4,1.0,1.0,0.0,0.0,0,0.0,1.0,0.0,0.0,0
4,1.0,1.0,0.0,0.0,0,0.0,1.0,0.0,0.0,0
4,1.0,0.0,1.0,0.0,0,0.0,-1.0,0.75,1.0,1
4,1.0,0.0,1.0,0.0,0,0.0,-1.0,0.875,0.5,2
4,1.0,0.0,1.0,0.0,0,0.0,-1.0,0.6399999856948853,0.8,3
4,1.0,0.0,1.0,0.0,0,0.0,-1.0,0.7000000476837158,1.0,2
4,1.0,0.0,1.0,0.0,0,0.0,-1.0,0.875,0.5,2
4,1.0,0.0,1.0,0.0,0,0.0,-1.0,0.940000057220459,0.2,3
4,1.0,0.0,1.0,0.0,0,0.0,-1.0,0.875,0.5,2
4,1.0,0.0,1.0,0.0,0,0.0,-1.0,0.75,1.0,1
4,1.0,0.0,1.0,0.0,0,0.0,-1.0,0.925000011920929,0.3,2
4,1.0,0.0,1.0,0.0,0,0.0,-1.0,0.75,1.0,2
4,1.0,0.0,1.0,0.0,0,0.0,-1.0,0.550000011920929,1.0,2
4,1.0,0.0,1.0,0.0,0,0.0,-1.0,0.5999999642372131,1.0,3
4,1.0,0.0,1.0,0.0,0,0.0,-1.0,0.9200000166893005,0.2,3
4,1.0,1.0,0.0,0.0,0,0.0,1.0,0.0,0.0,0
4,1.0,1.0,0.0,0.0,0,0.0,1.0,0.0,0.0,0
4,1.0,1.0,0.0,0.0,0,0.0,1.0,0.0,0.0,0
4,1.0,0.0,1.0,0.0,0,0.0,-1.0,0.9099999666213989,0.3,3
4,1.0,0.0,1.0,0.0,0,0.0,-1.0,0.550000011920929,1.0,0
4,1.0,1.0,0.0,0.0,0,0.0,1.0,0.0,0.0,0
4,1.0,0.0,1.0,0.0,0,0.0,-1.0,0.9200000166893005,0.2,0
4,1.0,0.0,1.0,0.0,0,0.0,-1.0,0.875,0.5,2
4,1.0,0.0,1.0,0.0,0,0.0,-1.0,0.6800000071525574,0.8,0
4,1.0,0.0,1.0,0.0,0,0.0,-1.0,0.9500000476837158,0.2,0
4,1.0,0.0,1.0,0.0,0,0.0,-1.0,0.800000011920929,0.8,3
4,1.0,0.0,1.0,0.0,0,0.0,-1.0,0.7749999761581421,0.5,1
4,1.0,0.0,1.0,0.0,0,0.0,-1.0,0.7999999523162842,0.5,1
4,1.0,0.0,1.0,0.0,0,0.0,-1.0,0.9500000476837158,0.2,2
4,1.0,0.0,1.0,0.0,0,0.0,-1.0,0.7599999904632568,0.8,2
4,1.0,1.0,0.0,0.0,0,0.0,1.0,0.0,0.0,0
4,1.0,0.0,1.0,0.0,0,0.0,-1.0,0.7749999761581421,0.5,2
4,1.0,1.0,0.0,0.0,0,0.0,1.0,0.0,0.0,0
4,1.0,0.0,1.0,0.0,0,0.0,-1.0,0.925000011920929,0.3,0
4,1.0,1.0,0.0,0.0,0,0.0,1.0,0.0,0.0,0
4,1.0,0.0,1.0,0.0,0,0.0,-1.0,0.5999999642372131,1.0,3
4,1.0,1.0,0.0,0.0,0,0.0,1.0,0.0,0.0,0
4,1.0,1.0,0.0,0.0,0,0.0,1.0,0.0,0.0,0
4,1.0,0.0,1.0,0.0,0,0.0,-1.0,0.7999999523162842,0.5,2
4,1.0,0.0,1.0,0.0,0,0.0,-1.0,0.9500000476837158,0.2,2
4,1.0,0.0,1.0,0.0,0,0.0,-1.0,0.875,0.5,2
4,1.0,1.0,0.0,0.0,0,0.0,1.0,0.0,0.0,0
4,1.0,0.0,1.0,0.0,0,0.0,-1.0,0.7999999523162842,0.5,0
4,1.0,0.0,1.0,0.0,0,0.0,-1.0,0.5999999642372131,1.0,3
4,1.0,0.0,1.0,0.0,0,0.0,-1.0,0.800000011920929,0.8,2
4,1.0,0.0,1.0,0.0,0,0.0,-1.0,0.925000011920929,0.3,0
4,1.0,1.0,0.0,0.0,0,0.0,1.0,0.0,0.0,0
4,0.99070334,0.04183489456772804,0.9581651091575623,0.009296644,0,0.0,-0.9470092058181763,0.8831651210784912,0.3,1
4,1.0,1.0,0.0,0.0,0,0.0,0.9995351433753967,0.0,0.0,0
4,1.0,0.0,1.0,0.0,0,0.0,-1.0,0.7749999761581421,0.5,0
4,1.0,0.0,1.0,0.0,0,0.0,-1.0,0.8500000238418579,0.5,2
4,0.9999126,0.0003933191183023155,0.9996066689491272,8.740425e-05,0,0.0,-0.9995017647743225,0.8746066689491272,0.5,0
4,1.0,0.0,1.0,0.0,0,0.0,-1.0000044107437134,0.940000057220459,0.2,1
4,1.0,0.0,1.0,0.0,0,0.0,-1.0,0.9500000476837158,0.2,1
4,1.0,1.0,0.0,0.0,0,0.0,1.0,0.0,0.0,0
4,1.0,0.0,1.0,0.0,0,0.0,-1.0,0.7999999523162842,0.5,1
4,1.0,1.0,0.0,0.0,0,0.0,1.0,0.0,0.0,0
4,1.0,1.0,0.0,0.0,0,0.0,1.0,0.0,0.0,0
4,1.0,0.0,1.0,0.0,0,0.0,-1.0,0.9500000476837158,0.2,2
4,1.0,1.0,0.0,0.0,0,0.0,1.0,0.0,0.0,0
4,1.0,1.0,0.0,0.0,0,0.0,1.0,0.0,0.0,0
4,1.0,0.0,1.0,0.0,0,0.0,-1.0,0.7999999523162842,0.5,3
4,1.0,0.0,1.0,0.0,0,0.0,-1.0,0.8500000238418579,0.5,3
4,1.0,0.0,1.0,0.0,0,0.0,-1.0,0.9500000476837158,0.2,3
4,1.0,1.0,0.0,0.0,0,0.0,1.0,0.0,0.0,0
4,1.0,0.0,1.0,0.0,0,0.0,-1.0,0.800000011920929,0.8,3
4,1.0,0.0,1.0,0.0,0,0.0,-1.0,0.875,0.5,3
4,1.0,0.0,1.0,0.0,0,0.0,-1.0,0.9099999666213989,0.3,1
4,1.0,1.0,0.0,0.0,0,0.0,1.0,0.0,0.0,0
4,1.0,0.0,1.0,0.0,0,0.0,-1.0,0.925000011920929,0.3,0
4,0.9230739,0.34616759419441223,0.6538323760032654,0.076926135,1,0.0,-5.561521053314209,0.5638324022293091,0.2,2
4,1.0,0.0,1.0,0.0,0,0.0,-1.003846287727356,0.925000011920929,0.3,3
4,1.0,1.0,0.0,0.0,0,0.0,1.0,0.0,0.0,0
4,1.0,0.0,1.0,0.0,0,0.0,-1.0,0.9099999666213989,0.3,3
4,1.0,1.0,0.0,0.0,0,0.0,1.0,0.0,0.0,0
4,1.0,1.0,0.0,0.0,0,0.0,1.0,0.0,0.0,0
4,1.0,0.0,1.0,0.0,0,0.0,-1.0,0.6800000071525574,0.8,2
4,1.0,0.0,1.0,0.0,0,0.0,-1.0,0.75,1.0,3
4,1.0,0.0,1.0,0.0,0,0.0,-1.0,0.7999999523162842,0.5,1
4,1.0,0.0,1.0,0.0,0,0.0,-1.0,0.8500000238418579,0.5,2
4,1.0,1.0,0.0,0.0,0,0.0,1.0,0.0,0.0,0
4,1.0,1.0,0.0,0.0,0,0.0,1.0,0.0,0.0,0
4,1.0,0.0,1.0,0.0,0,0.0,-1.0,0.875,0.5,3
4,1.0,0.0,1.0,0.0,0,0.0,-1.0,0.940000057220459,0.2,2
4,1.0,0.0,1.0,0.0,0,0.0,-1.0,0.6399999856948853,0.8,3
4,1.0,0.0,1.0,0.0,0,0.0,-1.0,0.925000011920929,0.3,3
4,1.0,0.0,1.0,0.0,0,0.0,-1.0,0.940000057220459,0.2,2
4,1.0,0.0,1.0,0.0,0,0.0,-1.0,0.925000011920929,0.3,2
4,1.0,0.0,1.0,0.0,0,0.0,-1.0,0.875,0.5,3
4,1.0,0.0,1.0,0.0,0,0.0,-1.0,0.550000011920929,1.0,1
4,1.0,1.0,0.0,0.0,0,0.0,1.0,0.0,0.0,0
4,1.0,0.0,1.0,0.0,0,0.0,-1.0,0.7599999904632568,0.8,1
4,1.0,0.0,1.0,0.0,0,0.0,-1.0,0.940000057220459,0.2,3
4,0.98691833,0.058867406100034714,0.9411326050758362,0.0130816465,0,0.0,-0.9254346489906311,0.8611326217651367,0.2,3
4,1.0,1.0,0.0,0.0,0,0.0,0.9993458986282349,0.0,0.0,0
4,1.0,0.0,1.0,0.0,0,0.0,-1.0,0.6800000071525574,0.8,1
4,1.0,1.0,0.0,0.0,0,0.0,1.0,0.0,0.0,0
4,1.0,1.0,0.0,0.0,0,0.0,1.0,0.0,0.0,0
4,1.0,0.0,1.0,0.0,0,0.0,-1.0,0.925000011920929,0.3,0
4,1.0,0.0,1.0,0.0,0,0.0,-1.0,0.6399999856948853,0.8,1
4,1.0,1.0,0.0,0.0,0,0.0,1.0,0.0,0.0,0
4,1.0,0.0,1.0,0.0,0,0.0,-1.0,0.9100000262260437,0.2,2
4,1.0,0.0,1.0,0.0,0,0.0,-1.0,0.75,1.0,0
4,1.0,0.0,1.0,0.0,0,0.0,-1.0,0.8500000238418579,0.5,0
4,1.0,0.0,1.0,0.0,0,0.0,-1.0,0.7599999904632568,0.8,1
4,1.0,0.0,1.0,0.0,0,0.0,-1.0,0.8500000238418579,0.5,1
4,1.0,0.0,1.0,0.0,0,0.0,-1.0,0.6800000071525574,0.8,3
4,1.0,1.0,0.0,0.0,0,0.0,1.0,0.0,0.0,0
4,1.0,1.0,0.0,0.0,0,0.0,1.0,0.0,0.0,0
4,1.0,0.0,1.0,0.0,0,0.0,-1.0,0.9500000476837158,0.2,0
4,1.0,0.0,1.0,0.0,0,0.0,-1.0,0.9200000166893005,0.2,0
4,1.0,0.0,1.0,0.0,0,0.0,-1.0,0.75,1.0,3
4,1.0,0.0,1.0,0.0,0,0.0,-1.0,0.800000011920929,0.8,3
4,1.0,1.0,0.0,0.0,0,0.0,1.0,0.0,0.0,0
4,1.0,0.0,1.0,0.0,0,0.0,-1.0,0.550000011920929,1.0,3
4,1.0,1.0,0.0,0.0,0,0.0,1.0,0.0,0.0,0
4,1.0,0.0,1.0,0.0,0,0.0,-1.0,0.6800000071525574,0.8,0
4,1.0,0.0,1.0,0.0,0,0.0,-1.0,0.6800000071525574,0.8,2
4,1.0,0.0,1.0,0.0,0,0.0,-1.0,0.875,0.5,1
4,1.0,1.0,0.0,0.0,0,0.0,1.0,0.0,0.0,0
4,1.0,0.0,1.0,0.0,0,0.0,-1.0,0.9500000476837158,0.2,0
4,1.0,0.0,1.0,0.0,0,0.0,-1.0,0.6800000071525574,0.8,2
4,1.0,0.0,1.0,0.0,0,0.0,-1.0,0.9500000476837158,0.2,0
4,1.0,1.0,0.0,0.0,0,0.0,1.0,0.0,0.0,0
4,1.0,0.0,1.0,0.0,0,0.0,-1.0,0.800000011920929,0.8,1
4,1.0,1.0,0.0,0.0,0,0.0,1.0,0.0,0.0,0
4,1.0,0.0,1.0,0.0,0,0.0,-1.0,0.8500000238418579,0.5,3
4,1.0,0.0,1.0,0.0,0,0.0,-1.0,0.940000057220459,0.2,3
4,1.0,0.0,1.0,0.0,0,0.0,-1.0,0.800000011920929,0.8,0
4,1.0,0.0,1.0,0.0,0,0.0,-1.0,0.875,0.5,0
4,1.0,0.0,1.0,0.0,0,0.0,-1.0,0.7749999761581421,0.5,0
4,1.0,0.0,1.0,0.0,0,0.0,-1.0,0.925000011920929,0.3,0
4,1.0,1.0,0.0,0.0,0,0.0,1.0,0.0,0.0,0
4,1.0,0.0,1.0,0.0,0,0.0,-1.0,0.940000057220459,0.2,3
4,1.0,0.0,1.0,0.0,0,0.0,-1.0,0.9500000476837158,0.2,0
4,1.0,0.0,1.0,0.0,0,0.0,-1.0,0.8500000238418579,0.5,0
4,1.0,1.0,0.0,0.0,0,0.0,1.0,0.0,0.0,0
4,1.0,0.0,1.0,0.0,0,0.0,-1.0,0.875,0.5,1
4,1.0,1.0,0.0,0.0,0,0.0,1.0,0.0,0.0,0
4,1.0,1.0,0.0,0.0,0,0.0,1.0,0.0,0.0,0
4,1.0,0.0,1.0,0.0,0,0.0,-1.0,0.6800000071525574,0.8,3
4,1.0,0.0,1.0,0.0,0,0.0,-1.0,0.9099999666213989,0.3,0
4,1.0,0.0,1.0,0.0,0,0.0,-1.0,0.75,1.0,0
4,1.0,0.0,1.0,0.0,0,0.0,-1.0,0.800000011920929,0.8,3
4,1.0,0.0,1.0,0.0,0,0.0,-1.0,0.940000057220459,0.2,0
4,1.0,1.0,0.0,0.0,0,0.0,1.0,0.0,0.0,0
4,1.0,1.0,0.0,0.0,0,0.0,1.0,0.0,0.0,0
4,1.0,1.0,0.0,0.0,0,0.0,1.0,0.0,0.0,0
4,1.0,0.0,1.0,0.0,0,0.0,-1.0,0.875,0.5,0
4,1.0,1.0,0.0,0.0,0,0.0,1.0,0.0,0.0,0
4,1.0,0.0,1.0,0.0,0,0.0,-1.0,0.7999999523162842,0.5,1
4,1.0,0.0,1.0,0.0,0,0.0,-1.0,0.9099999666213989,0.3,2
4,1.0,1.0,0.0,0.0,0,0.0,1.0,0.0,0.0,0
4,1.0,0.0,1.0,0.0,0,0.0,-1.0,0.925000011920929,0.3,0
4,1.0,0.0,1.0,0.0,0,0.0,-1.0,0.75,1.0,1
4,1.0,0.0,1.0,0.0,0,0.0,-1.0,0.6399999856948853,0.8,1
4,1.0,0.0,1.0,0.0,0,0.0,-1.0,0.7999999523162842,0.5,1
4,1.0,1.0,0.0,0.0,0,0.0,1.0,0.0,0.0,0
4,1.0,1.0,0.0,0.0,0,0.0,1.0,0.0,0.0,0
4,1.0,0.0,1.0,0.0,0,0.0,-1.0,0.6399999856948853,0.8,3
4,1.0,0.0,1.0,0.0,0,0.0,-1.0,0.9500000476837158,0.2,1
4,1.0,0.0,1.0,0.0,0,0.0,-1.0,0.75,1.0,1
4,1.0,1.0,0.0,0.0,0,0.0,1.0,0.0,0.0,0
4,1.0,0.0,1.0,0.0,0,0.0,-1.0,0.550000011920929,1.0,3
4,1.0,0.0,1.0,0.0,0,0.0,-1.0,0.7749999761581421,0.5,0
4,1.0,0.0,1.0,0.0,0,0.0,-1.0,0.800000011920929,0.8,2
4,1.0,0.0,1.0,0.0,0,0.0,-1.0,0.925000011920929,0.3,1
4,1.0,0.0,1.0,0.0,0,0.0,-1.0,0.75,1.0,1
4,1.0,0.0,1.0,0.0,0,0.0,-1.0,0.6800000071525574,0.8,1
4,1.0,0.0,1.0,0.0,0,0.0,-1.0,0.925000011920929,0.3,1
4,1.0,0.0,1.0,0.0,0,0.0,-1.0,0.9200000166893005,0.2,1
4,1.0,0.0,1.0,0.0,0,0.0,-1.0,0.7000000476837158,1.0,1
4,1.0,0.0,1.0,0.0,0,0.0,-1.0,0.9500000476837158,0.2,3
4,1.0,1.0,0.0,0.0,0,0.0,1.0,0.0,0.0,0
4,1.0,0.0,1.0,0.0,0,0.0,-1.0,0.9500000476837158,0.2,1
4,0.990323,0.04354652017354965,0.9564535021781921,0.009677005,0,0.0,-0.9448410868644714,0.7564535140991211,0.5,3
4,1.0,0.0,1.0,0.0,0,0.0,-1.0004838705062866,0.7999999523162842,0.5,1
4,1.0,1.0,0.0,0.0,0,0.0,1.0,0.0,0.0,0
4,1.0,0.0,1.0,0.0,0,0.0,-1.0,0.75,1.0,1
4,1.0,1.0,0.0,0.0,0,0.0,1.0,0.0,0.0,0
4,1.0,0.0,1.0,0.0,0,0.0,-1.0,0.800000011920929,0.8,3
4,1.0,1.0,0.0,0.0,0,0.0,1.0,0.0,0.0,0
4,1.0,1.0,0.0,0.0,0,0.0,1.0,0.0,0.0,0
4,1.0,0.0,1.0,0.0,0,0.0,-1.0,0.925000011920929,0.3,1
4,1.0,0.0,1.0,0.0,0,0.0,-1.0,0.9500000476837158,0.2,3
4,1.0,0.0,1.0,0.0,0,0.0,-1.0,0.925000011920929,0.3,1
4,1.0,0.0,1.0,0.0,0,0.0,-1.0,0.9200000166893005,0.2,0
4,1.0,0.0,1.0,0.0,0,0.0,-1.0,0.9100000262260437,0.2,0
4,1.0,0.0,1.0,0.0,0,0.0,-1.0,0.6800000071525574,0.8,3
4,1.0,1.0,0.0,0.0,0,0.0,1.0,0.0,0.0,0
4,1.0,0.0,1.0,0.0,0,0.0,-1.0,0.9099999666213989,0.3,3
4,1.0,0.0,1.0,0.0,0,0.0,-1.0,0.5999999642372131,1.0,1
4,1.0,1.0,0.0,0.0,0,0.0,1.0,0.0,0.0,0
4,1.0,0.0,1.0,0.0,0,0.0,-1.0,0.6800000071525574,0.8,2
4,1.0,0.0,1.0,0.0,0,0.0,-1.0,0.7749999761581421,0.5,1
4,1.0,1.0,0.0,0.0,0,0.0,1.0,0.0,0.0,0
4,1.0,1.0,0.0,0.0,0,0.0,1.0,0.0,0.0,0
4,1.0,1.0,0.0,0.0,0,0.0,1.0,0.0,0.0,0
4,1.0,0.0,1.0,0.0,0,0.0,-1.0,0.7000000476837158,1.0,0
4,1.0,0.0,1.0,0.0,0,0.0,-1.0,0.9099999666213989,0.3,1
4,1.0,0.0,1.0,0.0,0,0.0,-1.0,0.6800000071525574,0.8,1
4,1.0,0.0,1.0,0.0,0,0.0,-1.0,0.9099999666213989,0.3,0
