episode,service_quality,mitigation_efficiency,attack_leakage,collateral_damage,sla_violation,shield_repair,defender_reward,attacker_reward,attack_intensity,protocol
0,0.9190018,0.36449170112609863,0.6355082988739014,0.08099816,1,0.0,-5.538310527801514,0.31550830602645874,0.8,1
0,1.0,0.0,1.0,0.0,0,0.0,-1.0040498971939087,0.7000000476837158,1.0,0
0,1.0,0.0,1.0,0.0,0,0.0,-1.0,0.75,1.0,3
0,1.0,0.0,1.0,0.0,0,0.0,-1.0,0.925000011920929,0.3,3
0,1.0,0.0,1.0,0.0,0,0.0,-1.0,0.75,1.0,3
0,1.0,0.0,1.0,0.0,0,0.0,-1.0,0.875,0.5,1
0,1.0,0.0,1.0,0.0,0,0.0,-1.0,0.875,0.5,2
0,1.0,1.0,0.0,0.0,0,0.0,1.0,0.0,0.0,0
0,1.0,0.0,1.0,0.0,0,0.0,-1.0,0.875,0.5,0
0,1.0,1.0,0.0,0.0,0,0.0,1.0,0.0,0.0,0
0,1.0,0.0,1.0,0.0,0,0.0,-1.0,0.925000011920929,0.3,1
0,1.0,0.0,1.0,0.0,0,0.0,-1.0,0.940000057220459,0.2,1
0,1.0,0.0,1.0,0.0,0,0.0,-1.0,0.9100000262260437,0.2,0
0,1.0,0.0,1.0,0.0,0,0.0,-1.0,0.7000000476837158,1.0,3
0,1.0,1.0,0.0,0.0,0,0.0,1.0,0.0,0.0,0
0,0.99,0.044999998062849045,0.9549999833106995,0.010000001,0,1.0,-0.9429999589920044,0.8299999833106995,0.5,1
0,1.0,1.0,0.0,0.0,0,0.0,0.9994999766349792,0.0,0.0,0
0,1.0,0.0,1.0,0.0,0,0.0,-1.0,0.5999999642372131,1.0,0
0,1.0,0.0,1.0,0.0,0,0.0,-1.0,0.9500000476837158,0.2,0
0,1.0,1.0,0.0,0.0,0,0.0,1.0,0.0,0.0,0
0,1.0,0.0,1.0,0.0,0,0.0,-1.0,0.9500000476837158,0.2,0
0,1.0,0.0,1.0,0.0,0,0.0,-1.0,0.8500000238418579,0.5,0
0,0.9146486,0.3840813636779785,0.6159186363220215,0.08535142,1,0.0,-5.513497352600098,0.4659186601638794,0.5,0
0,1.0,1.0,0.0,0.0,0,0.0,0.9957324266433716,0.0,0.0,0
0,1.0,1.0,0.0,0.0,0,0.0,1.0,0.0,0.0,0
0,1.0,0.0,1.0,0.0,0,0.0,-1.0,0.75,1.0,0
0,1.0,1.0,0.0,0.0,0,0.0,1.0,0.0,0.0,0
0,1.0,0.0,1.0,0.0,0,0.0,-1.0,0.9500000476837158,0.2,1
0,1.0,0.0,1.0,0.0,0,0.0,-1.0,0.6399999856948853,0.8,0
0,1.0,1.0,0.0,0.0,0,0.0,1.0,0.0,0.0,0
0,1.0,0.0,1.0,0.0,0,0.0,-1.0,0.9500000476837158,0.2,1
0,1.0,1.0,0.0,0.0,0,0.0,1.0,0.0,0.0,0
0,1.0,1.0,0.0,0.0,0,0.0,1.0,0.0,0.0,0
0,1.0,0.0,1.0,0.0,0,0.0,-1.0,0.6800000071525574,0.8,3
0,1.0,0.0,1.0,0.0,0,0.0,-1.0,0.7000000476837158,1.0,2
0,1.0,0.0,1.0,0.0,0,0.0,-1.0,0.9200000166893005,0.2,0
0,1.0,0.0,1.0,0.0,0,0.0,-1.0,0.875,0.5,2
0,1.0,1.0,0.0,0.0,0,0.0,1.0,0.0,0.0,0
0,1.0,1.0,0.0,0.0,0,0.0,1.0,0.0,0.0,0
0,1.0,0.0,1.0,0.0,0,0.0,-1.0,0.9200000166893005,0.2,1
0,1.0,0.0,1.0,0.0,0,0.0,-1.0,0.7000000476837158,1.0,3
0,1.0,1.0,0.0,0.0,0,0.0,1.0,0.0,0.0,0
0,1.0,0.0,1.0,0.0,0,0.0,-1.0,0.9099999666213989,0.3,1
0,1.0,0.0,1.0,0.0,0,0.0,-1.0,0.9200000166893005,0.2,1
0,1.0,0.0,1.0,0.0,0,0.0,-1.0,0.9099999666213989,0.3,0
0,1.0,0.0,1.0,0.0,0,0.0,-1.0,0.550000011920929,1.0,1
0,1.0,0.0,1.0,0.0,0,0.0,-1.0,0.940000057220459,0.2,2
0,1.0,0.0,1.0,0.0,0,0.0,-1.0,0.875,0.5,0
0,1.0,0.0,1.0,0.0,0,0.0,-1.0,0.7599999904632568,0.8,3
0,1.0,0.0,1.0,0.0,0,0.0,-1.0,0.7599999904632568,0.8,0
0,1.0,0.0,1.0,0.0,0,0.0,-1.0,0.875,0.5,1
0,1.0,0.0,1.0,0.0,0,0.0,-1.0,0.9500000476837158,0.2,1
0,1.0,0.0,1.0,0.0,0,0.0,-1.0,0.5999999642372131,1.0,1
0,1.0,0.0,1.0,0.0,0,0.0,-1.0,0.925000011920929,0.3,0
0,0.96,1.0,0.0,0.040000003,0,1.0,0.8740000128746033,0.0,0.0,0
0,1.0,0.0,1.0,0.0,0,0.0,-1.0010000467300415,0.7599999904632568,0.8,1
0,1.0,0.0,1.0,0.0,0,0.0,-1.0,0.6800000071525574,0.8,2
0,1.0,0.0,1.0,0.0,0,0.0,-1.0,0.8500000238418579,0.5,3
0,1.0,0.0,1.0,0.0,0,0.0,-1.0,0.875,0.5,3
0,1.0,0.0,1.0,0.0,0,0.0,-1.0,0.6800000071525574,0.8,1
0,1.0,1.0,0.0,0.0,0,0.0,1.0,0.0,0.0,0
0,1.0,0.0,1.0,0.0,0,0.0,-1.0,0.7599999904632568,0.8,2
0,1.0,0.0,1.0,0.0,0,0.0,-1.0,0.75,1.0,2
0,1.0,1.0,0.0,0.0,0,0.0,1.0,0.0,0.0,0
0,1.0,0.0,1.0,0.0,0,0.0,-1.0,0.8500000238418579,0.5,0
0,1.0,0.0,1.0,0.0,0,0.0,-1.0,0.75,1.0,2
0,1.0,0.0,1.0,0.0,0,0.0,-1.0,0.9500000476837158,0.2,1
0,1.0,0.0,1.0,0.0,0,0.0,-1.0,0.925000011920929,0.3,2
0,1.0,0.0,1.0,0.0,0,0.0,-1.0,0.875,0.5,3
0,1.0,0.0,1.0,0.0,0,0.0,-1.0,0.925000011920929,0.3,0
0,1.0,1.0,0.0,0.0,0,0.0,1.0,0.0,0.0,0
0,1.0,1.0,0.0,0.0,0,0.0,1.0,0.0,0.0,0
0,1.0,0.0,1.0,0.0,0,0.0,-1.0,0.9500000476837158,0.2,3
0,1.0,0.0,1.0,0.0,0,0.0,-1.0,0.925000011920929,0.3,0
0,1.0,0.0,1.0,0.0,0,0.0,-1.0,0.9500000476837158,0.2,0
0,1.0,1.0,0.0,0.0,0,0.0,1.0,0.0,0.0,0
0,1.0,1.0,0.0,0.0,0,0.0,1.0,0.0,0.0,0
0,1.0,0.0,1.0,0.0,0,0.0,-1.0,0.940000057220459,0.2,3
0,1.0,0.0,1.0,0.0,0,0.0,-1.0,0.9099999666213989,0.3,1
0,1.0,0.0,1.0,0.0,0,0.0,-1.0,0.7000000476837158,1.0,3
0,1.0,0.0,1.0,0.0,0,0.0,-1.0,0.75,1.0,3
0,1.0,0.0,1.0,0.0,0,0.0,-1.0,0.940000057220459,0.2,3
0,1.0,0.0,1.0,0.0,0,0.0,-1.0,0.7999999523162842,0.5,1
0,1.0,1.0,0.0,0.0,0,0.0,1.0,0.0,0.0,0
0,1.0,0.0,1.0,0.0,0,0.0,-1.0,0.7999999523162842,0.5,0
0,1.0,0.0,1.0,0.0,0,0.0,-1.0,0.75,1.0,1
0,1.0,0.0,1.0,0.0,0,0.0,-1.0,0.9500000476837158,0.2,2
0,1.0,0.0,1.0,0.0,0,0.0,-1.0,0.940000057220459,0.2,0
0,1.0,0.0,1.0,0.0,0,0.0,-1.0,0.5999999642372131,1.0,1
0,1.0,0.0,1.0,0.0,0,0.0,-1.0,0.6399999856948853,0.8,1
0,1.0,0.0,1.0,0.0,0,0.0,-1.0,0.925000011920929,0.3,0
0,1.0,0.0,1.0,0.0,0,0.0,-1.0,0.7599999904632568,0.8,3
0,1.0,0.0,1.0,0.0,0,0.0,-1.0,0.9500000476837158,0.2,0
0,1.0,0.0,1.0,0.0,0,0.0,-1.0,0.6399999856948853,0.8,1
0,1.0,0.0,1.0,0.0,0,0.0,-1.0,0.75,1.0,1
0,1.0,1.0,0.0,0.0,0,0.0,1.0,0.0,0.0,0
0,1.0,0.0,1.0,0.0,0,0.0,-1.0,0.75,1.0,2
0,1.0,0.0,1.0,0.0,0,0.0,-1.0,0.5999999642372131,1.0,2
0,1.0,1.0,0.0,0.0,0,0.0,1.0,0.0,0.0,0
0,1.0,0.0,1.0,0.0,0,0.0,-1.0,0.9200000166893005,0.2,1
0,1.0,0.0,1.0,0.0,0,0.0,-1.0,0.7999999523162842,0.5,0
0,1.0,0.0,1.0,0.0,0,0.0,-1.0,0.925000011920929,0.3,1
0,1.0,0.0,1.0,0.0,0,0.0,-1.0,0.6800000071525574,0.8,1
0,1.0,0.0,1.0,0.0,0,0.0,-1.0,0.7599999904632568,0.8,2
0,1.0,0.0,1.0,0.0,0,0.0,-1.0,0.6800000071525574,0.8,3
0,1.0,0.0,1.0,0.0,0,0.0,-1.0,0.875,0.5,1
0,1.0,0.0,1.0,0.0,0,0.0,-1.0,0.9500000476837158,0.2,3
0,1.0,0.0,1.0,0.0,0,0.0,-1.0,0.925000011920929,0.3,1
0,1.0,0.0,1.0,0.0,0,0.0,-1.0,0.925000011920929,0.3,3
0,1.0,0.0,1.0,0.0,0,0.0,-1.0,0.7599999904632568,0.8,2
0,1.0,0.0,1.0,0.0,0,0.0,-1.0,0.925000011920929,0.3,2
0,1.0,0.0,1.0,0.0,0,0.0,-1.0,0.9200000166893005,0.2,2
0,1.0,0.0,1.0,0.0,0,0.0,-1.0,0.5999999642372131,1.0,2
0,1.0,1.0,0.0,0.0,0,0.0,1.0,0.0,0.0,0
0,1.0,1.0,0.0,0.0,0,0.0,1.0,0.0,0.0,0
0,1.0,1.0,0.0,0.0,0,0.0,1.0,0.0,0.0,0
0,1.0,1.0,0.0,0.0,0,0.0,1.0,0.0,0.0,0
0,1.0,0.0,1.0,0.0,0,0.0,-1.0,0.8500000238418579,0.5,3
0,1.0,0.0,1.0,0.0,0,0.0,-1.0,0.7000000476837158,1.0,2
0,1.0,0.0,1.0,0.0,0,0.0,-1.0,0.5999999642372131,1.0,2
0,0.92369473,0.34337374567985535,0.6566262245178223,0.076305285,1,0.0,-5.565060138702393,0.45662620663642883,0.5,0
0,1.0,0.0,1.0,0.0,0,0.0,-1.0038152933120728,0.9099999666213989,0.3,2
0,1.0,0.0,1.0,0.0,0,0.0,-1.0,0.9500000476837158,0.2,0
0,1.0,1.0,0.0,0.0,0,0.0,1.0,0.0,0.0,0
0,1.0,0.0,1.0,0.0,0,0.0,-1.0,0.9200000166893005,0.2,0
0,1.0,0.0,1.0,0.0,0,0.0,-1.0,0.9200000166893005,0.2,0
0,1.0,0.0,1.0,0.0,0,0.0,-1.0,0.7000000476837158,1.0,0
0,1.0,0.0,1.0,0.0,0,0.0,-1.0,0.800000011920929,0.8,2
0,1.0,0.0,1.0,0.0,0,0.0,-1.0,0.75,1.0,2
0,1.0,0.0,1.0,0.0,0,0.0,-1.0,0.6800000071525574,0.8,2
0,1.0,1.0,0.0,0.0,0,0.0,1.0,0.0,0.0,0
0,1.0,0.0,1.0,0.0,0,0.0,-1.0,0.9099999666213989,0.3,2
0,1.0,0.0,1.0,0.0,0,0.0,-1.0,0.9200000166893005,0.2,2
0,1.0,0.0,1.0,0.0,0,0.0,-1.0,0.9200000166893005,0.2,1
0,1.0,0.0,1.0,0.0,0,0.0,-1.0,0.9099999666213989,0.3,2
0,1.0,0.0,1.0,0.0,0,0.0,-1.0,0.75,1.0,2
0,1.0,0.0,1.0,0.0,0,0.0,-1.0,0.940000057220459,0.2,2
0,1.0,0.0,1.0,0.0,0,0.0,-1.0,0.9500000476837158,0.2,2
0,1.0,1.0,0.0,0.0,0,0.0,1.0,0.0,0.0,0
0,1.0,0.0,1.0,0.0,0,0.0,-1.0,0.9500000476837158,0.2,2
0,1.0,0.0,1.0,0.0,0,0.0,-1.0,0.9099999666213989,0.3,2
0,1.0,0.0,1.0,0.0,0,0.0,-1.0,0.9100000262260437,0.2,0
0,1.0,0.0,1.0,0.0,0,0.0,-1.0,0.9099999666213989,0.3,2
0,1.0,0.0,1.0,0.0,0,0.0,-1.0,0.925000011920929,0.3,2
0,1.0,0.0,1.0,0.0,0,0.0,-1.0,0.800000011920929,0.8,3
0,1.0,1.0,0.0,0.0,0,0.0,1.0,0.0,0.0,0
0,1.0,0.0,1.0,0.0,0,0.0,-1.0,0.9100000262260437,0.2,3
0,1.0,0.0,1.0,0.0,0,0.0,-1.0,0.6399999856948853,0.8,1
0,1.0,1.0,0.0,0.0,0,0.0,1.0,0.0,0.0,0
0,1.0,0.0,1.0,0.0,0,0.0,-1.0,0.9500000476837158,0.2,3
0,1.0,0.0,1.0,0.0,0,0.0,-1.0,0.9099999666213989,0.3,3
0,1.0,1.0,0.0,0.0,0,0.0,1.0,0.0,0.0,0
0,1.0,0.0,1.0,0.0,0,0.0,-1.0,0.800000011920929,0.8,3
0,1.0,0.0,1.0,0.0,0,0.0,-1.0,0.550000011920929,1.0,2
0,0.97505236,1.0,0.0,0.024947643,0,0.0,0.9214149117469788,0.0,0.0,0
0,1.0,0.0,1.0,0.0,0,0.0,-1.0006237030029297,0.8500000238418579,0.5,1
0,1.0,0.0,1.0,0.0,0,0.0,-1.0,0.9200000166893005,0.2,0
0,1.0,0.0,1.0,0.0,0,0.0,-1.0,0.7599999904632568,0.8,3
0,1.0,1.0,0.0,0.0,0,0.0,1.0,0.0,0.0,0
0,1.0,0.0,1.0,0.0,0,0.0,-1.0,0.7999999523162842,0.5,3
0,1.0,1.0,0.0,0.0,0,0.0,1.0,0.0,0.0,0
0,1.0,0.0,1.0,0.0,0,0.0,-1.0,0.7999999523162842,0.5,3
0,1.0,0.0,1.0,0.0,0,0.0,-1.0,0.875,0.5,3
0,1.0,0.0,1.0,0.0,0,0.0,-1.0,0.7000000476837158,1.0,1
0,1.0,1.0,0.0,0.0,0,0.0,1.0,0.0,0.0,0
0,1.0,0.0,1.0,0.0,0,0.0,-1.0,0.8500000238418579,0.5,0
0,1.0,1.0,0.0,0.0,0,0.0,1.0,0.0,0.0,0
0,1.0,0.0,1.0,0.0,0,0.0,-1.0,0.75,1.0,3
0,1.0,1.0,0.0,0.0,0,0.0,1.0,0.0,0.0,0
0,1.0,0.0,1.0,0.0,0,0.0,-1.0,0.7999999523162842,0.5,3
0,1.0,1.0,0.0,0.0,0,0.0,1.0,0.0,0.0,0
0,1.0,0.0,1.0,0.0,0,0.0,-1.0,0.800000011920929,0.8,0
0,1.0,1.0,0.0,0.0,0,0.0,1.0,0.0,0.0,0
0,1.0,1.0,0.0,0.0,0,0.0,1.0,0.0,0.0,0
0,1.0,0.0,1.0,0.0,0,0.0,-1.0,0.9099999666213989,0.3,1
0,1.0,0.0,1.0,0.0,0,0.0,-1.0,0.7599999904632568,0.8,3
0,1.0,0.0,1.0,0.0,0,0.0,-1.0,0.9200000166893005,0.2,0
0,1.0,0.0,1.0,0.0,0,0.0,-1.0,0.925000011920929,0.3,3
0,1.0,0.0,1.0,0.0,0,0.0,-1.0,0.7749999761581421,0.5,3
0,1.0,0.0,1.0,0.0,0,0.0,-1.0,0.925000011920929,0.3,2
0,0.96,1.0,0.0,0.040000003,0,1.0,0.8740000128746033,0.0,0.0,0
0,1.0,0.0,1.0,0.0,0,0.0,-1.0010000467300415,0.7999999523162842,0.5,3
0,1.0,0.0,1.0,0.0,0,0.0,-1.0,0.940000057220459,0.2,0
0,1.0,0.0,1.0,0.0,0,0.0,-1.0,0.9500000476837158,0.2,3
0,1.0,0.0,1.0,0.0,0,0.0,-1.0,0.6800000071525574,0.8,0
0,1.0,0.0,1.0,0.0,0,0.0,-1.0,0.800000011920929,0.8,1
0,1.0,0.0,1.0,0.0,0,0.0,-1.0,0.9200000166893005,0.2,1
0,1.0,0.0,1.0,0.0,0,0.0,-1.0,0.550000011920929,1.0,3
0,1.0,0.0,1.0,0.0,0,0.0,-1.0,0.800000011920929,0.8,3
0,1.0,0.0,1.0,0.0,0,0.0,-1.0,0.9500000476837158,0.2,3
0,1.0,1.0,0.0,0.0,0,0.0,1.0,0.0,0.0,0
0,1.0,0.0,1.0,0.0,0,0.0,-1.0,0.9500000476837158,0.2,0
0,1.0,1.0,0.0,0.0,0,0.0,1.0,0.0,0.0,0
0,1.0,0.0,1.0,0.0,0,0.0,-1.0,0.940000057220459,0.2,2
0,1.0,1.0,0.0,0.0,0,0.0,1.0,0.0,0.0,0
0,1.0,0.0,1.0,0.0,0,0.0,-1.0,0.75,1.0,2
0,1.0,0.0,1.0,0.0,0,0.0,-1.0,0.940000057220459,0.2,1
0,1.0,1.0,0.0,0.0,0,0.0,1.0,0.0,0.0,0
0,1.0,0.0,1.0,0.0,0,0.0,-1.0,0.940000057220459,0.2,3
0,1.0,0.0,1.0,0.0,0,0.0,-1.0,0.75,1.0,1
0,1.0,0.0,1.0,0.0,0,0.0,-1.0,0.7999999523162842,0.5,2
0,0.9469931,0.23853109776973724,0.7614688873291016,0.053006914,1,0.0,-5.6978607177734375,0.5114688873291016,1.0,3
0,1.0,0.0,1.0,0.0,0,0.0,-1.0026503801345825,0.7999999523162842,0.5,2
0,1.0,0.0,1.0,0.0,0,0.0,-1.0,0.9500000476837158,0.2,1
0,1.0,0.0,1.0,0.0,0,0.0,-1.0,0.75,1.0,1
0,1.0,0.0,1.0,0.0,0,0.0,-1.0,0.875,0.5,0
0,1.0,0.0,1.0,0.0,0,0.0,-1.0,0.8500000238418579,0.5,0
0,1.0,0.0,1.0,0.0,0,0.0,-1.0,0.875,0.5,2
0,1.0,1.0,0.0,0.0,0,0.0,1.0,0.0,0.0,0
0,1.0,0.0,1.0,0.0,0,0.0,-1.0,0.940000057220459,0.2,0
0,1.0,0.0,1.0,0.0,0,0.0,-1.0,0.550000011920929,1.0,2
0,1.0,0.0,1.0,0.0,0,0.0,-1.0,0.9200000166893005,0.2,2
0,1.0,0.0,1.0,0.0,0,0.0,-1.0,0.6800000071525574,0.8,1
0,1.0,0.0,1.0,0.0,0,0.0,-1.0,0.75,1.0,3
0,1.0,0.0,1.0,0.0,0,0.0,-1.0,0.940000057220459,0.2,0
0,1.0,0.0,1.0,0.0,0,0.0,-1.0,0.9500000476837158,0.2,1
0,1.0,1.0,0.0,0.0,0,0.0,1.0,0.0,0.0,0
0,1.0,1.0,0.0,0.0,0,0.0,1.0,0.0,0.0,0
0,1.0,1.0,0.0,0.0,0,0.0,1.0,0.0,0.0,0
0,1.0,1.0,0.0,0.0,0,0.0,1.0,0.0,0.0,0
0,1.0,0.0,1.0,0.0,0,0.0,-1.0,0.7599999904632568,0.8,0
0,1.0,0.0,1.0,0.0,0,0.0,-1.0,0.8500000238418579,0.5,2
0,1.0,0.0,1.0,0.0,0,0.0,-1.0,0.925000011920929,0.3,0
0,1.0,0.0,1.0,0.0,0,0.0,-1.0,0.6800000071525574,0.8,3
0,1.0,1.0,0.0,0.0,0,0.0,1.0,0.0,0.0,0
0,1.0,0.0,1.0,0.0,0,0.0,-1.0,0.875,0.5,0
0,1.0,0.0,1.0,0.0,0,0.0,-1.0,0.9099999666213989,0.3,1
0,1.0,0.0,1.0,0.0,0,0.0,-1.0,0.75,1.0,0
0,0.8,0.8999999761581421,0.10000000149011612,0.2,1,0.0,-4.860000133514404,0.02499999850988388,0.3,1
0,1.0,0.0,1.0,0.0,0,0.0,-1.0099999904632568,0.925000011920929,0.3,2
0,0.9433734,0.2548196613788605,0.7451803088188171,0.056626596,1,0.0,-5.677228927612305,0.5451803207397461,0.8,0
0,1.0,1.0,0.0,0.0,0,0.0,0.9971686601638794,0.0,0.0,0
0,1.0,0.0,1.0,0.0,0,0.0,-1.0,0.925000011920929,0.3,0
0,1.0,0.0,1.0,0.0,0,0.0,-1.0,0.940000057220459,0.2,2
0,1.0,0.0,1.0,0.0,0,0.0,-1.0,0.7599999904632568,0.8,2
0,1.0,1.0,0.0,0.0,0,0.0,1.0,0.0,0.0,0
0,1.0,1.0,0.0,0.0,0,0.0,1.0,0.0,0.0,0
0,1.0,0.0,1.0,0.0,0,0.0,-1.0,0.925000011920929,0.3,0
0,1.0,0.0,1.0,0.0,0,0.0,-1.0,0.9099999666213989,0.3,1
0,1.0,0.0,1.0,0.0,0,0.0,-1.0,0.875,0.5,0
0,1.0,1.0,0.0,0.0,0,0.0,1.0,0.0,0.0,0
0,1.0,0.0,1.0,0.0,0,0.0,-1.0,0.7000000476837158,1.0,0
0,1.0,1.0,0.0,0.0,0,0.0,1.0,0.0,0.0,0
0,1.0,0.0,1.0,0.0,0,0.0,-1.0,0.800000011920929,0.8,0
0,1.0,0.0,1.0,0.0,0,0.0,-1.0,0.9500000476837158,0.2,2
0,1.0,0.0,1.0,0.0,0,0.0,-1.0,0.8500000238418579,0.5,2
0,1.0,0.0,1.0,0.0,0,0.0,-1.0,0.925000011920929,0.3,2
0,1.0,0.0,1.0,0.0,0,0.0,-1.0,0.8500000238418579,0.5,3
0,1.0,0.0,1.0,0.0,0,0.0,-1.0,0.9099999666213989,0.3,3
0,1.0,1.0,0.0,0.0,0,0.0,1.0,0.0,0.0,0
0,1.0,0.0,1.0,0.0,0,0.0,-1.0,0.875,0.5,1
0,1.0,0.0,1.0,0.0,0,0.0,-1.0,0.9099999666213989,0.3,0
0,1.0,0.0,1.0,0.0,0,0.0,-1.0,0.7599999904632568,0.8,1
0,1.0,0.0,1.0,0.0,0,0.0,-1.0,0.925000011920929,0.3,1
0,1.0,1.0,0.0,0.0,0,0.0,1.0,0.0,0.0,0
0,1.0,0.0,1.0,0.0,0,0.0,-1.0,0.9099999666213989,0.3,2
0,0.96,1.0,0.0,0.040000003,0,1.0,0.8740000128746033,0.0,0.0,0
0,1.0,1.0,0.0,0.0,0,0.0,0.9990000128746033,0.0,0.0,0
0,1.0,0.0,1.0,0.0,0,0.0,-1.0,0.9099999666213989,0.3,2
0,1.0,1.0,0.0,0.0,0,0.0,1.0,0.0,0.0,0
0,1.0,0.0,1.0,0.0,0,0.0,-1.0,0.9500000476837158,0.2,0
0,1.0,0.0,1.0,0.0,0,0.0,-1.0,0.6800000071525574,0.8,0
0,1.0,1.0,0.0,0.0,0,0.0,1.0,0.0,0.0,0
0,1.0,0.0,1.0,0.0,0,0.0,-1.0,0.9099999666213989,0.3,1
0,1.0,0.0,1.0,0.0,0,0.0,-1.0,0.9500000476837158,0.2,1
0,1.0,0.0,1.0,0.0,0,0.0,-1.0,0.8500000238418579,0.5,1
0,1.0,1.0,0.0,0.0,0,0.0,1.0,0.0,0.0,0
0,1.0,1.0,0.0,0.0,0,0.0,1.0,0.0,0.0,0
0,1.0,0.0,1.0,0.0,0,0.0,-1.0,0.925000011920929,0.3,2
0,0.8,0.8999999761581421,0.10000002384185791,0.2,1,0.0,-4.8600006103515625,-0.02499997988343239,0.5,3
0,1.0,0.0,1.0,0.0,0,0.0,-1.0099999904632568,0.9100000262260437,0.2,2
0,1.0,0.0,1.0,0.0,0,0.0,-1.0,0.7999999523162842,0.5,1
0,1.0,0.0,1.0,0.0,0,0.0,-1.0,0.7749999761581421,0.5,2
0,1.0,0.0,1.0,0.0,0,0.0,-1.0,0.925000011920929,0.3,3
0,1.0,0.0,1.0,0.0,0,0.0,-1.0,0.925000011920929,0.3,0
0,1.0,1.0,0.0,0.0,0,0.0,1.0,0.0,0.0,0
0,1.0,0.0,1.0,0.0,0,0.0,-1.0,0.9100000262260437,0.2,1
0,1.0,0.0,1.0,0.0,0,0.0,-1.0,0.940000057220459,0.2,1
0,1.0,1.0,0.0,0.0,0,0.0,1.0,0.0,0.0,0
0,1.0,0.0,1.0,0.0,0,0.0,-1.0,0.550000011920929,1.0,3
0,1.0,0.0,1.0,0.0,0,0.0,-1.0,0.9200000166893005,0.2,1
0,1.0,0.0,1.0,0.0,0,0.0,-1.0,0.8500000238418579,0.5,1
0,1.0,1.0,0.0,0.0,0,0.0,1.0,0.0,0.0,0
0,1.0,0.0,1.0,0.0,0,0.0,-1.0,0.940000057220459,0.2,1
0,1.0,1.0,0.0,0.0,0,0.0,1.0,0.0,0.0,0
0,1.0,0.0,1.0,0.0,0,0.0,-1.0,0.9500000476837158,0.2,2
0,1.0,0.0,1.0,0.0,0,0.0,-1.0,0.925000011920929,0.3,1
0,1.0,0.0,1.0,0.0,0,0.0,-1.0,0.7999999523162842,0.5,3
0,1.0,0.0,1.0,0.0,0,0.0,-1.0,0.800000011920929,0.8,1
0,1.0,0.0,1.0,0.0,0,0.0,-1.0,0.800000011920929,0.8,2
0,1.0,0.0,1.0,0.0,0,0.0,-1.0,0.8500000238418579,0.5,2
0,0.90028703,0.44870835542678833,0.5512916445732117,0.09971297,1,0.0,-5.431636333465576,0.23129166662693024,0.8,1
0,1.0,0.0,1.0,0.0,0,0.0,-1.0049856901168823,0.800000011920929,0.8,1
0,1.0,1.0,0.0,0.0,0,0.0,1.0,0.0,0.0,0
0,1.0,0.0,1.0,0.0,0,0.0,-1.0,0.9099999666213989,0.3,1
0,1.0,0.0,1.0,0.0,0,0.0,-1.0,0.9500000476837158,0.2,0
0,1.0,1.0,0.0,0.0,0,0.0,1.0,0.0,0.0,0
0,0.96,1.0,0.0,0.040000003,0,1.0,0.8740000128746033,0.0,0.0,0
0,1.0,1.0,0.0,0.0,0,0.0,0.9990000128746033,0.0,0.0,0
0,1.0,1.0,0.0,0.0,0,0.0,1.0,0.0,0.0,0
0,1.0,0.0,1.0,0.0,0,0.0,-1.0,0.9500000476837158,0.2,2
0,1.0,0.0,1.0,0.0,0,0.0,-1.0,0.875,0.5,2
0,0.9176098,0.37075579166412354,0.6292442083358765,0.08239018,1,0.0,-5.530375957489014,0.5792442560195923,0.2,3
0,1.0,0.0,1.0,0.0,0,0.0,-1.0041195154190063,0.7999999523162842,0.5,2
0,1.0,0.0,1.0,0.0,0,0.0,-1.0,0.9500000476837158,0.2,2
0,1.0,1.0,0.0,0.0,0,0.0,1.0,0.0,0.0,0
0,1.0,0.0,1.0,0.0,0,0.0,-1.0,0.7999999523162842,0.5,0
0,1.0,0.0,1.0,0.0,0,0.0,-1.0,0.925000011920929,0.3,0
0,1.0,0.0,1.0,0.0,0,0.0,-1.0,0.800000011920929,0.8,1
0,1.0,0.0,1.0,0.0,0,0.0,-1.0,0.940000057220459,0.2,2
0,1.0,0.0,1.0,0.0,0,0.0,-1.0,0.9200000166893005,0.2,3
0,1.0,0.0,1.0,0.0,0,0.0,-1.0,0.9200000166893005,0.2,2
0,1.0,0.0,1.0,0.0,0,0.0,-1.0,0.550000011920929,1.0,0
0,1.0,1.0,0.0,0.0,0,0.0,1.0,0.0,0.0,0
0,1.0,1.0,0.0,0.0,0,0.0,1.0,0.0,0.0,0
0,1.0,0.0,1.0,0.0,0,0.0,-1.0,0.940000057220459,0.2,1
0,1.0,0.0,1.0,0.0,0,0.0,-1.0,0.550000011920929,1.0,1
0,1.0,0.0,1.0,0.0,0,0.0,-1.0,0.9500000476837158,0.2,2
0,1.0,1.0,0.0,0.0,0,0.0,1.0,0.0,0.0,0
0,1.0,1.0,0.0,0.0,0,0.0,1.0,0.0,0.0,0
0,1.0,0.0,1.0,0.0,0,0.0,-1.0,0.800000011920929,0.8,3
0,1.0,0.0,1.0,0.0,0,0.0,-1.0,0.925000011920929,0.3,1
0,1.0,0.0,1.0,0.0,0,0.0,-1.0,0.940000057220459,0.2,3
0,1.0,0.0,1.0,0.0,0,0.0,-1.0,0.925000011920929,0.3,2
0,1.0,0.0,1.0,0.0,0,0.0,-1.0,0.940000057220459,0.2,1
0,1.0,0.0,1.0,0.0,0,0.0,-1.0,0.6800000071525574,0.8,0
0,1.0,0.0,1.0,0.0,0,0.0,-1.0,0.9200000166893005,0.2,2
0,1.0,1.0,0.0,0.0,0,0.0,1.0,0.0,0.0,0
0,1.0,1.0,0.0,0.0,0,0.0,1.0,0.0,0.0,0
0,1.0,1.0,0.0,0.0,0,0.0,1.0,0.0,0.0,0
0,1.0,1.0,0.0,0.0,0,0.0,1.0,0.0,0.0,0
0,1.0,1.0,0.0,0.0,0,0.0,1.0,0.0,0.0,0
0,1.0,1.0,0.0,0.0,0,0.0,1.0,0.0,0.0,0
0,1.0,0.0,1.0,0.0,0,0.0,-1.0,0.925000011920929,0.3,2
0,1.0,0.0,1.0,0.0,0,0.0,-1.0,0.5999999642372131,1.0,2
0,1.0,1.0,0.0,0.0,0,0.0,1.0,0.0,0.0,0
0,1.0,1.0,0.0,0.0,0,0.0,1.0,0.0,0.0,0
0,1.0,0.0,1.0,0.0,0,0.0,-1.0,0.800000011920929,0.8,0
0,1.0,0.0,1.0,0.0,0,0.0,-1.0,0.925000011920929,0.3,0
0,1.0,1.0,0.0,0.0,0,0.0,1.0,0.0,0.0,0
0,1.0,0.0,1.0,0.0,0,0.0,-1.0,0.7999999523162842,0.5,0
0,1.0,0.0,1.0,0.0,0,0.0,-1.0,0.940000057220459,0.2,2
0,1.0,0.0,1.0,0.0,0,0.0,-1.0,0.940000057220459,0.2,2
0,1.0,0.0,1.0,0.0,0,0.0,-1.0,0.925000011920929,0.3,1
0,1.0,1.0,0.0,0.0,0,0.0,1.0,0.0,0.0,0
0,1.0,0.0,1.0,0.0,0,0.0,-1.0,0.9099999666213989,0.3,2
0,1.0,0.0,1.0,0.0,0,0.0,-1.0,0.75,1.0,2
0,0.93780607,0.27987274527549744,0.7201272249221802,0.06219394,1,0.0,-5.64549446105957,0.6401272416114807,0.2,3
0,1.0,0.0,1.0,0.0,0,0.0,-1.0031096935272217,0.7000000476837158,1.0,3
0,1.0,1.0,0.0,0.0,0,0.0,1.0,0.0,0.0,0
0,1.0,0.0,1.0,0.0,0,0.0,-1.0,0.875,0.5,1
0,1.0,0.0,1.0,0.0,0,0.0,-1.0,0.925000011920929,0.3,3
0,1.0,0.0,1.0,0.0,0,0.0,-1.0,0.9099999666213989,0.3,3
0,1.0,1.0,0.0,0.0,0,0.0,1.0,0.0,0.0,0
0,1.0,0.0,1.0,0.0,0,0.0,-1.0,0.9099999666213989,0.3,2
0,1.0,0.0,1.0,0.0,0,0.0,-1.0,0.6800000071525574,0.8,0
0,1.0,0.0,1.0,0.0,0,0.0,-1.0,0.6800000071525574,0.8,3
0,1.0,1.0,0.0,0.0,0,0.0,1.0,0.0,0.0,0
0,1.0,1.0,0.0,0.0,0,0.0,1.0,0.0,0.0,0
0,1.0,0.0,1.0,0.0,0,0.0,-1.0,0.7749999761581421,0.5,3
0,1.0,0.0,1.0,0.0,0,0.0,-1.0,0.940000057220459,0.2,0
0,1.0,0.0,1.0,0.0,0,0.0,-1.0,0.800000011920929,0.8,3
0,1.0,0.0,1.0,0.0,0,0.0,-1.0,0.6399999856948853,0.8,3
0,1.0,0.0,1.0,0.0,0,0.0,-1.0,0.925000011920929,0.3,1
0,1.0,1.0,0.0,0.0,0,0.0,1.0,0.0,0.0,0
0,1.0,0.0,1.0,0.0,0,0.0,-1.0,0.7999999523162842,0.5,0
0,1.0,0.0,1.0,0.0,0,0.0,-1.0,0.925000011920929,0.3,0
0,1.0,0.0,1.0,0.0,0,0.0,-1.0,0.875,0.5,0
0,1.0,1.0,0.0,0.0,0,0.0,1.0,0.0,0.0,0
0,1.0,0.0,1.0,0.0,0,0.0,-1.0,0.8500000238418579,0.5,2
0,1.0,1.0,0.0,0.0,0,0.0,1.0,0.0,0.0,0
0,1.0,0.0,1.0,0.0,0,0.0,-1.0,0.9100000262260437,0.2,2
0,1.0,1.0,0.0,0.0,0,0.0,1.0,0.0,0.0,0
0,1.0,0.0,1.0,0.0,0,0.0,-1.0,0.925000011920929,0.3,3
0,1.0,0.0,1.0,0.0,0,0.0,-1.0,0.550000011920929,1.0,1
0,1.0,0.0,1.0,0.0,0,0.0,-1.0,0.9099999666213989,0.3,0
0,1.0,0.0,1.0,0.0,0,0.0,-1.0,0.9500000476837158,0.2,3
0,1.0,0.0,1.0,0.0,0,0.0,-1.0,0.9099999666213989,0.3,0
0,1.0,1.0,0.0,0.0,0,0.0,1.0,0.0,0.0,0
0,1.0,0.0,1.0,0.0,0,0.0,-1.0,0.75,1.0,2
0,1.0,0.0,1.0,0.0,0,0.0,-1.0,0.9500000476837158,0.2,3
0,1.0,1.0,0.0,0.0,0,0.0,1.0,0.0,0.0,0
0,1.0,0.0,1.0,0.0,0,0.0,-1.0,0.800000011920929,0.8,3
0,1.0,0.0,1.0,0.0,0,0.0,-1.0,0.925000011920929,0.3,1
0,1.0,0.0,1.0,0.0,0,0.0,-1.0,0.7000000476837158,1.0,1
0,1.0,0.0,1.0,0.0,0,0.0,-1.0,0.7000000476837158,1.0,2
0,1.0,0.0,1.0,0.0,0,0.0,-1.0,0.925000011920929,0.3,3
0,1.0,1.0,0.0,0.0,0,0.0,1.0,0.0,0.0,0
0,1.0,1.0,0.0,0.0,0,0.0,1.0,0.0,0.0,0
0,1.0,0.0,1.0,0.0,0,0.0,-1.0,0.875,0.5,3
0,1.0,0.0,1.0,0.0,0,0.0,-1.0,0.9500000476837158,0.2,3
0,1.0,1.0,0.0,0.0,0,0.0,1.0,0.0,0.0,0
0,1.0,0.0,1.0,0.0,0,0.0,-1.0,0.6399999856948853,0.8,3
0,1.0,0.0,1.0,0.0,0,0.0,-1.0,0.7599999904632568,0.8,2
0,1.0,0.0,1.0,0.0,0,0.0,-1.0,0.7749999761581421,0.5,3
0,1.0,0.0,1.0,0.0,0,0.0,-1.0,0.925000011920929,0.3,2
0,1.0,0.0,1.0,0.0,0,0.0,-1.0,0.6800000071525574,0.8,1
0,1.0,1.0,0.0,0.0,0,0.0,1.0,0.0,0.0,0
0,1.0,1.0,0.0,0.0,0,0.0,1.0,0.0,0.0,0
0,1.0,0.0,1.0,0.0,0,0.0,-1.0,0.9200000166893005,0.2,1
0,1.0,0.0,1.0,0.0,0,0.0,-1.0,0.875,0.5,0
0,1.0,0.0,1.0,0.0,0,0.0,-1.0,0.5999999642372131,1.0,0
0,1.0,0.0,1.0,0.0,0,0.0,-1.0,0.925000011920929,0.3,0
0,1.0,0.0,1.0,0.0,0,0.0,-1.0,0.800000011920929,0.8,0
0,1.0,0.0,1.0,0.0,0,0.0,-1.0,0.9500000476837158,0.2,1
0,1.0,0.0,1.0,0.0,0,0.0,-1.0,0.8500000238418579,0.5,0
0,1.0,1.0,0.0,0.0,0,0.0,1.0,0.0,0.0,0
0,1.0,0.0,1.0,0.0,0,0.0,-1.0,0.7999999523162842,0.5,0
0,1.0,0.0,1.0,0.0,0,0.0,-1.0,0.940000057220459,0.2,0
0,1.0,0.0,1.0,0.0,0,0.0,-1.0,0.550000011920929,1.0,0
0,1.0,1.0,0.0,0.0,0,0.0,1.0,0.0,0.0,0
0,1.0,0.0,1.0,0.0,0,0.0,-1.0,0.8500000238418579,0.5,2
0,1.0,0.0,1.0,0.0,0,0.0,-1.0,0.75,1.0,0
0,1.0,0.0,1.0,0.0,0,0.0,-1.0,0.9100000262260437,0.2,0
0,1.0,0.0,1.0,0.0,0,0.0,-1.0,0.9500000476837158,0.2,0
0,1.0,0.0,1.0,0.0,0,0.0,-1.0,0.9500000476837158,0.2,1
0,1.0,1.0,0.0,0.0,0,0.0,1.0,0.0,0.0,0
0,1.0,0.0,1.0,0.0,0,0.0,-1.0,0.925000011920929,0.3,0
0,1.0,0.0,1.0,0.0,0,0.0,-1.0,0.800000011920929,0.8,2
0,1.0,1.0,0.0,0.0,0,0.0,1.0,0.0,0.0,0
0,1.0,0.0,1.0,0.0,0,0.0,-1.0,0.9500000476837158,0.2,2
0,0.8304862,0.7628120183944702,0.23718798160552979,0.16951379,1,0.0,-5.03377103805542,0.16218797862529755,0.3,1
0,1.0,1.0,0.0,0.0,0,0.0,0.991524338722229,0.0,0.0,0
0,1.0,0.0,1.0,0.0,0,0.0,-1.0,0.7999999523162842,0.5,2
0,1.0,0.0,1.0,0.0,0,0.0,-1.0,0.5999999642372131,1.0,1
0,1.0,0.0,1.0,0.0,0,0.0,-1.0,0.7599999904632568,0.8,0
0,1.0,0.0,1.0,0.0,0,0.0,-1.0,0.9500000476837158,0.2,1
0,1.0,1.0,0.0,0.0,0,0.0,1.0,0.0,0.0,0
0,1.0,1.0,0.0,0.0,0,0.0,1.0,0.0,0.0,0
0,1.0,0.0,1.0,0.0,0,0.0,-1.0,0.800000011920929,0.8,0
0,1.0,0.0,1.0,0.0,0,0.0,-1.0,0.925000011920929,0.3,0
0,1.0,0.0,1.0,0.0,0,0.0,-1.0,0.9500000476837158,0.2,0
0,1.0,0.0,1.0,0.0,0,0.0,-1.0,0.800000011920929,0.8,0
0,1.0,0.0,1.0,0.0,0,0.0,-1.0,0.925000011920929,0.3,0
0,1.0,0.0,1.0,0.0,0,0.0,-1.0,0.6800000071525574,0.8,0
0,1.0,1.0,0.0,0.0,0,0.0,1.0,0.0,0.0,0
0,1.0,0.0,1.0,0.0,0,0.0,-1.0,0.7599999904632568,0.8,2
0,1.0,0.0,1.0,0.0,0,0.0,-1.0,0.9099999666213989,0.3,2
0,1.0,1.0,0.0,0.0,0,0.0,1.0,0.0,0.0,0
0,1.0,0.0,1.0,0.0,0,0.0,-1.0,0.9099999666213989,0.3,2
0,0.91722,0.3725101053714752,0.6274899244308472,0.082780026,1,0.0,-5.528153896331787,0.40248993039131165,0.5,3
0,1.0,0.0,1.0,0.0,0,0.0,-1.0041389465332031,0.5999999642372131,1.0,0
0,1.0,1.0,0.0,0.0,0,0.0,1.0,0.0,0.0,0
0,1.0,0.0,1.0,0.0,0,0.0,-1.0,0.925000011920929,0.3,0
0,1.0,0.0,1.0,0.0,0,0.0,-1.0,0.6800000071525574,0.8,3
0,1.0,0.0,1.0,0.0,0,0.0,-1.0,0.8500000238418579,0.5,2
0,1.0,0.0,1.0,0.0,0,0.0,-1.0,0.9500000476837158,0.2,2
0,0.93505937,0.29223284125328064,0.707767128944397,0.06494063,1,0.0,-5.629838943481445,0.2577671408653259,1.0,2
0,1.0,0.0,1.0,0.0,0,0.0,-1.0032470226287842,0.6399999856948853,0.8,0
0,1.0,0.0,1.0,0.0,0,0.0,-1.0,0.6399999856948853,0.8,1
0,1.0,0.0,1.0,0.0,0,0.0,-1.0,0.800000011920929,0.8,3
0,1.0,0.0,1.0,0.0,0,0.0,-1.0,0.7999999523162842,0.5,1
0,1.0,0.0,1.0,0.0,0,0.0,-1.0,0.875,0.5,2
0,1.0,0.0,1.0,0.0,0,0.0,-1.0,0.9200000166893005,0.2,3
0,1.0,0.0,1.0,0.0,0,0.0,-1.0,0.9100000262260437,0.2,2
0,1.0,1.0,0.0,0.0,0,0.0,1.0,0.0,0.0,0
0,1.0,0.0,1.0,0.0,0,0.0,-1.0,0.875,0.5,1
0,1.0,1.0,0.0,0.0,0,0.0,1.0,0.0,0.0,0
0,1.0,0.0,1.0,0.0,0,0.0,-1.0,0.9100000262260437,0.2,1
0,1.0,0.0,1.0,0.0,0,0.0,-1.0,0.7749999761581421,0.5,0
0,1.0,0.0,1.0,0.0,0,0.0,-1.0,0.550000011920929,1.0,1
0,1.0,0.0,1.0,0.0,0,0.0,-1.0,0.925000011920929,0.3,0
0,1.0,0.0,1.0,0.0,0,0.0,-1.0,0.9500000476837158,0.2,2
0,1.0,0.0,1.0,0.0,0,0.0,-1.0,0.5999999642372131,1.0,1
0,1.0,1.0,0.0,0.0,0,0.0,1.0,0.0,0.0,0
0,1.0,0.0,1.0,0.0,0,0.0,-1.0,0.9200000166893005,0.2,3
0,1.0,0.0,1.0,0.0,0,0.0,-1.0,0.9099999666213989,0.3,0
0,1.0,0.0,1.0,0.0,0,0.0,-1.0,0.75,1.0,1
0,1.0,0.0,1.0,0.0,0,0.0,-1.0,0.925000011920929,0.3,0
0,1.0,0.0,1.0,0.0,0,0.0,-1.0,0.9200000166893005,0.2,1
0,1.0,0.0,1.0,0.0,0,0.0,-1.0,0.800000011920929,0.8,1
0,1.0,0.0,1.0,0.0,0,0.0,-1.0,0.925000011920929,0.3,0
0,0.8,0.8999999761581421,0.10000000149011612,0.2,1,0.0,-4.860000133514404,0.02499999850988388,0.3,2
0,0.9824722,1.0,0.0,0.017527843,0,0.0,0.9356637001037598,0.0,0.0,0
0,1.0,0.0,1.0,0.0,0,0.0,-1.0004382133483887,0.9500000476837158,0.2,0
0,1.0,1.0,0.0,0.0,0,0.0,1.0,0.0,0.0,0
0,1.0,0.0,1.0,0.0,0,0.0,-1.0,0.875,0.5,1
0,1.0,0.0,1.0,0.0,0,0.0,-1.0,0.925000011920929,0.3,1
0,1.0,0.0,1.0,0.0,0,0.0,-1.0,0.9200000166893005,0.2,1
0,1.0,1.0,0.0,0.0,0,0.0,1.0,0.0,0.0,0
0,1.0,0.0,1.0,0.0,0,0.0,-1.0,0.925000011920929,0.3,3
0,1.0,0.0,1.0,0.0,0,0.0,-1.0,0.6399999856948853,0.8,0
0,1.0,0.0,1.0,0.0,0,0.0,-1.0,0.9500000476837158,0.2,0
0,1.0,0.0,1.0,0.0,0,0.0,-1.0,0.940000057220459,0.2,2
0,1.0,0.0,1.0,0.0,0,0.0,-1.0,0.9200000166893005,0.2,3
0,1.0,0.0,1.0,0.0,0,0.0,-1.0,0.9100000262260437,0.2,2
0,1.0,0.0,1.0,0.0,0,0.0,-1.0,0.7000000476837158,1.0,1
0,1.0,0.0,1.0,0.0,0,0.0,-1.0,0.8500000238418579,0.5,1
0,1.0,1.0,0.0,0.0,0,0.0,1.0,0.0,0.0,0
0,1.0,0.0,1.0,0.0,0,0.0,-1.0,0.9500000476837158,0.2,1
0,1.0,1.0,0.0,0.0,0,0.0,1.0,0.0,0.0,0
0,1.0,1.0,0.0,0.0,0,0.0,1.0,0.0,0.0,0
0,1.0,0.0,1.0,0.0,0,0.0,-1.0,0.9500000476837158,0.2,0
0,1.0,0.0,1.0,0.0,0,0.0,-1.0,0.8500000238418579,0.5,3
0,1.0,0.0,1.0,0.0,0,0.0,-1.0,0.925000011920929,0.3,2
0,1.0,0.0,1.0,0.0,0,0.0,-1.0,0.6800000071525574,0.8,0
0,1.0,1.0,0.0,0.0,0,0.0,1.0,0.0,0.0,0
0,1.0,1.0,0.0,0.0,0,0.0,1.0,0.0,0.0,0
0,1.0,0.0,1.0,0.0,0,0.0,-1.0,0.875,0.5,1
0,1.0,1.0,0.0,0.0,0,0.0,1.0,0.0,0.0,0
1,1.0,0.0,1.0,0.0,0,0.0,-1.0,0.8500000238418579,0.5,0
1,1.0,0.0,1.0,0.0,0,0.0,-1.0,0.7999999523162842,0.5,2
1,1.0,0.0,1.0,0.0,0,0.0,-1.0,0.75,1.0,2
1,0.9366427,0.28510782122612,0.7148921489715576,0.06335729,1,0.0,-5.6388630867004395,0.6548922061920166,0.2,0
1,1.0,0.0,1.0,0.0,0,0.0,-1.0031678676605225,0.9500000476837158,0.2,0
1,1.0,0.0,1.0,0.0,0,0.0,-1.0,0.9500000476837158,0.2,1
1,1.0,1.0,0.0,0.0,0,0.0,1.0,0.0,0.0,0
1,1.0,0.0,1.0,0.0,0,0.0,-1.0,0.9099999666213989,0.3,0
1,1.0,0.0,1.0,0.0,0,0.0,-1.0,0.925000011920929,0.3,0
1,1.0,0.0,1.0,0.0,0,0.0,-1.0,0.9500000476837158,0.2,0
1,1.0,0.0,1.0,0.0,0,0.0,-1.0,0.6800000071525574,0.8,1
1,1.0,1.0,0.0,0.0,0,0.0,1.0,0.0,0.0,0
1,1.0,0.0,1.0,0.0,0,0.0,-1.0,0.7599999904632568,0.8,2
1,1.0,0.0,1.0,0.0,0,0.0,-1.0,0.925000011920929,0.3,1
1,1.0,0.0,1.0,0.0,0,0.0,-1.0,0.9200000166893005,0.2,1
1,1.0,1.0,0.0,0.0,0,0.0,1.0,0.0,0.0,0
1,1.0,1.0,0.0,0.0,0,0.0,1.0,0.0,0.0,0
1,1.0,1.0,0.0,0.0,0,0.0,1.0,0.0,0.0,0
1,1.0,0.0,1.0,0.0,0,0.0,-1.0,0.9099999666213989,0.3,0
1,1.0,0.0,1.0,0.0,0,0.0,-1.0,0.7999999523162842,0.5,1
1,1.0,0.0,1.0,0.0,0,0.0,-1.0,0.9500000476837158,0.2,3
1,1.0,1.0,0.0,0.0,0,0.0,1.0,0.0,0.0,0
1,1.0,0.0,1.0,0.0,0,0.0,-1.0,0.875,0.5,2
1,1.0,0.0,1.0,0.0,0,0.0,-1.0,0.7000000476837158,1.0,2
1,1.0,0.0,1.0,0.0,0,0.0,-1.0,0.800000011920929,0.8,0
1,1.0,1.0,0.0,0.0,0,0.0,1.0,0.0,0.0,0
1,1.0,0.0,1.0,0.0,0,0.0,-1.0,0.9099999666213989,0.3,3
1,1.0,0.0,1.0,0.0,0,0.0,-1.0,0.925000011920929,0.3,2
1,1.0,0.0,1.0,0.0,0,0.0,-1.0,0.7599999904632568,0.8,0
1,1.0,0.0,1.0,0.0,0,0.0,-1.0,0.940000057220459,0.2,1
1,1.0,1.0,0.0,0.0,0,0.0,1.0,0.0,0.0,0
1,1.0,0.0,1.0,0.0,0,0.0,-1.0,0.800000011920929,0.8,0
1,1.0,1.0,0.0,0.0,0,0.0,1.0,0.0,0.0,0
1,1.0,1.0,0.0,0.0,0,0.0,1.0,0.0,0.0,0
1,1.0,0.0,1.0,0.0,0,0.0,-1.0,0.7000000476837158,1.0,3
1,1.0,1.0,0.0,0.0,0,0.0,1.0,0.0,0.0,0
1,0.96,1.0,0.0,0.040000003,0,1.0,0.8740000128746033,0.0,0.0,0
1,1.0,0.0,1.0,0.0,0,0.0,-1.0010000467300415,0.9200000166893005,0.2,1
1,1.0,0.0,1.0,0.0,0,0.0,-1.0,0.6800000071525574,0.8,0
1,0.99721795,0.012519263662397861,0.9874807596206665,0.0027820587,0,0.0,-0.9841423034667969,0.7874807119369507,0.5,0
1,1.0,0.0,1.0,0.0,0,0.0,-1.0001391172409058,0.875,0.5,3
1,1.0,0.0,1.0,0.0,0,0.0,-1.0,0.9500000476837158,0.2,0
1,1.0,0.0,1.0,0.0,0,0.0,-1.0,0.75,1.0,1
1,1.0,1.0,0.0,0.0,0,0.0,1.0,0.0,0.0,0
1,1.0,0.0,1.0,0.0,0,0.0,-1.0,0.6399999856948853,0.8,2
1,1.0,0.0,1.0,0.0,0,0.0,-1.0,0.75,1.0,0
1,1.0,0.0,1.0,0.0,0,0.0,-1.0,0.925000011920929,0.3,3
1,1.0,0.0,1.0,0.0,0,0.0,-1.0,0.6800000071525574,0.8,2
1,1.0,1.0,0.0,0.0,0,0.0,1.0,0.0,0.0,0
1,1.0,1.0,0.0,0.0,0,0.0,1.0,0.0,0.0,0
1,1.0,1.0,0.0,0.0,0,0.0,1.0,0.0,0.0,0
1,1.0,1.0,0.0,0.0,0,0.0,1.0,0.0,0.0,0
1,1.0,0.0,1.0,0.0,0,0.0,-1.0,0.940000057220459,0.2,2
1,1.0,0.0,1.0,0.0,0,0.0,-1.0,0.6800000071525574,0.8,1
1,1.0,0.0,1.0,0.0,0,0.0,-1.0,0.800000011920929,0.8,2
1,0.96,1.0,0.0,0.040000003,0,1.0,0.8740000128746033,0.0,0.0,0
1,1.0,0.0,1.0,0.0,0,0.0,-1.0010000467300415,0.5999999642372131,1.0,1
1,1.0,0.0,1.0,0.0,0,0.0,-1.0,0.5999999642372131,1.0,0
1,0.99446446,1.0,0.0,0.005535555,0,0.0,0.9825630187988281,0.0,0.0,0
1,1.0,1.0,0.0,0.0,0,0.0,0.9998615980148315,0.0,0.0,0
1,1.0,0.0,1.0,0.0,0,0.0,-1.0,0.875,0.5,3
1,1.0,0.0,1.0,0.0,0,0.0,-1.0,0.7599999904632568,0.8,0
1,1.0,0.0,1.0,0.0,0,0.0,-1.0,0.9200000166893005,0.2,1
1,1.0,0.0,1.0,0.0,0,0.0,-1.0,0.9500000476837158,0.2,3
1,1.0,0.0,1.0,0.0,0,0.0,-1.0,0.9500000476837158,0.2,1
1,1.0,0.0,1.0,0.0,0,0.0,-1.0,0.875,0.5,3
1,1.0,0.0,1.0,0.0,0,0.0,-1.0,0.925000011920929,0.3,0
1,1.0,0.0,1.0,0.0,0,0.0,-1.0,0.7749999761581421,0.5,0
1,1.0,0.0,1.0,0.0,0,0.0,-1.0,0.940000057220459,0.2,3
1,1.0,0.0,1.0,0.0,0,0.0,-1.0,0.925000011920929,0.3,2
1,0.9456697,0.24448634684085846,0.7555136680603027,0.0543303,1,0.0,-5.690317630767822,0.6655136346817017,0.3,1
1,1.0,0.0,1.0,0.0,0,0.0,-1.0027165412902832,0.925000011920929,0.3,2
1,1.0,0.0,1.0,0.0,0,0.0,-1.0,0.940000057220459,0.2,1
1,1.0,1.0,0.0,0.0,0,0.0,1.0,0.0,0.0,0
1,1.0,0.0,1.0,0.0,0,0.0,-1.0,0.875,0.5,1
1,1.0,0.0,1.0,0.0,0,0.0,-1.0,0.940000057220459,0.2,0
1,1.0,0.0,1.0,0.0,0,0.0,-1.0,0.925000011920929,0.3,0
1,1.0,0.0,1.0,0.0,0,0.0,-1.0,0.9099999666213989,0.3,0
1,1.0,0.0,1.0,0.0,0,0.0,-1.0,0.5999999642372131,1.0,2
1,0.9672346,1.0,0.0,0.03276539,0,0.0,0.896789014339447,0.0,0.0,0
1,1.0,0.0,1.0,0.0,0,0.0,-1.0008190870285034,0.5999999642372131,1.0,1
1,1.0,0.0,1.0,0.0,0,0.0,-1.0,0.940000057220459,0.2,0
1,1.0,0.0,1.0,0.0,0,0.0,-1.0,0.925000011920929,0.3,1
1,1.0,0.0,1.0,0.0,0,0.0,-1.0,0.5999999642372131,1.0,1
1,1.0,1.0,0.0,0.0,0,0.0,1.0,0.0,0.0,0
1,1.0,1.0,0.0,0.0,0,0.0,1.0,0.0,0.0,0
1,1.0,0.0,1.0,0.0,0,0.0,-1.0,0.5999999642372131,1.0,1
1,1.0,0.0,1.0,0.0,0,0.0,-1.0,0.875,0.5,3
1,1.0,0.0,1.0,0.0,0,0.0,-1.0,0.9500000476837158,0.2,2
1,1.0,1.0,0.0,0.0,0,0.0,1.0,0.0,0.0,0
1,1.0,0.0,1.0,0.0,0,0.0,-1.0,0.925000011920929,0.3,2
1,1.0,0.0,1.0,0.0,0,0.0,-1.0,0.5999999642372131,1.0,1
1,1.0,1.0,0.0,0.0,0,0.0,1.0,0.0,0.0,0
1,1.0,1.0,0.0,0.0,0,0.0,1.0,0.0,0.0,0
1,1.0,0.0,1.0,0.0,0,0.0,-1.0,0.800000011920929,0.8,2
1,1.0,0.0,1.0,0.0,0,0.0,-1.0,0.5999999642372131,1.0,3
1,1.0,0.0,1.0,0.0,0,0.0,-1.0,0.9100000262260437,0.2,3
1,1.0,1.0,0.0,0.0,0,0.0,1.0,0.0,0.0,0
1,1.0,0.0,1.0,0.0,0,0.0,-1.0,0.925000011920929,0.3,3
1,1.0,1.0,0.0,0.0,0,0.0,1.0,0.0,0.0,0
1,1.0,0.0,1.0,0.0,0,0.0,-1.0,0.7000000476837158,1.0,1
1,1.0,0.0,1.0,0.0,0,0.0,-1.0,0.7599999904632568,0.8,2
1,1.0,0.0,1.0,0.0,0,0.0,-1.0,0.7599999904632568,0.8,2
1,1.0,0.0,1.0,0.0,0,0.0,-1.0,0.7999999523162842,0.5,3
1,1.0,0.0,1.0,0.0,0,0.0,-1.0,0.800000011920929,0.8,2
1,1.0,0.0,1.0,0.0,0,0.0,-1.0,0.9099999666213989,0.3,3
1,1.0,0.0,1.0,0.0,0,0.0,-1.0,0.925000011920929,0.3,1
1,1.0,0.0,1.0,0.0,0,0.0,-1.0,0.7599999904632568,0.8,1
1,1.0,0.0,1.0,0.0,0,0.0,-1.0,0.9500000476837158,0.2,0
1,1.0,1.0,0.0,0.0,0,0.0,1.0,0.0,0.0,0
1,1.0,1.0,0.0,0.0,0,0.0,1.0,0.0,0.0,0
1,1.0,0.0,1.0,0.0,0,0.0,-1.0,0.925000011920929,0.3,1
1,1.0,0.0,1.0,0.0,0,0.0,-1.0,0.7999999523162842,0.5,3
1,1.0,1.0,0.0,0.0,0,0.0,1.0,0.0,0.0,0
1,1.0,1.0,0.0,0.0,0,0.0,1.0,0.0,0.0,0
1,1.0,1.0,0.0,0.0,0,0.0,1.0,0.0,0.0,0
1,1.0,1.0,0.0,0.0,0,0.0,1.0,0.0,0.0,0
1,1.0,1.0,0.0,0.0,0,0.0,1.0,0.0,0.0,0
1,1.0,0.0,1.0,0.0,0,0.0,-1.0,0.550000011920929,1.0,2
1,1.0,0.0,1.0,0.0,0,0.0,-1.0,0.9200000166893005,0.2,3
1,1.0,0.0,1.0,0.0,0,0.0,-1.0,0.940000057220459,0.2,2
1,1.0,0.0,1.0,0.0,0,0.0,-1.0,0.9500000476837158,0.2,2
1,1.0,0.0,1.0,0.0,0,0.0,-1.0,0.9500000476837158,0.2,2
1,1.0,1.0,0.0,0.0,0,0.0,1.0,0.0,0.0,0
1,1.0,0.0,1.0,0.0,0,0.0,-1.0,0.9500000476837158,0.2,3
1,1.0,0.0,1.0,0.0,0,0.0,-1.0,0.9099999666213989,0.3,1
1,1.0,0.0,1.0,0.0,0,0.0,-1.0,0.875,0.5,3
1,1.0,0.0,1.0,0.0,0,0.0,-1.0,0.9500000476837158,0.2,3
1,1.0,0.0,1.0,0.0,0,0.0,-1.0,0.875,0.5,2
1,0.8888771,0.5000531673431396,0.49994683265686035,0.11112293,1,0.0,-5.366599082946777,0.17994685471057892,0.8,2
1,1.0,0.0,1.0,0.0,0,0.0,-1.0055561065673828,0.875,0.5,2
1,1.0,0.0,1.0,0.0,0,0.0,-1.0,0.9500000476837158,0.2,2
1,1.0,1.0,0.0,0.0,0,0.0,1.0,0.0,0.0,0
1,1.0,1.0,0.0,0.0,0,0.0,1.0,0.0,0.0,0
1,1.0,0.0,1.0,0.0,0,0.0,-1.0,0.800000011920929,0.8,1
1,1.0,0.0,1.0,0.0,0,0.0,-1.0,0.7999999523162842,0.5,2
1,1.0,0.0,1.0,0.0,0,0.0,-1.0,0.925000011920929,0.3,2
1,1.0,0.0,1.0,0.0,0,0.0,-1.0,0.6800000071525574,0.8,3
1,1.0,0.0,1.0,0.0,0,0.0,-1.0,0.925000011920929,0.3,1
1,1.0,0.0,1.0,0.0,0,0.0,-1.0,0.800000011920929,0.8,3
1,1.0,0.0,1.0,0.0,0,0.0,-1.0,0.9500000476837158,0.2,2
1,1.0,0.0,1.0,0.0,0,0.0,-1.0,0.925000011920929,0.3,2
1,1.0,0.0,1.0,0.0,0,0.0,-1.0,0.875,0.5,2
1,1.0,0.0,1.0,0.0,0,0.0,-1.0,0.925000011920929,0.3,2
1,1.0,1.0,0.0,0.0,0,0.0,1.0,0.0,0.0,0
1,1.0,0.0,1.0,0.0,0,0.0,-1.0,0.550000011920929,1.0,2
1,1.0,0.0,1.0,0.0,0,0.0,-1.0,0.9500000476837158,0.2,1
1,1.0,0.0,1.0,0.0,0,0.0,-1.0,0.550000011920929,1.0,2
1,1.0,0.0,1.0,0.0,0,0.0,-1.0,0.9500000476837158,0.2,1
1,1.0,1.0,0.0,0.0,0,0.0,1.0,0.0,0.0,0
1,1.0,0.0,1.0,0.0,0,0.0,-1.0,0.7999999523162842,0.5,1
1,1.0,0.0,1.0,0.0,0,0.0,-1.0,0.7599999904632568,0.8,3
1,1.0,0.0,1.0,0.0,0,0.0,-1.0,0.9500000476837158,0.2,3
1,1.0,0.0,1.0,0.0,0,0.0,-1.0,0.9099999666213989,0.3,3
1,1.0,1.0,0.0,0.0,0,0.0,1.0,0.0,0.0,0
1,1.0,1.0,0.0,0.0,0,0.0,1.0,0.0,0.0,0
1,1.0,0.0,1.0,0.0,0,0.0,-1.0,0.875,0.5,2
1,1.0,0.0,1.0,0.0,0,0.0,-1.0,0.925000011920929,0.3,1
1,1.0,1.0,0.0,0.0,0,0.0,1.0,0.0,0.0,0
1,1.0,0.0,1.0,0.0,0,0.0,-1.0,0.940000057220459,0.2,0
1,1.0,0.0,1.0,0.0,0,0.0,-1.0,0.7599999904632568,0.8,3
1,1.0,0.0,1.0,0.0,0,0.0,-1.0,0.9099999666213989,0.3,3
1,1.0,0.0,1.0,0.0,0,0.0,-1.0,0.6800000071525574,0.8,1
1,1.0,0.0,1.0,0.0,0,0.0,-1.0,0.7999999523162842,0.5,0
1,0.8561328,0.647402286529541,0.352597713470459,0.14386718,1,0.0,-5.179957389831543,0.12759771943092346,0.5,0
1,1.0,1.0,0.0,0.0,0,0.0,0.992806613445282,0.0,0.0,0
1,1.0,1.0,0.0,0.0,0,0.0,1.0,0.0,0.0,0
1,1.0,0.0,1.0,0.0,0,0.0,-1.0,0.925000011920929,0.3,3
1,1.0,0.0,1.0,0.0,0,0.0,-1.0,0.925000011920929,0.3,3
1,1.0,1.0,0.0,0.0,0,0.0,1.0,0.0,0.0,0
1,1.0,0.0,1.0,0.0,0,0.0,-1.0,0.925000011920929,0.3,1
1,1.0,1.0,0.0,0.0,0,0.0,1.0,0.0,0.0,0
1,1.0,0.0,1.0,0.0,0,0.0,-1.0,0.75,1.0,3
1,1.0,0.0,1.0,0.0,0,0.0,-1.0,0.6800000071525574,0.8,2
1,0.96,1.0,0.0,0.040000003,0,1.0,0.8740000128746033,0.0,0.0,0
1,1.0,1.0,0.0,0.0,0,0.0,0.9990000128746033,0.0,0.0,0
1,1.0,1.0,0.0,0.0,0,0.0,1.0,0.0,0.0,0
1,1.0,1.0,0.0,0.0,0,0.0,1.0,0.0,0.0,0
1,1.0,0.0,1.0,0.0,0,0.0,-1.0,0.925000011920929,0.3,0
1,1.0,1.0,0.0,0.0,0,0.0,1.0,0.0,0.0,0
1,1.0,0.0,1.0,0.0,0,0.0,-1.0,0.7000000476837158,1.0,3
1,1.0,0.0,1.0,0.0,0,0.0,-1.0,0.75,1.0,0
1,1.0,0.0,1.0,0.0,0,0.0,-1.0,0.7000000476837158,1.0,2
1,1.0,0.0,1.0,0.0,0,0.0,-1.0,0.875,0.5,0
1,1.0,0.0,1.0,0.0,0,0.0,-1.0,0.925000011920929,0.3,1
1,1.0,1.0,0.0,0.0,0,0.0,1.0,0.0,0.0,0
1,1.0,0.0,1.0,0.0,0,0.0,-1.0,0.8500000238418579,0.5,1
1,1.0,0.0,1.0,0.0,0,0.0,-1.0,0.8500000238418579,0.5,2
1,1.0,0.0,1.0,0.0,0,0.0,-1.0,0.925000011920929,0.3,2
1,1.0,1.0,0.0,0.0,0,0.0,1.0,0.0,0.0,0
1,1.0,1.0,0.0,0.0,0,0.0,1.0,0.0,0.0,0
1,1.0,0.0,1.0,0.0,0,0.0,-1.0,0.6800000071525574,0.8,3
1,1.0,0.0,1.0,0.0,0,0.0,-1.0,0.925000011920929,0.3,0
1,1.0,0.0,1.0,0.0,0,0.0,-1.0,0.5999999642372131,1.0,3
1,1.0,0.0,1.0,0.0,0,0.0,-1.0,0.925000011920929,0.3,0
1,1.0,0.0,1.0,0.0,0,0.0,-1.0,0.800000011920929,0.8,1
1,1.0,1.0,0.0,0.0,0,0.0,1.0,0.0,0.0,0
1,1.0,0.0,1.0,0.0,0,0.0,-1.0,0.9500000476837158,0.2,0
1,1.0,0.0,1.0,0.0,0,0.0,-1.0,0.8500000238418579,0.5,3
1,1.0,0.0,1.0,0.0,0,0.0,-1.0,0.9099999666213989,0.3,1
1,1.0,0.0,1.0,0.0,0,0.0,-1.0,0.6800000071525574,0.8,1
1,1.0,0.0,1.0,0.0,0,0.0,-1.0,0.800000011920929,0.8,2
1,0.906678,0.41994884610176086,0.5800511837005615,0.09332197,1,0.0,-5.46806526184082,0.3800511956214905,0.8,1
1,1.0,0.0,1.0,0.0,0,0.0,-1.0046660900115967,0.75,1.0,0
1,0.8972508,0.4623715281486511,0.5376284718513489,0.10274923,1,0.0,-5.4143290519714355,0.46262848377227783,0.3,1
1,1.0,0.0,1.0,0.0,0,0.0,-1.0051374435424805,0.875,0.5,0
1,1.0,0.0,1.0,0.0,0,0.0,-1.0,0.9500000476837158,0.2,0
1,1.0,0.0,1.0,0.0,0,0.0,-1.0,0.7599999904632568,0.8,1
1,1.0,1.0,0.0,0.0,0,0.0,1.0,0.0,0.0,0
1,1.0,0.0,1.0,0.0,0,0.0,-1.0,0.9500000476837158,0.2,2
1,1.0,1.0,0.0,0.0,0,0.0,1.0,0.0,0.0,0
1,1.0,1.0,0.0,0.0,0,0.0,1.0,0.0,0.0,0
1,1.0,1.0,0.0,0.0,0,0.0,1.0,0.0,0.0,0
1,1.0,0.0,1.0,0.0,0,0.0,-1.0,0.925000011920929,0.3,2
1,1.0,0.0,1.0,0.0,0,0.0,-1.0,0.875,0.5,2
1,1.0,1.0,0.0,0.0,0,0.0,1.0,0.0,0.0,0
1,1.0,1.0,0.0,0.0,0,0.0,1.0,0.0,0.0,0
1,1.0,0.0,1.0,0.0,0,0.0,-1.0,0.875,0.5,2
1,1.0,0.0,1.0,0.0,0,0.0,-1.0,0.5999999642372131,1.0,1
1,1.0,1.0,0.0,0.0,0,0.0,1.0,0.0,0.0,0
1,1.0,0.0,1.0,0.0,0,0.0,-1.0,0.75,1.0,3
1,1.0,0.0,1.0,0.0,0,0.0,-1.0,0.875,0.5,3
1,1.0,0.0,1.0,0.0,0,0.0,-1.0,0.800000011920929,0.8,0
1,1.0,1.0,0.0,0.0,0,0.0,1.0,0.0,0.0,0
1,1.0,0.0,1.0,0.0,0,0.0,-1.0,0.875,0.5,1
1,1.0,1.0,0.0,0.0,0,0.0,1.0,0.0,0.0,0
1,1.0,0.0,1.0,0.0,0,0.0,-1.0,0.925000011920929,0.3,0
1,1.0,1.0,0.0,0.0,0,0.0,1.0,0.0,0.0,0
1,1.0,0.0,1.0,0.0,0,0.0,-1.0,0.75,1.0,0
1,1.0,0.0,1.0,0.0,0,0.0,-1.0,0.9500000476837158,0.2,2
1,1.0,1.0,0.0,0.0,0,0.0,1.0,0.0,0.0,0
1,1.0,0.0,1.0,0.0,0,0.0,-1.0,0.925000011920929,0.3,1
1,1.0,0.0,1.0,0.0,0,0.0,-1.0,0.9099999666213989,0.3,2
1,0.91171587,0.39727863669395447,0.6027213931083679,0.088284135,1,0.0,-5.4967803955078125,0.5527214407920837,0.2,3
1,1.0,1.0,0.0,0.0,0,0.0,0.9955857992172241,0.0,0.0,0
1,1.0,0.0,1.0,0.0,0,0.0,-1.0,0.9500000476837158,0.2,0
1,1.0,0.0,1.0,0.0,0,0.0,-1.0,0.9099999666213989,0.3,0
1,0.96,1.0,0.0,0.040000003,0,1.0,0.8740000128746033,0.0,0.0,0
1,1.0,0.0,1.0,0.0,0,0.0,-1.0010000467300415,0.875,0.5,1
1,1.0,1.0,0.0,0.0,0,0.0,1.0,0.0,0.0,0
1,1.0,0.0,1.0,0.0,0,0.0,-1.0,0.7599999904632568,0.8,0
1,1.0,0.0,1.0,0.0,0,0.0,-1.0,0.8500000238418579,0.5,1
1,1.0,0.0,1.0,0.0,0,0.0,-1.0,0.800000011920929,0.8,3
1,1.0,0.0,1.0,0.0,0,0.0,-1.0,0.9200000166893005,0.2,0
1,1.0,0.0,1.0,0.0,0,0.0,-1.0,0.7000000476837158,1.0,0
1,1.0,0.0,1.0,0.0,0,0.0,-1.0,0.9500000476837158,0.2,1
1,1.0,0.0,1.0,0.0,0,0.0,-1.0,0.9500000476837158,0.2,3
1,1.0,0.0,1.0,0.0,0,0.0,-1.0,0.940000057220459,0.2,0
1,1.0,0.0,1.0,0.0,0,0.0,-1.0,0.7749999761581421,0.5,1
1,1.0,0.0,1.0,0.0,0,0.0,-1.0,0.8500000238418579,0.5,0
1,1.0,0.0,1.0,0.0,0,0.0,-1.0,0.9500000476837158,0.2,2
1,1.0,0.0,1.0,0.0,0,0.0,-1.0,0.940000057220459,0.2,3
1,1.0,0.0,1.0,0.0,0,0.0,-1.0,0.9500000476837158,0.2,0
1,1.0,0.0,1.0,0.0,0,0.0,-1.0,0.7999999523162842,0.5,0
1,1.0,1.0,0.0,0.0,0,0.0,1.0,0.0,0.0,0
1,1.0,0.0,1.0,0.0,0,0.0,-1.0,0.925000011920929,0.3,3
1,1.0,0.0,1.0,0.0,0,0.0,-1.0,0.875,0.5,1
1,1.0,0.0,1.0,0.0,0,0.0,-1.0,0.9100000262260437,0.2,1
1,1.0,0.0,1.0,0.0,0,0.0,-1.0,0.550000011920929,1.0,3
1,1.0,0.0,1.0,0.0,0,0.0,-1.0,0.9200000166893005,0.2,0
1,0.9961499,0.017325567081570625,0.9826744198799133,0.0038501264,0,0.0,-0.9780542850494385,0.7326743602752686,1.0,1
1,1.0,0.0,1.0,0.0,0,0.0,-1.0001925230026245,0.5999999642372131,1.0,1
1,1.0,0.0,1.0,0.0,0,0.0,-1.0,0.875,0.5,3
1,1.0,0.0,1.0,0.0,0,0.0,-1.0,0.940000057220459,0.2,1
1,1.0,0.0,1.0,0.0,0,0.0,-1.0,0.7999999523162842,0.5,2
1,0.8824645,0.5289096832275391,0.47109031677246094,0.11753549,1,0.0,-5.330047607421875,0.22109031677246094,1.0,2
1,1.0,0.0,1.0,0.0,0,0.0,-1.0058767795562744,0.9099999666213989,0.3,3
1,1.0,0.0,1.0,0.0,0,0.0,-1.0,0.925000011920929,0.3,1
1,1.0,0.0,1.0,0.0,0,0.0,-1.0,0.7999999523162842,0.5,1
1,1.0,0.0,1.0,0.0,0,0.0,-1.0,0.925000011920929,0.3,3
1,1.0,0.0,1.0,0.0,0,0.0,-1.0,0.925000011920929,0.3,1
1,1.0,0.0,1.0,0.0,0,0.0,-1.0,0.875,0.5,1
1,1.0,1.0,0.0,0.0,0,0.0,1.0,0.0,0.0,0
1,1.0,1.0,0.0,0.0,0,0.0,1.0,0.0,0.0,0
1,1.0,0.0,1.0,0.0,0,0.0,-1.0,0.5999999642372131,1.0,1
1,1.0,1.0,0.0,0.0,0,0.0,1.0,0.0,0.0,0
1,1.0,1.0,0.0,0.0,0,0.0,1.0,0.0,0.0,0
1,1.0,0.0,1.0,0.0,0,0.0,-1.0,0.925000011920929,0.3,2
1,1.0,0.0,1.0,0.0,0,0.0,-1.0,0.875,0.5,1
1,1.0,0.0,1.0,0.0,0,0.0,-1.0,0.800000011920929,0.8,2
1,1.0,0.0,1.0,0.0,0,0.0,-1.0,0.9099999666213989,0.3,3
1,1.0,0.0,1.0,0.0,0,0.0,-1.0,0.925000011920929,0.3,3
1,1.0,0.0,1.0,0.0,0,0.0,-1.0,0.7000000476837158,1.0,2
1,1.0,0.0,1.0,0.0,0,0.0,-1.0,0.875,0.5,1
1,1.0,0.0,1.0,0.0,0,0.0,-1.0,0.9099999666213989,0.3,3
1,1.0,0.0,1.0,0.0,0,0.0,-1.0,0.940000057220459,0.2,3
1,1.0,0.0,1.0,0.0,0,0.0,-1.0,0.75,1.0,3
1,1.0,0.0,1.0,0.0,0,0.0,-1.0,0.7000000476837158,1.0,0
1,1.0,0.0,1.0,0.0,0,0.0,-1.0,0.925000011920929,0.3,3
1,1.0,0.0,1.0,0.0,0,0.0,-1.0,0.550000011920929,1.0,0
1,1.0,0.0,1.0,0.0,0,0.0,-1.0,0.925000011920929,0.3,1
1,1.0,1.0,0.0,0.0,0,0.0,1.0,0.0,0.0,0
1,1.0,0.0,1.0,0.0,0,0.0,-1.0,0.925000011920929,0.3,3
1,1.0,0.0,1.0,0.0,0,0.0,-1.0,0.75,1.0,2
1,0.96,1.0,0.0,0.040000003,0,1.0,0.8740000128746033,0.0,0.0,0
1,1.0,1.0,0.0,0.0,0,0.0,0.9990000128746033,0.0,0.0,0
1,1.0,0.0,1.0,0.0,0,0.0,-1.0,0.875,0.5,0
1,1.0,0.0,1.0,0.0,0,0.0,-1.0,0.75,1.0,3
1,1.0,0.0,1.0,0.0,0,0.0,-1.0,0.75,1.0,1
1,1.0,1.0,0.0,0.0,0,0.0,1.0,0.0,0.0,0
1,1.0,0.0,1.0,0.0,0,0.0,-1.0,0.8500000238418579,0.5,1
1,1.0,0.0,1.0,0.0,0,0.0,-1.0,0.9200000166893005,0.2,2
1,1.0,0.0,1.0,0.0,0,0.0,-1.0,0.5999999642372131,1.0,2
1,1.0,0.0,1.0,0.0,0,0.0,-1.0,0.75,1.0,2
1,1.0,0.0,1.0,0.0,0,0.0,-1.0,0.6399999856948853,0.8,3
1,1.0,0.0,1.0,0.0,0,0.0,-1.0,0.9100000262260437,0.2,1
1,1.0,0.0,1.0,0.0,0,0.0,-1.0,0.6399999856948853,0.8,2
1,1.0,0.0,1.0,0.0,0,0.0,-1.0,0.9500000476837158,0.2,3
1,1.0,0.0,1.0,0.0,0,0.0,-1.0,0.7599999904632568,0.8,3
1,0.8732306,0.5704625248908997,0.42953747510910034,0.12676945,1,0.0,-5.277414798736572,0.33953747153282166,0.2,0
1,1.0,1.0,0.0,0.0,0,0.0,0.9936615228652954,0.0,0.0,0
1,1.0,1.0,0.0,0.0,0,0.0,1.0,0.0,0.0,0
1,1.0,0.0,1.0,0.0,0,0.0,-1.0,0.9200000166893005,0.2,3
1,1.0,0.0,1.0,0.0,0,0.0,-1.0,0.9500000476837158,0.2,1
1,1.0,0.0,1.0,0.0,0,0.0,-1.0,0.7749999761581421,0.5,0
1,1.0,0.0,1.0,0.0,0,0.0,-1.0,0.75,1.0,3
1,1.0,1.0,0.0,0.0,0,0.0,1.0,0.0,0.0,0
1,1.0,0.0,1.0,0.0,0,0.0,-1.0,0.925000011920929,0.3,3
1,1.0,0.0,1.0,0.0,0,0.0,-1.0,0.925000011920929,0.3,2
1,1.0,0.0,1.0,0.0,0,0.0,-1.0,0.6800000071525574,0.8,0
1,1.0,0.0,1.0,0.0,0,0.0,-1.0,0.800000011920929,0.8,2
1,1.0,0.0,1.0,0.0,0,0.0,-1.0,0.9100000262260437,0.2,2
1,1.0,0.0,1.0,0.0,0,0.0,-1.0,0.9200000166893005,0.2,2
1,1.0,0.0,1.0,0.0,0,0.0,-1.0,0.9500000476837158,0.2,2
1,0.96,1.0,0.0,0.040000003,0,1.0,0.8740000128746033,0.0,0.0,0
1,1.0,0.0,1.0,0.0,0,0.0,-1.0010000467300415,0.925000011920929,0.3,0
1,1.0,1.0,0.0,0.0,0,0.0,1.0,0.0,0.0,0
1,1.0,1.0,0.0,0.0,0,0.0,1.0,0.0,0.0,0
1,1.0,0.0,1.0,0.0,0,0.0,-1.0,0.7999999523162842,0.5,3
1,1.0,0.0,1.0,0.0,0,0.0,-1.0,0.9100000262260437,0.2,2
1,0.96,1.0,0.0,0.040000003,0,1.0,0.8740000128746033,0.0,0.0,0
1,1.0,1.0,0.0,0.0,0,0.0,0.9990000128746033,0.0,0.0,0
1,1.0,0.0,1.0,0.0,0,0.0,-1.0,0.925000011920929,0.3,1
1,1.0,0.0,1.0,0.0,0,0.0,-1.0,0.9099999666213989,0.3,3
1,1.0,0.0,1.0,0.0,0,0.0,-1.0,0.925000011920929,0.3,0
1,1.0,1.0,0.0,0.0,0,0.0,1.0,0.0,0.0,0
1,1.0,0.0,1.0,0.0,0,0.0,-1.0,0.9099999666213989,0.3,3
1,1.0,0.0,1.0,0.0,0,0.0,-1.0,0.9100000262260437,0.2,2
1,1.0,0.0,1.0,0.0,0,0.0,-1.0,0.800000011920929,0.8,2
1,1.0,1.0,0.0,0.0,0,0.0,1.0,0.0,0.0,0
1,1.0,0.0,1.0,0.0,0,0.0,-1.0,0.940000057220459,0.2,2
1,1.0,0.0,1.0,0.0,0,0.0,-1.0,0.8500000238418579,0.5,2
1,1.0,0.0,1.0,0.0,0,0.0,-1.0,0.925000011920929,0.3,2
1,1.0,0.0,1.0,0.0,0,0.0,-1.0,0.8500000238418579,0.5,2
1,1.0,1.0,0.0,0.0,0,0.0,1.0,0.0,0.0,0
1,1.0,1.0,0.0,0.0,0,0.0,1.0,0.0,0.0,0
1,1.0,0.0,1.0,0.0,0,0.0,-1.0,0.7000000476837158,1.0,3
1,1.0,0.0,1.0,0.0,0,0.0,-1.0,0.9099999666213989,0.3,1
1,1.0,0.0,1.0,0.0,0,0.0,-1.0,0.7599999904632568,0.8,0
1,1.0,1.0,0.0,0.0,0,0.0,1.0,0.0,0.0,0
1,1.0,0.0,1.0,0.0,0,0.0,-1.0,0.7749999761581421,0.5,1
1,1.0,0.0,1.0,0.0,0,0.0,-1.0,0.925000011920929,0.3,1
1,1.0,0.0,1.0,0.0,0,0.0,-1.0,0.5999999642372131,1.0,0
1,1.0,0.0,1.0,0.0,0,0.0,-1.0,0.9099999666213989,0.3,3
1,1.0,0.0,1.0,0.0,0,0.0,-1.0,0.925000011920929,0.3,2
1,0.9415108,0.2632012963294983,0.7367987036705017,0.05848918,1,0.0,-5.666611671447754,0.5867987275123596,0.5,3
1,1.0,0.0,1.0,0.0,0,0.0,-1.0029244422912598,0.925000011920929,0.3,2
1,1.0,1.0,0.0,0.0,0,0.0,1.0,0.0,0.0,0
1,1.0,0.0,1.0,0.0,0,0.0,-1.0,0.9500000476837158,0.2,1
1,1.0,0.0,1.0,0.0,0,0.0,-1.0,0.5999999642372131,1.0,3
1,1.0,0.0,1.0,0.0,0,0.0,-1.0,0.9500000476837158,0.2,2
1,1.0,0.0,1.0,0.0,0,0.0,-1.0,0.9099999666213989,0.3,3
1,1.0,1.0,0.0,0.0,0,0.0,1.0,0.0,0.0,0
1,0.9696758,0.1364590972661972,0.8635408878326416,0.030324245,0,0.0,-0.8271517753601074,0.7135409116744995,0.5,0
1,1.0,0.0,1.0,0.0,0,0.0,-1.0015162229537964,0.9099999666213989,0.3,3
1,1.0,1.0,0.0,0.0,0,0.0,1.0,0.0,0.0,0
1,1.0,0.0,1.0,0.0,0,0.0,-1.0,0.9200000166893005,0.2,2
1,1.0,0.0,1.0,0.0,0,0.0,-1.0,0.875,0.5,3
1,1.0,0.0,1.0,0.0,0,0.0,-1.0,0.940000057220459,0.2,3
1,1.0,0.0,1.0,0.0,0,0.0,-1.0,0.940000057220459,0.2,3
1,1.0,1.0,0.0,0.0,0,0.0,1.0,0.0,0.0,0
1,1.0,0.0,1.0,0.0,0,0.0,-1.0,0.800000011920929,0.8,0
1,1.0,1.0,0.0,0.0,0,0.0,1.0,0.0,0.0,0
1,1.0,0.0,1.0,0.0,0,0.0,-1.0,0.7749999761581421,0.5,1
1,1.0,0.0,1.0,0.0,0,0.0,-1.0,0.9500000476837158,0.2,3
1,1.0,0.0,1.0,0.0,0,0.0,-1.0,0.6399999856948853,0.8,2
1,1.0,0.0,1.0,0.0,0,0.0,-1.0,0.925000011920929,0.3,3
1,1.0,1.0,0.0,0.0,0,0.0,1.0,0.0,0.0,0
1,1.0,1.0,0.0,0.0,0,0.0,1.0,0.0,0.0,0
1,1.0,1.0,0.0,0.0,0,0.0,1.0,0.0,0.0,0
1,1.0,1.0,0.0,0.0,0,0.0,1.0,0.0,0.0,0
1,1.0,1.0,0.0,0.0,0,0.0,1.0,0.0,0.0,0
1,1.0,0.0,1.0,0.0,0,0.0,-1.0,0.7000000476837158,1.0,3
1,1.0,0.0,1.0,0.0,0,0.0,-1.0,0.800000011920929,0.8,0
1,1.0,0.0,1.0,0.0,0,0.0,-1.0,0.7999999523162842,0.5,1
1,1.0,1.0,0.0,0.0,0,0.0,1.0,0.0,0.0,0
1,1.0,1.0,0.0,0.0,0,0.0,1.0,0.0,0.0,0
1,1.0,0.0,1.0,0.0,0,0.0,-1.0,0.8500000238418579,0.5,2
1,1.0,0.0,1.0,0.0,0,0.0,-1.0,0.800000011920929,0.8,3
1,1.0,0.0,1.0,0.0,0,0.0,-1.0,0.7599999904632568,0.8,0
1,1.0,1.0,0.0,0.0,0,0.0,1.0,0.0,0.0,0
1,1.0,0.0,1.0,0.0,0,0.0,-1.0,0.9500000476837158,0.2,3
1,1.0,1.0,0.0,0.0,0,0.0,1.0,0.0,0.0,0
1,1.0,1.0,0.0,0.0,0,0.0,1.0,0.0,0.0,0
1,1.0,0.0,1.0,0.0,0,0.0,-1.0,0.5999999642372131,1.0,3
1,1.0,0.0,1.0,0.0,0,0.0,-1.0,0.940000057220459,0.2,3
1,1.0,0.0,1.0,0.0,0,0.0,-1.0,0.6800000071525574,0.8,2
1,1.0,1.0,0.0,0.0,0,0.0,1.0,0.0,0.0,0
1,1.0,0.0,1.0,0.0,0,0.0,-1.0,0.9500000476837158,0.2,2
1,1.0,0.0,1.0,0.0,0,0.0,-1.0,0.7999999523162842,0.5,0
1,1.0,0.0,1.0,0.0,0,0.0,-1.0,0.550000011920929,1.0,1
1,1.0,0.0,1.0,0.0,0,0.0,-1.0,0.940000057220459,0.2,0
1,1.0,0.0,1.0,0.0,0,0.0,-1.0,0.940000057220459,0.2,0
1,1.0,0.0,1.0,0.0,0,0.0,-1.0,0.925000011920929,0.3,3
1,1.0,0.0,1.0,0.0,0,0.0,-1.0,0.7599999904632568,0.8,3
1,1.0,1.0,0.0,0.0,0,0.0,1.0,0.0,0.0,0
1,1.0,1.0,0.0,0.0,0,0.0,1.0,0.0,0.0,0
1,1.0,0.0,1.0,0.0,0,0.0,-1.0,0.8500000238418579,0.5,0
1,1.0,0.0,1.0,0.0,0,0.0,-1.0,0.7000000476837158,1.0,2
1,1.0,0.0,1.0,0.0,0,0.0,-1.0,0.9500000476837158,0.2,0
1,1.0,1.0,0.0,0.0,0,0.0,1.0,0.0,0.0,0
1,1.0,1.0,0.0,0.0,0,0.0,1.0,0.0,0.0,0
1,1.0,0.0,1.0,0.0,0,0.0,-1.0,0.9200000166893005,0.2,2
1,1.0,1.0,0.0,0.0,0,0.0,1.0,0.0,0.0,0
1,1.0,0.0,1.0,0.0,0,0.0,-1.0,0.9200000166893005,0.2,2
1,1.0,1.0,0.0,0.0,0,0.0,1.0,0.0,0.0,0
1,1.0,0.0,1.0,0.0,0,0.0,-1.0,0.9500000476837158,0.2,0
1,1.0,0.0,1.0,0.0,0,0.0,-1.0,0.7999999523162842,0.5,1
1,1.0,1.0,0.0,0.0,0,0.0,1.0,0.0,0.0,0
1,1.0,0.0,1.0,0.0,0,0.0,-1.0,0.800000011920929,0.8,2
1,1.0,0.0,1.0,0.0,0,0.0,-1.0,0.925000011920929,0.3,2
1,1.0,0.0,1.0,0.0,0,0.0,-1.0,0.800000011920929,0.8,1
1,1.0,0.0,1.0,0.0,0,0.0,-1.0,0.925000011920929,0.3,0
1,1.0,0.0,1.0,0.0,0,0.0,-1.0,0.9200000166893005,0.2,2
1,1.0,0.0,1.0,0.0,0,0.0,-1.0,0.800000011920929,0.8,2
1,1.0,0.0,1.0,0.0,0,0.0,-1.0,0.940000057220459,0.2,0
1,1.0,1.0,0.0,0.0,0,0.0,1.0,0.0,0.0,0
1,1.0,0.0,1.0,0.0,0,0.0,-1.0,0.550000011920929,1.0,0
1,1.0,0.0,1.0,0.0,0,0.0,-1.0,0.875,0.5,0
1,1.0,0.0,1.0,0.0,0,0.0,-1.0,0.75,1.0,3
1,1.0,1.0,0.0,0.0,0,0.0,1.0,0.0,0.0,0
1,1.0,0.0,1.0,0.0,0,0.0,-1.0,0.9500000476837158,0.2,0
1,1.0,0.0,1.0,0.0,0,0.0,-1.0,0.9099999666213989,0.3,3
1,1.0,0.0,1.0,0.0,0,0.0,-1.0,0.6399999856948853,0.8,2
1,1.0,0.0,1.0,0.0,0,0.0,-1.0,0.9099999666213989,0.3,0
1,1.0,0.0,1.0,0.0,0,0.0,-1.0,0.5999999642372131,1.0,0
1,1.0,0.0,1.0,0.0,0,0.0,-1.0,0.6800000071525574,0.8,0
1,1.0,0.0,1.0,0.0,0,0.0,-1.0,0.8500000238418579,0.5,3
1,1.0,1.0,0.0,0.0,0,0.0,1.0,0.0,0.0,0
1,1.0,0.0,1.0,0.0,0,0.0,-1.0,0.75,1.0,1
1,1.0,0.0,1.0,0.0,0,0.0,-1.0,0.875,0.5,3
1,1.0,0.0,1.0,0.0,0,0.0,-1.0,0.9099999666213989,0.3,0
1,1.0,0.0,1.0,0.0,0,0.0,-1.0,0.550000011920929,1.0,3
1,1.0,0.0,1.0,0.0,0,0.0,-1.0,0.75,1.0,3
1,1.0,0.0,1.0,0.0,0,0.0,-1.0,0.925000011920929,0.3,2
1,1.0,0.0,1.0,0.0,0,0.0,-1.0,0.9200000166893005,0.2,1
1,1.0,1.0,0.0,0.0,0,0.0,1.0,0.0,0.0,0
1,1.0,0.0,1.0,0.0,0,0.0,-1.0,0.7749999761581421,0.5,2
1,0.88132995,0.5340151190757751,0.46598491072654724,0.11867004,1,0.0,-5.323580265045166,0.4159848988056183,0.2,0
1,1.0,1.0,0.0,0.0,0,0.0,0.9940664768218994,0.0,0.0,0
1,1.0,1.0,0.0,0.0,0,0.0,1.0,0.0,0.0,0
1,1.0,0.0,1.0,0.0,0,0.0,-1.0,0.875,0.5,3
1,1.0,0.0,1.0,0.0,0,0.0,-1.0,0.875,0.5,1
1,1.0,0.0,1.0,0.0,0,0.0,-1.0,0.9200000166893005,0.2,2
1,1.0,0.0,1.0,0.0,0,0.0,-1.0,0.7000000476837158,1.0,0
1,1.0,0.0,1.0,0.0,0,0.0,-1.0,0.7749999761581421,0.5,1
1,1.0,1.0,0.0,0.0,0,0.0,1.0,0.0,0.0,0
1,1.0,0.0,1.0,0.0,0,0.0,-1.0,0.7999999523162842,0.5,3
1,1.0,1.0,0.0,0.0,0,0.0,1.0,0.0,0.0,0
1,1.0,0.0,1.0,0.0,0,0.0,-1.0,0.800000011920929,0.8,2
1,1.0,0.0,1.0,0.0,0,0.0,-1.0,0.9100000262260437,0.2,3
1,1.0,0.0,1.0,0.0,0,0.0,-1.0,0.9500000476837158,0.2,3
1,1.0,0.0,1.0,0.0,0,0.0,-1.0,0.9099999666213989,0.3,1
1,1.0,0.0,1.0,0.0,0,0.0,-1.0,0.800000011920929,0.8,1
1,1.0,0.0,1.0,0.0,0,0.0,-1.0,0.7749999761581421,0.5,2
1,1.0,0.0,1.0,0.0,0,0.0,-1.0,0.7749999761581421,0.5,0
1,1.0,1.0,0.0,0.0,0,0.0,1.0,0.0,0.0,0
1,1.0,0.0,1.0,0.0,0,0.0,-1.0,0.940000057220459,0.2,1
1,1.0,0.0,1.0,0.0,0,0.0,-1.0,0.9099999666213989,0.3,3
1,1.0,0.0,1.0,0.0,0,0.0,-1.0,0.5999999642372131,1.0,2
1,1.0,1.0,0.0,0.0,0,0.0,1.0,0.0,0.0,0
1,1.0,0.0,1.0,0.0,0,0.0,-1.0,0.925000011920929,0.3,2
1,1.0,0.0,1.0,0.0,0,0.0,-1.0,0.6800000071525574,0.8,0
1,1.0,1.0,0.0,0.0,0,0.0,1.0,0.0,0.0,0
1,1.0,1.0,0.0,0.0,0,0.0,1.0,0.0,0.0,0
1,1.0,1.0,0.0,0.0,0,0.0,1.0,0.0,0.0,0
1,1.0,1.0,0.0,0.0,0,0.0,1.0,0.0,0.0,0
1,1.0,0.0,1.0,0.0,0,0.0,-1.0,0.6800000071525574,0.8,3
1,1.0,0.0,1.0,0.0,0,0.0,-1.0,0.9099999666213989,0.3,1
1,1.0,0.0,1.0,0.0,0,0.0,-1.0,0.9500000476837158,0.2,3
1,1.0,1.0,0.0,0.0,0,0.0,1.0,0.0,0.0,0
1,1.0,0.0,1.0,0.0,0,0.0,-1.0,0.9500000476837158,0.2,1
1,1.0,0.0,1.0,0.0,0,0.0,-1.0,0.75,1.0,1
1,1.0,0.0,1.0,0.0,0,0.0,-1.0,0.6800000071525574,0.8,0
1,1.0,0.0,1.0,0.0,0,0.0,-1.0,0.9500000476837158,0.2,1
1,1.0,0.0,1.0,0.0,0,0.0,-1.0,0.8500000238418579,0.5,0
1,1.0,0.0,1.0,0.0,0,0.0,-1.0,0.75,1.0,1
1,1.0,1.0,0.0,0.0,0,0.0,1.0,0.0,0.0,0
1,1.0,0.0,1.0,0.0,0,0.0,-1.0,0.7999999523162842,0.5,1
1,1.0,0.0,1.0,0.0,0,0.0,-1.0,0.6800000071525574,0.8,3
1,1.0,0.0,1.0,0.0,0,0.0,-1.0,0.9500000476837158,0.2,1
1,1.0,1.0,0.0,0.0,0,0.0,1.0,0.0,0.0,0
1,1.0,0.0,1.0,0.0,0,0.0,-1.0,0.6800000071525574,0.8,1
1,1.0,1.0,0.0,0.0,0,0.0,1.0,0.0,0.0,0
1,1.0,0.0,1.0,0.0,0,0.0,-1.0,0.7599999904632568,0.8,0
1,1.0,1.0,0.0,0.0,0,0.0,1.0,0.0,0.0,0
1,1.0,0.0,1.0,0.0,0,0.0,-1.0,0.6800000071525574,0.8,0
1,1.0,1.0,0.0,0.0,0,0.0,1.0,0.0,0.0,0
1,1.0,0.0,1.0,0.0,0,0.0,-1.0,0.875,0.5,1
1,1.0,0.0,1.0,0.0,0,0.0,-1.0,0.9200000166893005,0.2,1
2,0.947747,0.2351386398077011,0.7648614048957825,0.052253034,1,0.0,-5.702157497406006,0.5648614168167114,0.8,1
2,1.0,0.0,1.0,0.0,0,0.0,-1.0026127099990845,0.875,0.5,0
2,1.0,0.0,1.0,0.0,0,0.0,-1.0,0.6800000071525574,0.8,3
2,1.0,0.0,1.0,0.0,0,0.0,-1.0,0.800000011920929,0.8,0
2,1.0,0.0,1.0,0.0,0,0.0,-1.0,0.9099999666213989,0.3,1
2,1.0,0.0,1.0,0.0,0,0.0,-1.0,0.9500000476837158,0.2,1
2,1.0,0.0,1.0,0.0,0,0.0,-1.0,0.7599999904632568,0.8,0
2,1.0,0.0,1.0,0.0,0,0.0,-1.0,0.800000011920929,0.8,1
2,1.0,0.0,1.0,0.0,0,0.0,-1.0,0.940000057220459,0.2,2
2,1.0,0.0,1.0,0.0,0,0.0,-1.0,0.800000011920929,0.8,0
2,0.98,1.0,0.0,0.020000001,0,1.0,0.9369999766349792,0.0,0.0,0
2,1.0,1.0,0.0,0.0,0,0.0,0.9994999766349792,0.0,0.0,0
2,1.0,0.0,1.0,0.0,0,0.0,-1.0,0.940000057220459,0.2,3
2,1.0,0.0,1.0,0.0,0,0.0,-1.0,0.6800000071525574,0.8,1
2,1.0,0.0,1.0,0.0,0,0.0,-1.0,0.9100000262260437,0.2,3
2,1.0,0.0,1.0,0.0,0,0.0,-1.0,0.925000011920929,0.3,0
2,1.0,0.0,1.0,0.0,0,0.0,-1.0,0.800000011920929,0.8,1
2,1.0,1.0,0.0,0.0,0,0.0,1.0,0.0,0.0,0
2,1.0,0.0,1.0,0.0,0,0.0,-1.0,0.6800000071525574,0.8,0
2,1.0,1.0,0.0,0.0,0,0.0,1.0,0.0,0.0,0
2,1.0,0.0,1.0,0.0,0,0.0,-1.0,0.9500000476837158,0.2,1
2,1.0,1.0,0.0,0.0,0,0.0,1.0,0.0,0.0,0
2,1.0,1.0,0.0,0.0,0,0.0,1.0,0.0,0.0,0
2,1.0,0.0,1.0,0.0,0,0.0,-1.0,0.7749999761581421,0.5,0
2,1.0,0.0,1.0,0.0,0,0.0,-1.0,0.5999999642372131,1.0,2
2,1.0,0.0,1.0,0.0,0,0.0,-1.0,0.925000011920929,0.3,0
2,1.0,0.0,1.0,0.0,0,0.0,-1.0,0.925000011920929,0.3,1
2,1.0,0.0,1.0,0.0,0,0.0,-1.0,0.5999999642372131,1.0,2
2,1.0,0.0,1.0,0.0,0,0.0,-1.0,0.9099999666213989,0.3,2
2,1.0,0.0,1.0,0.0,0,0.0,-1.0,0.9099999666213989,0.3,0
2,1.0,0.0,1.0,0.0,0,0.0,-1.0,0.75,1.0,1
2,1.0,0.0,1.0,0.0,0,0.0,-1.0,0.925000011920929,0.3,0
2,1.0,0.0,1.0,0.0,0,0.0,-1.0,0.6399999856948853,0.8,0
2,1.0,0.0,1.0,0.0,0,0.0,-1.0,0.550000011920929,1.0,0
2,1.0,0.0,1.0,0.0,0,0.0,-1.0,0.875,0.5,0
2,1.0,1.0,0.0,0.0,0,0.0,1.0,0.0,0.0,0
2,1.0,1.0,0.0,0.0,0,0.0,1.0,0.0,0.0,0
2,1.0,1.0,0.0,0.0,0,0.0,1.0,0.0,0.0,0
2,1.0,0.0,1.0,0.0,0,0.0,-1.0,0.7000000476837158,1.0,1
2,1.0,1.0,0.0,0.0,0,0.0,1.0,0.0,0.0,0
2,1.0,0.0,1.0,0.0,0,0.0,-1.0,0.940000057220459,0.2,1
2,1.0,0.0,1.0,0.0,0,0.0,-1.0,0.875,0.5,1
2,1.0,0.0,1.0,0.0,0,0.0,-1.0,0.9099999666213989,0.3,2
2,1.0,0.0,1.0,0.0,0,0.0,-1.0,0.925000011920929,0.3,0
2,1.0,1.0,0.0,0.0,0,0.0,1.0,0.0,0.0,0
2,1.0,0.0,1.0,0.0,0,0.0,-1.0,0.7599999904632568,0.8,2
2,1.0,0.0,1.0,0.0,0,0.0,-1.0,0.875,0.5,3
2,1.0,1.0,0.0,0.0,0,0.0,1.0,0.0,0.0,0
2,1.0,0.0,1.0,0.0,0,0.0,-1.0,0.75,1.0,3
2,1.0,0.0,1.0,0.0,0,0.0,-1.0,0.940000057220459,0.2,1
2,1.0,0.0,1.0,0.0,0,0.0,-1.0,0.6399999856948853,0.8,2
2,1.0,0.0,1.0,0.0,0,0.0,-1.0,0.9500000476837158,0.2,1
2,1.0,0.0,1.0,0.0,0,0.0,-1.0,0.940000057220459,0.2,1
2,1.0,1.0,0.0,0.0,0,0.0,1.0,0.0,0.0,0
2,1.0,0.0,1.0,0.0,0,0.0,-1.0,0.8500000238418579,0.5,3
2,1.0,0.0,1.0,0.0,0,0.0,-1.0,0.9099999666213989,0.3,1
2,1.0,1.0,0.0,0.0,0,0.0,1.0,0.0,0.0,0
2,1.0,0.0,1.0,0.0,0,0.0,-1.0,0.925000011920929,0.3,2
2,1.0,0.0,1.0,0.0,0,0.0,-1.0,0.875,0.5,2
2,1.0,1.0,0.0,0.0,0,0.0,1.0,0.0,0.0,0
2,1.0,0.0,1.0,0.0,0,0.0,-1.0,0.7599999904632568,0.8,2
2,1.0,0.0,1.0,0.0,0,0.0,-1.0,0.75,1.0,0
2,1.0,1.0,0.0,0.0,0,0.0,1.0,0.0,0.0,0
2,1.0,0.0,1.0,0.0,0,0.0,-1.0,0.9500000476837158,0.2,1
2,1.0,1.0,0.0,0.0,0,0.0,1.0,0.0,0.0,0
2,1.0,0.0,1.0,0.0,0,0.0,-1.0,0.925000011920929,0.3,2
2,1.0,1.0,0.0,0.0,0,0.0,1.0,0.0,0.0,0
2,1.0,0.0,1.0,0.0,0,0.0,-1.0,0.5999999642372131,1.0,2
2,1.0,0.0,1.0,0.0,0,0.0,-1.0,0.7599999904632568,0.8,2
2,0.96509606,0.1570676863193512,0.8429323434829712,0.034903932,0,0.0,-0.8010477423667908,0.6429322957992554,0.5,0
2,1.0,0.0,1.0,0.0,0,0.0,-1.0017452239990234,0.9099999666213989,0.3,3
2,1.0,1.0,0.0,0.0,0,0.0,1.0,0.0,0.0,0
2,1.0,0.0,1.0,0.0,0,0.0,-1.0,0.9500000476837158,0.2,2
2,1.0,0.0,1.0,0.0,0,0.0,-1.0,0.9099999666213989,0.3,1
2,1.0,1.0,0.0,0.0,0,0.0,1.0,0.0,0.0,0
2,1.0,0.0,1.0,0.0,0,0.0,-1.0,0.9099999666213989,0.3,2
2,1.0,1.0,0.0,0.0,0,0.0,1.0,0.0,0.0,0
2,1.0,0.0,1.0,0.0,0,0.0,-1.0,0.9500000476837158,0.2,0
2,1.0,1.0,0.0,0.0,0,0.0,1.0,0.0,0.0,0
2,1.0,0.0,1.0,0.0,0,0.0,-1.0,0.6800000071525574,0.8,1
2,1.0,0.0,1.0,0.0,0,0.0,-1.0,0.800000011920929,0.8,3
2,1.0,1.0,0.0,0.0,0,0.0,1.0,0.0,0.0,0
2,1.0,0.0,1.0,0.0,0,0.0,-1.0,0.7000000476837158,1.0,1
2,1.0,0.0,1.0,0.0,0,0.0,-1.0,0.7000000476837158,1.0,0
2,1.0,0.0,1.0,0.0,0,0.0,-1.0,0.75,1.0,1
2,1.0,0.0,1.0,0.0,0,0.0,-1.0,0.6800000071525574,0.8,3
2,1.0,0.0,1.0,0.0,0,0.0,-1.0,0.9500000476837158,0.2,3
2,1.0,1.0,0.0,0.0,0,0.0,1.0,0.0,0.0,0
2,1.0,1.0,0.0,0.0,0,0.0,1.0,0.0,0.0,0
2,1.0,0.0,1.0,0.0,0,0.0,-1.0,0.940000057220459,0.2,1
2,1.0,0.0,1.0,0.0,0,0.0,-1.0,0.9100000262260437,0.2,1
2,1.0,0.0,1.0,0.0,0,0.0,-1.0,0.7749999761581421,0.5,2
2,1.0,0.0,1.0,0.0,0,0.0,-1.0,0.7999999523162842,0.5,2
2,1.0,0.0,1.0,0.0,0,0.0,-1.0,0.6800000071525574,0.8,2
2,1.0,0.0,1.0,0.0,0,0.0,-1.0,0.9500000476837158,0.2,2
2,0.925814,0.33383700251579285,0.6661629676818848,0.074186005,1,0.0,-5.577139854431152,0.2661629319190979,1.0,3
2,1.0,0.0,1.0,0.0,0,0.0,-1.003709316253662,0.925000011920929,0.3,1
2,1.0,0.0,1.0,0.0,0,0.0,-1.0,0.800000011920929,0.8,2
2,1.0,1.0,0.0,0.0,0,0.0,1.0,0.0,0.0,0
2,1.0,0.0,1.0,0.0,0,0.0,-1.0,0.925000011920929,0.3,0
2,1.0,0.0,1.0,0.0,0,0.0,-1.0,0.925000011920929,0.3,3
2,1.0,0.0,1.0,0.0,0,0.0,-1.0,0.925000011920929,0.3,3
2,1.0,0.0,1.0,0.0,0,0.0,-1.0,0.9200000166893005,0.2,2
2,0.8,0.8999999761581421,0.10000000149011612,0.2,1,0.0,-4.860000133514404,0.02499999850988388,0.3,0
2,1.0,0.0,1.0,0.0,0,0.0,-1.0099999904632568,0.7599999904632568,0.8,1
2,1.0,0.0,1.0,0.0,0,0.0,-1.0,0.75,1.0,2
2,0.99,0.044999998062849045,0.9549999833106995,0.010000001,0,1.0,-0.9429999589920044,0.8799999952316284,0.3,0
2,1.0,0.0,1.0,0.0,0,0.0,-1.000499963760376,0.800000011920929,0.8,2
2,1.0,0.0,1.0,0.0,0,0.0,-1.0,0.9099999666213989,0.3,0
2,1.0,1.0,0.0,0.0,0,0.0,1.0,0.0,0.0,0
2,1.0,0.0,1.0,0.0,0,0.0,-1.0,0.940000057220459,0.2,0
2,1.0,1.0,0.0,0.0,0,0.0,1.0,0.0,0.0,0
2,1.0,0.0,1.0,0.0,0,0.0,-1.0,0.75,1.0,2
2,1.0,1.0,0.0,0.0,0,0.0,1.0,0.0,0.0,0
2,1.0,1.0,0.0,0.0,0,0.0,1.0,0.0,0.0,0
2,1.0,0.0,1.0,0.0,0,0.0,-1.0,0.925000011920929,0.3,1
2,1.0,1.0,0.0,0.0,0,0.0,1.0,0.0,0.0,0
2,1.0,0.0,1.0,0.0,0,0.0,-1.0,0.925000011920929,0.3,2
2,0.98,1.0,0.0,0.020000001,0,1.0,0.9369999766349792,0.0,0.0,0
2,1.0,0.0,1.0,0.0,0,0.0,-1.000499963760376,0.7999999523162842,0.5,2
2,1.0,1.0,0.0,0.0,0,0.0,1.0,0.0,0.0,0
2,1.0,0.0,1.0,0.0,0,0.0,-1.0,0.9500000476837158,0.2,2
2,0.96,1.0,0.0,0.040000003,0,1.0,0.8740000128746033,0.0,0.0,0
2,1.0,0.0,1.0,0.0,0,0.0,-1.0010000467300415,0.9200000166893005,0.2,3
2,1.0,1.0,0.0,0.0,0,0.0,1.0,0.0,0.0,0
2,1.0,0.0,1.0,0.0,0,0.0,-1.0,0.925000011920929,0.3,0
2,1.0,0.0,1.0,0.0,0,0.0,-1.0,0.940000057220459,0.2,2
2,1.0,0.0,1.0,0.0,0,0.0,-1.0,0.7999999523162842,0.5,3
2,1.0,1.0,0.0,0.0,0,0.0,1.0,0.0,0.0,0
2,1.0,0.0,1.0,0.0,0,0.0,-1.0,0.925000011920929,0.3,0
2,0.94753426,0.23609577119350433,0.7639042139053345,0.052465726,1,0.0,-5.700944900512695,0.5239042043685913,0.8,1
2,0.96,1.0,0.0,0.040000003,0,1.0,0.873376727104187,0.0,0.0,0
2,1.0,1.0,0.0,0.0,0,0.0,0.9990000128746033,0.0,0.0,0
2,1.0,0.0,1.0,0.0,0,0.0,-1.0,0.7999999523162842,0.5,2
2,0.96,1.0,0.0,0.040000003,0,1.0,0.8740000128746033,0.0,0.0,0
2,1.0,0.0,1.0,0.0,0,0.0,-1.0010000467300415,0.5999999642372131,1.0,1
2,1.0,1.0,0.0,0.0,0,0.0,1.0,0.0,0.0,0
2,1.0,0.0,1.0,0.0,0,0.0,-1.0,0.5999999642372131,1.0,2
2,1.0,0.0,1.0,0.0,0,0.0,-1.0,0.550000011920929,1.0,1
2,1.0,1.0,0.0,0.0,0,0.0,1.0,0.0,0.0,0
2,1.0,0.0,1.0,0.0,0,0.0,-1.0,0.925000011920929,0.3,0
2,1.0,0.0,1.0,0.0,0,0.0,-1.0,0.5999999642372131,1.0,2
2,0.94701856,0.23841656744480133,0.7615834474563599,0.052981462,1,0.0,-5.698005676269531,0.6715834736824036,0.2,1
2,1.0,1.0,0.0,0.0,0,0.0,0.9973509311676025,0.0,0.0,0
2,1.0,0.0,1.0,0.0,0,0.0,-1.0,0.9099999666213989,0.3,2
2,1.0,0.0,1.0,0.0,0,0.0,-1.0,0.800000011920929,0.8,0
2,1.0,0.0,1.0,0.0,0,0.0,-1.0,0.925000011920929,0.3,2
2,0.99,0.044999998062849045,0.9549999833106995,0.010000001,0,1.0,-0.9429999589920044,0.8950000405311584,0.2,0
2,1.0,0.0,1.0,0.0,0,0.0,-1.000499963760376,0.875,0.5,3
2,1.0,0.0,1.0,0.0,0,0.0,-1.0,0.875,0.5,2
2,1.0,0.0,1.0,0.0,0,0.0,-1.0,0.875,0.5,3
2,1.0,0.0,1.0,0.0,0,0.0,-1.0,0.6800000071525574,0.8,3
2,1.0,0.0,1.0,0.0,0,0.0,-1.0,0.9500000476837158,0.2,3
2,1.0,1.0,0.0,0.0,0,0.0,1.0,0.0,0.0,0
2,1.0,0.0,1.0,0.0,0,0.0,-1.0,0.9099999666213989,0.3,2
2,1.0,0.0,1.0,0.0,0,0.0,-1.0,0.875,0.5,1
2,1.0,1.0,0.0,0.0,0,0.0,1.0,0.0,0.0,0
2,1.0,1.0,0.0,0.0,0,0.0,1.0,0.0,0.0,0
2,1.0,1.0,0.0,0.0,0,0.0,1.0,0.0,0.0,0
2,1.0,0.0,1.0,0.0,0,0.0,-1.0,0.6800000071525574,0.8,2
2,1.0,1.0,0.0,0.0,0,0.0,1.0,0.0,0.0,0
2,1.0,0.0,1.0,0.0,0,0.0,-1.0,0.925000011920929,0.3,2
2,1.0,0.0,1.0,0.0,0,0.0,-1.0,0.75,1.0,0
2,1.0,1.0,0.0,0.0,0,0.0,1.0,0.0,0.0,0
2,1.0,0.0,1.0,0.0,0,0.0,-1.0,0.9099999666213989,0.3,3
2,1.0,0.0,1.0,0.0,0,0.0,-1.0,0.75,1.0,3
2,1.0,0.0,1.0,0.0,0,0.0,-1.0,0.940000057220459,0.2,3
2,1.0,0.0,1.0,0.0,0,0.0,-1.0,0.6800000071525574,0.8,3
2,1.0,1.0,0.0,0.0,0,0.0,1.0,0.0,0.0,0
2,1.0,0.0,1.0,0.0,0,0.0,-1.0,0.8500000238418579,0.5,2
2,1.0,0.0,1.0,0.0,0,0.0,-1.0,0.940000057220459,0.2,3
2,1.0,1.0,0.0,0.0,0,0.0,1.0,0.0,0.0,0
2,1.0,1.0,0.0,0.0,0,0.0,1.0,0.0,0.0,0
2,1.0,1.0,0.0,0.0,0,0.0,1.0,0.0,0.0,0
2,1.0,0.0,1.0,0.0,0,0.0,-1.0,0.925000011920929,0.3,3
2,1.0,0.0,1.0,0.0,0,0.0,-1.0,0.9500000476837158,0.2,3
2,1.0,0.0,1.0,0.0,0,0.0,-1.0,0.75,1.0,3
2,1.0,0.0,1.0,0.0,0,0.0,-1.0,0.9500000476837158,0.2,2
2,1.0,0.0,1.0,0.0,0,0.0,-1.0,0.9099999666213989,0.3,3
2,1.0,1.0,0.0,0.0,0,0.0,1.0,0.0,0.0,0
2,1.0,0.0,1.0,0.0,0,0.0,-1.0,0.7599999904632568,0.8,3
2,1.0,1.0,0.0,0.0,0,0.0,1.0,0.0,0.0,0
2,1.0,0.0,1.0,0.0,0,0.0,-1.0,0.940000057220459,0.2,0
2,1.0,0.0,1.0,0.0,0,0.0,-1.0,0.550000011920929,1.0,2
2,1.0,1.0,0.0,0.0,0,0.0,1.0,0.0,0.0,0
2,1.0,0.0,1.0,0.0,0,0.0,-1.0,0.9200000166893005,0.2,3
2,1.0,0.0,1.0,0.0,0,0.0,-1.0,0.875,0.5,3
2,1.0,0.0,1.0,0.0,0,0.0,-1.0,0.875,0.5,3
2,1.0,0.0,1.0,0.0,0,0.0,-1.0,0.9099999666213989,0.3,3
2,1.0,1.0,0.0,0.0,0,0.0,1.0,0.0,0.0,0
2,1.0,0.0,1.0,0.0,0,0.0,-1.0,0.800000011920929,0.8,3
2,1.0,0.0,1.0,0.0,0,0.0,-1.0,0.5999999642372131,1.0,0
2,1.0,0.0,1.0,0.0,0,0.0,-1.0,0.75,1.0,1
2,1.0,0.0,1.0,0.0,0,0.0,-1.0,0.875,0.5,0
2,1.0,0.0,1.0,0.0,0,0.0,-1.0,0.5999999642372131,1.0,3
2,1.0,0.0,1.0,0.0,0,0.0,-1.0,0.9099999666213989,0.3,3
2,1.0,1.0,0.0,0.0,0,0.0,1.0,0.0,0.0,0
2,1.0,0.0,1.0,0.0,0,0.0,-1.0,0.925000011920929,0.3,3
2,1.0,1.0,0.0,0.0,0,0.0,1.0,0.0,0.0,0
2,1.0,0.0,1.0,0.0,0,0.0,-1.0,0.5999999642372131,1.0,1
2,1.0,0.0,1.0,0.0,0,0.0,-1.0,0.9500000476837158,0.2,3
2,1.0,0.0,1.0,0.0,0,0.0,-1.0,0.9500000476837158,0.2,0
2,1.0,0.0,1.0,0.0,0,0.0,-1.0,0.7000000476837158,1.0,0
2,1.0,0.0,1.0,0.0,0,0.0,-1.0,0.9500000476837158,0.2,2
2,1.0,0.0,1.0,0.0,0,0.0,-1.0,0.6800000071525574,0.8,2
2,1.0,1.0,0.0,0.0,0,0.0,1.0,0.0,0.0,0
2,1.0,1.0,0.0,0.0,0,0.0,1.0,0.0,0.0,0
2,1.0,0.0,1.0,0.0,0,0.0,-1.0,0.7599999904632568,0.8,2
2,1.0,0.0,1.0,0.0,0,0.0,-1.0,0.925000011920929,0.3,1
2,1.0,0.0,1.0,0.0,0,0.0,-1.0,0.925000011920929,0.3,3
2,1.0,0.0,1.0,0.0,0,0.0,-1.0,0.9500000476837158,0.2,0
2,1.0,0.0,1.0,0.0,0,0.0,-1.0,0.9099999666213989,0.3,1
2,1.0,0.0,1.0,0.0,0,0.0,-1.0,0.875,0.5,1
2,1.0,1.0,0.0,0.0,0,0.0,1.0,0.0,0.0,0
2,1.0,1.0,0.0,0.0,0,0.0,1.0,0.0,0.0,0
2,1.0,0.0,1.0,0.0,0,0.0,-1.0,0.75,1.0,0
2,1.0,0.0,1.0,0.0,0,0.0,-1.0,0.9099999666213989,0.3,0
2,1.0,0.0,1.0,0.0,0,0.0,-1.0,0.940000057220459,0.2,2
2,1.0,0.0,1.0,0.0,0,0.0,-1.0,0.7999999523162842,0.5,3
2,1.0,0.0,1.0,0.0,0,0.0,-1.0,0.9500000476837158,0.2,0
2,1.0,0.0,1.0,0.0,0,0.0,-1.0,0.925000011920929,0.3,2
2,1.0,0.0,1.0,0.0,0,0.0,-1.0,0.550000011920929,1.0,3
2,1.0,0.0,1.0,0.0,0,0.0,-1.0,0.9099999666213989,0.3,1
2,1.0,0.0,1.0,0.0,0,0.0,-1.0,0.9200000166893005,0.2,2
2,1.0,0.0,1.0,0.0,0,0.0,-1.0,0.925000011920929,0.3,2
2,1.0,0.0,1.0,0.0,0,0.0,-1.0,0.800000011920929,0.8,1
2,1.0,0.0,1.0,0.0,0,0.0,-1.0,0.5999999642372131,1.0,3
2,1.0,1.0,0.0,0.0,0,0.0,1.0,0.0,0.0,0
2,1.0,0.0,1.0,0.0,0,0.0,-1.0,0.7599999904632568,0.8,1
2,1.0,0.0,1.0,0.0,0,0.0,-1.0,0.6800000071525574,0.8,3
2,1.0,1.0,0.0,0.0,0,0.0,1.0,0.0,0.0,0
2,1.0,1.0,0.0,0.0,0,0.0,1.0,0.0,0.0,0
2,1.0,1.0,0.0,0.0,0,0.0,1.0,0.0,0.0,0
2,1.0,0.0,1.0,0.0,0,0.0,-1.0,0.550000011920929,1.0,2
2,1.0,1.0,0.0,0.0,0,0.0,1.0,0.0,0.0,0
2,1.0,1.0,0.0,0.0,0,0.0,1.0,0.0,0.0,0
2,1.0,0.0,1.0,0.0,0,0.0,-1.0,0.925000011920929,0.3,3
2,1.0,1.0,0.0,0.0,0,0.0,1.0,0.0,0.0,0
2,1.0,0.0,1.0,0.0,0,0.0,-1.0,0.9200000166893005,0.2,2
2,1.0,0.0,1.0,0.0,0,0.0,-1.0,0.925000011920929,0.3,0
2,1.0,0.0,1.0,0.0,0,0.0,-1.0,0.875,0.5,1
2,1.0,0.0,1.0,0.0,0,0.0,-1.0,0.6800000071525574,0.8,2
2,1.0,0.0,1.0,0.0,0,0.0,-1.0,0.9500000476837158,0.2,3
2,1.0,1.0,0.0,0.0,0,0.0,1.0,0.0,0.0,0
2,1.0,0.0,1.0,0.0,0,0.0,-1.0,0.925000011920929,0.3,3
2,1.0,0.0,1.0,0.0,0,0.0,-1.0,0.9500000476837158,0.2,0
2,1.0,0.0,1.0,0.0,0,0.0,-1.0,0.800000011920929,0.8,0
2,1.0,0.0,1.0,0.0,0,0.0,-1.0,0.925000011920929,0.3,0
2,1.0,0.0,1.0,0.0,0,0.0,-1.0,0.875,0.5,2
2,1.0,0.0,1.0,0.0,0,0.0,-1.0,0.9500000476837158,0.2,0
2,1.0,0.0,1.0,0.0,0,0.0,-1.0,0.9500000476837158,0.2,2
2,1.0,0.0,1.0,0.0,0,0.0,-1.0,0.75,1.0,0
2,1.0,0.0,1.0,0.0,0,0.0,-1.0,0.940000057220459,0.2,3
2,1.0,1.0,0.0,0.0,0,0.0,1.0,0.0,0.0,0
2,1.0,0.0,1.0,0.0,0,0.0,-1.0,0.925000011920929,0.3,1
2,1.0,0.0,1.0,0.0,0,0.0,-1.0,0.800000011920929,0.8,2
2,1.0,1.0,0.0,0.0,0,0.0,1.0,0.0,0.0,0
2,1.0,1.0,0.0,0.0,0,0.0,1.0,0.0,0.0,0
2,1.0,0.0,1.0,0.0,0,0.0,-1.0,0.9200000166893005,0.2,1
2,1.0,0.0,1.0,0.0,0,0.0,-1.0,0.7000000476837158,1.0,3
2,1.0,1.0,0.0,0.0,0,0.0,1.0,0.0,0.0,0
2,1.0,1.0,0.0,0.0,0,0.0,1.0,0.0,0.0,0
2,1.0,1.0,0.0,0.0,0,0.0,1.0,0.0,0.0,0
2,1.0,0.0,1.0,0.0,0,0.0,-1.0,0.9500000476837158,0.2,2
2,1.0,1.0,0.0,0.0,0,0.0,1.0,0.0,0.0,0
2,1.0,0.0,1.0,0.0,0,0.0,-1.0,0.9099999666213989,0.3,1
2,1.0,0.0,1.0,0.0,0,0.0,-1.0,0.7999999523162842,0.5,3
2,1.0,0.0,1.0,0.0,0,0.0,-1.0,0.8500000238418579,0.5,1
2,1.0,0.0,1.0,0.0,0,0.0,-1.0,0.800000011920929,0.8,1
2,1.0,0.0,1.0,0.0,0,0.0,-1.0,0.875,0.5,2
2,1.0,1.0,0.0,0.0,0,0.0,1.0,0.0,0.0,0
2,1.0,0.0,1.0,0.0,0,0.0,-1.0,0.5999999642372131,1.0,2
2,1.0,1.0,0.0,0.0,0,0.0,1.0,0.0,0.0,0
2,1.0,0.0,1.0,0.0,0,0.0,-1.0,0.9200000166893005,0.2,0
2,1.0,0.0,1.0,0.0,0,0.0,-1.0,0.925000011920929,0.3,1
2,1.0,1.0,0.0,0.0,0,0.0,1.0,0.0,0.0,0
2,1.0,0.0,1.0,0.0,0,0.0,-1.0,0.925000011920929,0.3,1
2,1.0,1.0,0.0,0.0,0,0.0,1.0,0.0,0.0,0
2,1.0,1.0,0.0,0.0,0,0.0,1.0,0.0,0.0,0
2,1.0,0.0,1.0,0.0,0,0.0,-1.0,0.925000011920929,0.3,2
2,0.8298623,0.7656195759773254,0.23438042402267456,0.17013769,1,0.0,-5.030215263366699,0.10938042402267456,0.5,1
2,1.0,0.0,1.0,0.0,0,0.0,-1.0085068941116333,0.940000057220459,0.2,1
2,1.0,0.0,1.0,0.0,0,0.0,-1.0,0.9200000166893005,0.2,0
2,1.0,0.0,1.0,0.0,0,0.0,-1.0,0.940000057220459,0.2,2
2,1.0,1.0,0.0,0.0,0,0.0,1.0,0.0,0.0,0
2,1.0,0.0,1.0,0.0,0,0.0,-1.0,0.800000011920929,0.8,3
2,1.0,0.0,1.0,0.0,0,0.0,-1.0,0.9099999666213989,0.3,3
2,1.0,0.0,1.0,0.0,0,0.0,-1.0,0.9100000262260437,0.2,3
2,1.0,0.0,1.0,0.0,0,0.0,-1.0,0.9500000476837158,0.2,1
2,1.0,0.0,1.0,0.0,0,0.0,-1.0,0.9500000476837158,0.2,2
2,1.0,1.0,0.0,0.0,0,0.0,1.0,0.0,0.0,0
2,1.0,1.0,0.0,0.0,0,0.0,1.0,0.0,0.0,0
2,1.0,1.0,0.0,0.0,0,0.0,1.0,0.0,0.0,0
2,1.0,1.0,0.0,0.0,0,0.0,1.0,0.0,0.0,0
2,1.0,0.0,1.0,0.0,0,0.0,-1.0,0.925000011920929,0.3,3
2,1.0,1.0,0.0,0.0,0,0.0,1.0,0.0,0.0,0
2,1.0,1.0,0.0,0.0,0,0.0,1.0,0.0,0.0,0
2,1.0,0.0,1.0,0.0,0,0.0,-1.0,0.800000011920929,0.8,3
2,1.0,0.0,1.0,0.0,0,0.0,-1.0,0.940000057220459,0.2,2
2,1.0,0.0,1.0,0.0,0,0.0,-1.0,0.75,1.0,0
2,1.0,0.0,1.0,0.0,0,0.0,-1.0,0.875,0.5,2
2,0.98873824,0.05067797750234604,0.9493220448493958,0.011261773,0,0.0,-0.9358078837394714,0.699321985244751,1.0,2
2,0.9639386,0.1622762382030487,0.8377237319946289,0.036061384,0,0.0,-0.7938868999481201,0.6377237439155579,0.8,1
2,1.0,0.0,1.0,0.0,0,0.0,-1.0018030405044556,0.875,0.5,2
2,1.0,0.0,1.0,0.0,0,0.0,-1.0,0.800000011920929,0.8,2
2,1.0,0.0,1.0,0.0,0,0.0,-1.0,0.800000011920929,0.8,3
2,1.0,0.0,1.0,0.0,0,0.0,-1.0,0.925000011920929,0.3,0
2,1.0,1.0,0.0,0.0,0,0.0,1.0,0.0,0.0,0
2,1.0,0.0,1.0,0.0,0,0.0,-1.0,0.75,1.0,2
2,1.0,1.0,0.0,0.0,0,0.0,1.0,0.0,0.0,0
2,1.0,0.0,1.0,0.0,0,0.0,-1.0,0.925000011920929,0.3,1
2,1.0,0.0,1.0,0.0,0,0.0,-1.0,0.7749999761581421,0.5,3
2,1.0,1.0,0.0,0.0,0,0.0,1.0,0.0,0.0,0
2,1.0,0.0,1.0,0.0,0,0.0,-1.0,0.925000011920929,0.3,3
2,1.0,1.0,0.0,0.0,0,0.0,1.0,0.0,0.0,0
2,1.0,1.0,0.0,0.0,0,0.0,1.0,0.0,0.0,0
2,1.0,0.0,1.0,0.0,0,0.0,-1.0,0.5999999642372131,1.0,2
2,0.99167967,1.0,0.0,0.008320356,0,0.0,0.9737908840179443,0.0,0.0,0
2,1.0,0.0,1.0,0.0,0,0.0,-1.0002080202102661,0.75,1.0,0
2,1.0,0.0,1.0,0.0,0,0.0,-1.0,0.9500000476837158,0.2,3
2,1.0,1.0,0.0,0.0,0,0.0,1.0,0.0,0.0,0
2,1.0,1.0,0.0,0.0,0,0.0,1.0,0.0,0.0,0
2,1.0,0.0,1.0,0.0,0,0.0,-1.0,0.5999999642372131,1.0,3
2,1.0,0.0,1.0,0.0,0,0.0,-1.0,0.925000011920929,0.3,2
2,1.0,1.0,0.0,0.0,0,0.0,1.0,0.0,0.0,0
2,1.0,0.0,1.0,0.0,0,0.0,-1.0,0.6800000071525574,0.8,0
2,1.0,0.0,1.0,0.0,0,0.0,-1.0,0.9500000476837158,0.2,0
2,1.0,0.0,1.0,0.0,0,0.0,-1.0,0.7999999523162842,0.5,3
2,1.0,1.0,0.0,0.0,0,0.0,1.0,0.0,0.0,0
2,1.0,0.0,1.0,0.0,0,0.0,-1.0,0.875,0.5,2
2,1.0,0.0,1.0,0.0,0,0.0,-1.0,0.925000011920929,0.3,3
2,1.0,0.0,1.0,0.0,0,0.0,-1.0,0.875,0.5,1
2,1.0,0.0,1.0,0.0,0,0.0,-1.0,0.75,1.0,3
2,1.0,0.0,1.0,0.0,0,0.0,-1.0,0.9099999666213989,0.3,2
2,1.0,1.0,0.0,0.0,0,0.0,1.0,0.0,0.0,0
2,1.0,0.0,1.0,0.0,0,0.0,-1.0,0.940000057220459,0.2,3
2,1.0,0.0,1.0,0.0,0,0.0,-1.0,0.7000000476837158,1.0,1
2,1.0,1.0,0.0,0.0,0,0.0,1.0,0.0,0.0,0
2,1.0,1.0,0.0,0.0,0,0.0,1.0,0.0,0.0,0
2,1.0,0.0,1.0,0.0,0,0.0,-1.0,0.940000057220459,0.2,1
2,1.0,1.0,0.0,0.0,0,0.0,1.0,0.0,0.0,0
2,1.0,0.0,1.0,0.0,0,0.0,-1.0,0.9500000476837158,0.2,0
2,1.0,1.0,0.0,0.0,0,0.0,1.0,0.0,0.0,0
2,1.0,0.0,1.0,0.0,0,0.0,-1.0,0.7999999523162842,0.5,2
2,1.0,1.0,0.0,0.0,0,0.0,1.0,0.0,0.0,0
2,1.0,0.0,1.0,0.0,0,0.0,-1.0,0.7999999523162842,0.5,0
2,1.0,1.0,0.0,0.0,0,0.0,1.0,0.0,0.0,0
2,1.0,0.0,1.0,0.0,0,0.0,-1.0,0.800000011920929,0.8,2
2,1.0,0.0,1.0,0.0,0,0.0,-1.0,0.550000011920929,1.0,2
2,1.0,0.0,1.0,0.0,0,0.0,-1.0,0.940000057220459,0.2,3
2,1.0,0.0,1.0,0.0,0,0.0,-1.0,0.9500000476837158,0.2,2
2,1.0,0.0,1.0,0.0,0,0.0,-1.0,0.9100000262260437,0.2,3
2,1.0,0.0,1.0,0.0,0,0.0,-1.0,0.925000011920929,0.3,0
2,1.0,0.0,1.0,0.0,0,0.0,-1.0,0.9200000166893005,0.2,1
2,1.0,1.0,0.0,0.0,0,0.0,1.0,0.0,0.0,0
2,1.0,1.0,0.0,0.0,0,0.0,1.0,0.0,0.0,0
2,1.0,1.0,0.0,0.0,0,0.0,1.0,0.0,0.0,0
2,1.0,1.0,0.0,0.0,0,0.0,1.0,0.0,0.0,0
2,1.0,0.0,1.0,0.0,0,0.0,-1.0,0.940000057220459,0.2,3
2,1.0,0.0,1.0,0.0,0,0.0,-1.0,0.7000000476837158,1.0,3
2,1.0,1.0,0.0,0.0,0,0.0,1.0,0.0,0.0,0
2,1.0,0.0,1.0,0.0,0,0.0,-1.0,0.7999999523162842,0.5,3
2,1.0,0.0,1.0,0.0,0,0.0,-1.0,0.5999999642372131,1.0,1
2,1.0,0.0,1.0,0.0,0,0.0,-1.0,0.9099999666213989,0.3,1
2,1.0,0.0,1.0,0.0,0,0.0,-1.0,0.7999999523162842,0.5,2
2,1.0,1.0,0.0,0.0,0,0.0,1.0,0.0,0.0,0
2,1.0,0.0,1.0,0.0,0,0.0,-1.0,0.6800000071525574,0.8,2
2,1.0,0.0,1.0,0.0,0,0.0,-1.0,0.9500000476837158,0.2,3
2,1.0,0.0,1.0,0.0,0,0.0,-1.0,0.875,0.5,0
2,1.0,0.0,1.0,0.0,0,0.0,-1.0,0.9099999666213989,0.3,2
2,1.0,0.0,1.0,0.0,0,0.0,-1.0,0.940000057220459,0.2,2
2,1.0,1.0,0.0,0.0,0,0.0,1.0,0.0,0.0,0
2,1.0,0.0,1.0,0.0,0,0.0,-1.0,0.7999999523162842,0.5,3
2,1.0,1.0,0.0,0.0,0,0.0,1.0,0.0,0.0,0
2,1.0,0.0,1.0,0.0,0,0.0,-1.0,0.9500000476837158,0.2,1
2,1.0,0.0,1.0,0.0,0,0.0,-1.0,0.875,0.5,3
2,1.0,0.0,1.0,0.0,0,0.0,-1.0,0.925000011920929,0.3,1
2,1.0,0.0,1.0,0.0,0,0.0,-1.0,0.9099999666213989,0.3,3
2,1.0,1.0,0.0,0.0,0,0.0,1.0,0.0,0.0,0
2,1.0,0.0,1.0,0.0,0,0.0,-1.0,0.7599999904632568,0.8,3
2,1.0,0.0,1.0,0.0,0,0.0,-1.0,0.9500000476837158,0.2,3
2,1.0,0.0,1.0,0.0,0,0.0,-1.0,0.9099999666213989,0.3,1
2,1.0,0.0,1.0,0.0,0,0.0,-1.0,0.7749999761581421,0.5,3
2,1.0,0.0,1.0,0.0,0,0.0,-1.0,0.800000011920929,0.8,0
2,1.0,0.0,1.0,0.0,0,0.0,-1.0,0.9500000476837158,0.2,3
2,1.0,0.0,1.0,0.0,0,0.0,-1.0,0.5999999642372131,1.0,3
2,1.0,0.0,1.0,0.0,0,0.0,-1.0,0.925000011920929,0.3,2
2,1.0,0.0,1.0,0.0,0,0.0,-1.0,0.6800000071525574,0.8,2
2,1.0,0.0,1.0,0.0,0,0.0,-1.0,0.9099999666213989,0.3,2
2,1.0,0.0,1.0,0.0,0,0.0,-1.0,0.800000011920929,0.8,0
2,1.0,1.0,0.0,0.0,0,0.0,1.0,0.0,0.0,0
2,1.0,0.0,1.0,0.0,0,0.0,-1.0,0.875,0.5,3
2,1.0,1.0,0.0,0.0,0,0.0,1.0,0.0,0.0,0
2,1.0,0.0,1.0,0.0,0,0.0,-1.0,0.6800000071525574,0.8,3
2,1.0,0.0,1.0,0.0,0,0.0,-1.0,0.875,0.5,3
2,1.0,1.0,0.0,0.0,0,0.0,1.0,0.0,0.0,0
2,1.0,0.0,1.0,0.0,0,0.0,-1.0,0.9099999666213989,0.3,3
2,1.0,1.0,0.0,0.0,0,0.0,1.0,0.0,0.0,0
2,1.0,0.0,1.0,0.0,0,0.0,-1.0,0.8500000238418579,0.5,3
2,1.0,0.0,1.0,0.0,0,0.0,-1.0,0.9500000476837158,0.2,1
2,1.0,0.0,1.0,0.0,0,0.0,-1.0,0.925000011920929,0.3,2
2,0.988397,0.05221359431743622,0.9477863907814026,0.011603022,0,0.0,-0.9338627457618713,0.6977863311767578,1.0,0
2,1.0,0.0,1.0,0.0,0,0.0,-1.0005801916122437,0.6800000071525574,0.8,0
2,1.0,0.0,1.0,0.0,0,0.0,-1.0,0.9500000476837158,0.2,1
2,1.0,0.0,1.0,0.0,0,0.0,-1.0,0.9500000476837158,0.2,0
2,1.0,0.0,1.0,0.0,0,0.0,-1.0,0.875,0.5,3
2,1.0,0.0,1.0,0.0,0,0.0,-1.0,0.9500000476837158,0.2,1
2,1.0,0.0,1.0,0.0,0,0.0,-1.0,0.875,0.5,2
2,1.0,0.0,1.0,0.0,0,0.0,-1.0,0.9500000476837158,0.2,1
2,1.0,0.0,1.0,0.0,0,0.0,-1.0,0.7999999523162842,0.5,2
2,1.0,0.0,1.0,0.0,0,0.0,-1.0,0.6800000071525574,0.8,1
2,1.0,1.0,0.0,0.0,0,0.0,1.0,0.0,0.0,0
2,1.0,0.0,1.0,0.0,0,0.0,-1.0,0.925000011920929,0.3,0
2,1.0,0.0,1.0,0.0,0,0.0,-1.0,0.9099999666213989,0.3,1
2,1.0,0.0,1.0,0.0,0,0.0,-1.0,0.9099999666213989,0.3,0
2,1.0,0.0,1.0,0.0,0,0.0,-1.0,0.925000011920929,0.3,0
2,1.0,1.0,0.0,0.0,0,0.0,1.0,0.0,0.0,0
2,1.0,0.0,1.0,0.0,0,0.0,-1.0,0.925000011920929,0.3,0
2,1.0,0.0,1.0,0.0,0,0.0,-1.0,0.9500000476837158,0.2,1
2,1.0,1.0,0.0,0.0,0,0.0,1.0,0.0,0.0,0
2,1.0,0.0,1.0,0.0,0,0.0,-1.0,0.9099999666213989,0.3,3
2,1.0,1.0,0.0,0.0,0,0.0,1.0,0.0,0.0,0
2,1.0,0.0,1.0,0.0,0,0.0,-1.0,0.800000011920929,0.8,2
2,1.0,1.0,0.0,0.0,0,0.0,1.0,0.0,0.0,0
2,1.0,0.0,1.0,0.0,0,0.0,-1.0,0.940000057220459,0.2,0
2,1.0,0.0,1.0,0.0,0,0.0,-1.0,0.9100000262260437,0.2,0
2,1.0,0.0,1.0,0.0,0,0.0,-1.0,0.6800000071525574,0.8,0
2,1.0,0.0,1.0,0.0,0,0.0,-1.0,0.75,1.0,1
2,1.0,0.0,1.0,0.0,0,0.0,-1.0,0.9099999666213989,0.3,0
2,1.0,0.0,1.0,0.0,0,0.0,-1.0,0.9200000166893005,0.2,2
2,1.0,0.0,1.0,0.0,0,0.0,-1.0,0.940000057220459,0.2,1
2,1.0,0.0,1.0,0.0,0,0.0,-1.0,0.925000011920929,0.3,0
2,1.0,0.0,1.0,0.0,0,0.0,-1.0,0.9200000166893005,0.2,2
2,1.0,0.0,1.0,0.0,0,0.0,-1.0,0.7000000476837158,1.0,0
2,1.0,0.0,1.0,0.0,0,0.0,-1.0,0.925000011920929,0.3,3
2,1.0,0.0,1.0,0.0,0,0.0,-1.0,0.925000011920929,0.3,1
2,1.0,1.0,0.0,0.0,0,0.0,1.0,0.0,0.0,0
2,1.0,1.0,0.0,0.0,0,0.0,1.0,0.0,0.0,0
2,1.0,0.0,1.0,0.0,0,0.0,-1.0,0.9500000476837158,0.2,0
2,0.97796977,0.09913605451583862,0.9008639454841614,0.022030234,0,0.0,-0.8744276762008667,0.7508639693260193,0.5,0
2,1.0,0.0,1.0,0.0,0,0.0,-1.0011014938354492,0.75,1.0,0
2,1.0,1.0,0.0,0.0,0,0.0,1.0,0.0,0.0,0
2,1.0,0.0,1.0,0.0,0,0.0,-1.0,0.800000011920929,0.8,2
2,1.0,0.0,1.0,0.0,0,0.0,-1.0,0.6800000071525574,0.8,3
2,1.0,0.0,1.0,0.0,0,0.0,-1.0,0.9200000166893005,0.2,3
2,1.0,0.0,1.0,0.0,0,0.0,-1.0,0.5999999642372131,1.0,2
2,1.0,0.0,1.0,0.0,0,0.0,-1.0,0.9500000476837158,0.2,1
2,1.0,0.0,1.0,0.0,0,0.0,-1.0,0.925000011920929,0.3,3
2,1.0,0.0,1.0,0.0,0,0.0,-1.0,0.550000011920929,1.0,3
2,1.0,0.0,1.0,0.0,0,0.0,-1.0,0.7999999523162842,0.5,1
2,1.0,1.0,0.0,0.0,0,0.0,1.0,0.0,0.0,0
2,1.0,0.0,1.0,0.0,0,0.0,-1.0,0.9500000476837158,0.2,1
2,1.0,0.0,1.0,0.0,0,0.0,-1.0,0.800000011920929,0.8,1
2,1.0,0.0,1.0,0.0,0,0.0,-1.0,0.7599999904632568,0.8,1
2,1.0,1.0,0.0,0.0,0,0.0,1.0,0.0,0.0,0
2,1.0,1.0,0.0,0.0,0,0.0,1.0,0.0,0.0,0
2,1.0,0.0,1.0,0.0,0,0.0,-1.0,0.925000011920929,0.3,3
2,1.0,0.0,1.0,0.0,0,0.0,-1.0,0.875,0.5,1
2,1.0,1.0,0.0,0.0,0,0.0,1.0,0.0,0.0,0
2,1.0,1.0,0.0,0.0,0,0.0,1.0,0.0,0.0,0
2,1.0,0.0,1.0,0.0,0,0.0,-1.0,0.5999999642372131,1.0,1
2,1.0,0.0,1.0,0.0,0,0.0,-1.0,0.9099999666213989,0.3,1
2,1.0,0.0,1.0,0.0,0,0.0,-1.0,0.7749999761581421,0.5,1
2,1.0,1.0,0.0,0.0,0,0.0,1.0,0.0,0.0,0
2,1.0,0.0,1.0,0.0,0,0.0,-1.0,0.925000011920929,0.3,1
2,1.0,0.0,1.0,0.0,0,0.0,-1.0,0.7599999904632568,0.8,1
2,1.0,0.0,1.0,0.0,0,0.0,-1.0,0.75,1.0,3
2,1.0,1.0,0.0,0.0,0,0.0,1.0,0.0,0.0,0
2,1.0,0.0,1.0,0.0,0,0.0,-1.0,0.9500000476837158,0.2,0
2,0.9647867,0.15845975279808044,0.8415402173995972,0.03521328,0,0.0,-0.7992842793464661,0.6415401697158813,0.5,1
2,1.0,0.0,1.0,0.0,0,0.0,-1.001760721206665,0.75,1.0,1
2,1.0,1.0,0.0,0.0,0,0.0,1.0,0.0,0.0,0
2,1.0,1.0,0.0,0.0,0,0.0,1.0,0.0,0.0,0
2,1.0,0.0,1.0,0.0,0,0.0,-1.0,0.800000011920929,0.8,3
2,1.0,0.0,1.0,0.0,0,0.0,-1.0,0.9500000476837158,0.2,0
2,1.0,0.0,1.0,0.0,0,0.0,-1.0,0.9099999666213989,0.3,2
2,1.0,0.0,1.0,0.0,0,0.0,-1.0,0.925000011920929,0.3,3
2,1.0,0.0,1.0,0.0,0,0.0,-1.0,0.9500000476837158,0.2,0
2,1.0,0.0,1.0,0.0,0,0.0,-1.0,0.9500000476837158,0.2,3
2,1.0,0.0,1.0,0.0,0,0.0,-1.0,0.940000057220459,0.2,1
2,1.0,0.0,1.0,0.0,0,0.0,-1.0,0.6800000071525574,0.8,1
2,1.0,0.0,1.0,0.0,0,0.0,-1.0,0.925000011920929,0.3,2
2,0.89030564,0.4936247169971466,0.5063753128051758,0.109694384,1,0.0,-5.374742031097412,0.05637529492378235,1.0,1
2,1.0,0.0,1.0,0.0,0,0.0,-1.005484700202942,0.9500000476837158,0.2,0
2,1.0,0.0,1.0,0.0,0,0.0,-1.0,0.9500000476837158,0.2,1
2,1.0,0.0,1.0,0.0,0,0.0,-1.0,0.940000057220459,0.2,3
2,1.0,0.0,1.0,0.0,0,0.0,-1.0,0.6800000071525574,0.8,2
2,1.0,1.0,0.0,0.0,0,0.0,1.0,0.0,0.0,0
2,1.0,0.0,1.0,0.0,0,0.0,-1.0,0.940000057220459,0.2,2
2,1.0,0.0,1.0,0.0,0,0.0,-1.0,0.9200000166893005,0.2,1
2,1.0,1.0,0.0,0.0,0,0.0,1.0,0.0,0.0,0
2,1.0,0.0,1.0,0.0,0,0.0,-1.0,0.9099999666213989,0.3,0
2,1.0,0.0,1.0,0.0,0,0.0,-1.0,0.7749999761581421,0.5,1
2,1.0,1.0,0.0,0.0,0,0.0,1.0,0.0,0.0,0
2,1.0,0.0,1.0,0.0,0,0.0,-1.0,0.6399999856948853,0.8,0
2,0.96,1.0,0.0,0.040000003,0,1.0,0.8740000128746033,0.0,0.0,0
2,1.0,0.0,1.0,0.0,0,0.0,-1.0010000467300415,0.6399999856948853,0.8,0
2,1.0,1.0,0.0,0.0,0,0.0,1.0,0.0,0.0,0
2,1.0,0.0,1.0,0.0,0,0.0,-1.0,0.875,0.5,3
2,1.0,1.0,0.0,0.0,0,0.0,1.0,0.0,0.0,0
3,1.0,0.0,1.0,0.0,0,0.0,-1.0,0.75,1.0,0
3,1.0,0.0,1.0,0.0,0,0.0,-1.0,0.875,0.5,3
3,1.0,0.0,1.0,0.0,0,0.0,-1.0,0.800000011920929,0.8,3
3,1.0,0.0,1.0,0.0,0,0.0,-1.0,0.75,1.0,3
3,1.0,0.0,1.0,0.0,0,0.0,-1.0,0.9500000476837158,0.2,2
3,1.0,0.0,1.0,0.0,0,0.0,-1.0,0.9500000476837158,0.2,1
3,1.0,0.0,1.0,0.0,0,0.0,-1.0,0.800000011920929,0.8,3
3,1.0,0.0,1.0,0.0,0,0.0,-1.0,0.9100000262260437,0.2,0
3,1.0,1.0,0.0,0.0,0,0.0,1.0,0.0,0.0,0
3,1.0,1.0,0.0,0.0,0,0.0,1.0,0.0,0.0,0
3,1.0,0.0,1.0,0.0,0,0.0,-1.0,0.940000057220459,0.2,1
3,1.0,1.0,0.0,0.0,0,0.0,1.0,0.0,0.0,0
3,1.0,0.0,1.0,0.0,0,0.0,-1.0,0.875,0.5,0
3,1.0,0.0,1.0,0.0,0,0.0,-1.0,0.9099999666213989,0.3,3
3,1.0,0.0,1.0,0.0,0,0.0,-1.0,0.875,0.5,1
3,1.0,0.0,1.0,0.0,0,0.0,-1.0,0.6800000071525574,0.8,1
3,1.0,0.0,1.0,0.0,0,0.0,-1.0,0.550000011920929,1.0,2
3,1.0,1.0,0.0,0.0,0,0.0,1.0,0.0,0.0,0
3,1.0,1.0,0.0,0.0,0,0.0,1.0,0.0,0.0,0
3,1.0,1.0,0.0,0.0,0,0.0,1.0,0.0,0.0,0
3,1.0,1.0,0.0,0.0,0,0.0,1.0,0.0,0.0,0
3,1.0,0.0,1.0,0.0,0,0.0,-1.0,0.7599999904632568,0.8,0
3,1.0,1.0,0.0,0.0,0,0.0,1.0,0.0,0.0,0
3,1.0,0.0,1.0,0.0,0,0.0,-1.0,0.875,0.5,0
3,1.0,0.0,1.0,0.0,0,0.0,-1.0,0.9500000476837158,0.2,0
3,1.0,0.0,1.0,0.0,0,0.0,-1.0,0.75,1.0,0
3,1.0,0.0,1.0,0.0,0,0.0,-1.0,0.6399999856948853,0.8,3
3,1.0,0.0,1.0,0.0,0,0.0,-1.0,0.800000011920929,0.8,3
3,1.0,0.0,1.0,0.0,0,0.0,-1.0,0.5999999642372131,1.0,0
3,1.0,0.0,1.0,0.0,0,0.0,-1.0,0.550000011920929,1.0,2
3,1.0,1.0,0.0,0.0,0,0.0,1.0,0.0,0.0,0
3,1.0,0.0,1.0,0.0,0,0.0,-1.0,0.5999999642372131,1.0,0
3,1.0,0.0,1.0,0.0,0,0.0,-1.0,0.9200000166893005,0.2,0
3,1.0,0.0,1.0,0.0,0,0.0,-1.0,0.5999999642372131,1.0,3
3,1.0,0.0,1.0,0.0,0,0.0,-1.0,0.7599999904632568,0.8,0
3,0.8213626,0.8038681149482727,0.1961318850517273,0.17863737,1,0.0,-4.981766700744629,0.0711318850517273,0.5,0
3,1.0,0.0,1.0,0.0,0,0.0,-1.0089318752288818,0.9200000166893005,0.2,0
3,0.9939156,0.027379721403121948,0.9726203083992004,0.0060843825,0,0.0,-0.9653190970420837,0.8976203203201294,0.3,3
3,1.0,0.0,1.0,0.0,0,0.0,-1.0003042221069336,0.925000011920929,0.3,2
3,1.0,1.0,0.0,0.0,0,0.0,1.0,0.0,0.0,0
3,1.0,0.0,1.0,0.0,0,0.0,-1.0,0.9200000166893005,0.2,2
3,1.0,0.0,1.0,0.0,0,0.0,-1.0,0.9200000166893005,0.2,1
3,1.0,0.0,1.0,0.0,0,0.0,-1.0,0.925000011920929,0.3,0
3,1.0,1.0,0.0,0.0,0,0.0,1.0,0.0,0.0,0
3,1.0,0.0,1.0,0.0,0,0.0,-1.0,0.7749999761581421,0.5,2
3,1.0,0.0,1.0,0.0,0,0.0,-1.0,0.6800000071525574,0.8,0
3,1.0,0.0,1.0,0.0,0,0.0,-1.0,0.7000000476837158,1.0,1
3,1.0,0.0,1.0,0.0,0,0.0,-1.0,0.940000057220459,0.2,2
3,1.0,0.0,1.0,0.0,0,0.0,-1.0,0.875,0.5,0
3,1.0,0.0,1.0,0.0,0,0.0,-1.0,0.875,0.5,0
3,1.0,0.0,1.0,0.0,0,0.0,-1.0,0.9500000476837158,0.2,1
3,1.0,0.0,1.0,0.0,0,0.0,-1.0,0.9099999666213989,0.3,1
3,1.0,0.0,1.0,0.0,0,0.0,-1.0,0.800000011920929,0.8,0
3,1.0,1.0,0.0,0.0,0,0.0,1.0,0.0,0.0,0
3,1.0,1.0,0.0,0.0,0,0.0,1.0,0.0,0.0,0
3,1.0,0.0,1.0,0.0,0,0.0,-1.0,0.7999999523162842,0.5,1
3,1.0,1.0,0.0,0.0,0,0.0,1.0,0.0,0.0,0
3,1.0,0.0,1.0,0.0,0,0.0,-1.0,0.75,1.0,2
3,0.97132725,1.0,0.0,0.028672768,0,0.0,0.9096808433532715,0.0,0.0,0
3,0.96,1.0,0.0,0.040000003,0,1.0,0.8747168183326721,0.0,0.0,0
3,1.0,0.0,1.0,0.0,0,0.0,-1.0010000467300415,0.7000000476837158,1.0,2
3,1.0,0.0,1.0,0.0,0,0.0,-1.0,0.940000057220459,0.2,3
3,1.0,0.0,1.0,0.0,0,0.0,-1.0,0.9100000262260437,0.2,1
3,1.0,0.0,1.0,0.0,0,0.0,-1.0,0.550000011920929,1.0,2
3,1.0,0.0,1.0,0.0,0,0.0,-1.0,0.940000057220459,0.2,1
3,1.0,0.0,1.0,0.0,0,0.0,-1.0,0.8500000238418579,0.5,1
3,1.0,0.0,1.0,0.0,0,0.0,-1.0,0.925000011920929,0.3,1
3,1.0,0.0,1.0,0.0,0,0.0,-1.0,0.9500000476837158,0.2,0
3,1.0,0.0,1.0,0.0,0,0.0,-1.0,0.75,1.0,0
3,1.0,0.0,1.0,0.0,0,0.0,-1.0,0.8500000238418579,0.5,1
3,1.0,1.0,0.0,0.0,0,0.0,1.0,0.0,0.0,0
3,1.0,0.0,1.0,0.0,0,0.0,-1.0,0.9500000476837158,0.2,3
3,1.0,0.0,1.0,0.0,0,0.0,-1.0,0.6800000071525574,0.8,2
3,1.0,0.0,1.0,0.0,0,0.0,-1.0,0.9500000476837158,0.2,2
3,1.0,0.0,1.0,0.0,0,0.0,-1.0,0.875,0.5,1
3,1.0,1.0,0.0,0.0,0,0.0,1.0,0.0,0.0,0
3,1.0,1.0,0.0,0.0,0,0.0,1.0,0.0,0.0,0
3,1.0,0.0,1.0,0.0,0,0.0,-1.0,0.6800000071525574,0.8,1
3,1.0,0.0,1.0,0.0,0,0.0,-1.0,0.925000011920929,0.3,1
3,1.0,1.0,0.0,0.0,0,0.0,1.0,0.0,0.0,0
3,1.0,1.0,0.0,0.0,0,0.0,1.0,0.0,0.0,0
3,1.0,0.0,1.0,0.0,0,0.0,-1.0,0.7000000476837158,1.0,2
3,1.0,0.0,1.0,0.0,0,0.0,-1.0,0.9500000476837158,0.2,0
3,1.0,1.0,0.0,0.0,0,0.0,1.0,0.0,0.0,0
3,1.0,0.0,1.0,0.0,0,0.0,-1.0,0.875,0.5,1
3,1.0,0.0,1.0,0.0,0,0.0,-1.0,0.940000057220459,0.2,1
3,1.0,1.0,0.0,0.0,0,0.0,1.0,0.0,0.0,0
3,1.0,0.0,1.0,0.0,0,0.0,-1.0,0.800000011920929,0.8,3
3,1.0,1.0,0.0,0.0,0,0.0,1.0,0.0,0.0,0
3,1.0,0.0,1.0,0.0,0,0.0,-1.0,0.9500000476837158,0.2,3
3,1.0,0.0,1.0,0.0,0,0.0,-1.0,0.9500000476837158,0.2,2
3,0.9982282,1.0,0.0,0.0017718315,0,0.0,0.994418740272522,0.0,0.0,0
3,1.0,0.0,1.0,0.0,0,0.0,-1.000044345855713,0.875,0.5,2
3,0.9923642,1.0,0.0,0.0076357843,0,0.0,0.9759473204612732,0.0,0.0,0
3,1.0,0.0,1.0,0.0,0,0.0,-1.0001908540725708,0.7599999904632568,0.8,0
3,1.0,0.0,1.0,0.0,0,0.0,-1.0,0.9500000476837158,0.2,2
3,1.0,1.0,0.0,0.0,0,0.0,1.0,0.0,0.0,0
3,1.0,1.0,0.0,0.0,0,0.0,1.0,0.0,0.0,0
3,1.0,0.0,1.0,0.0,0,0.0,-1.0,0.9500000476837158,0.2,1
3,1.0,0.0,1.0,0.0,0,0.0,-1.0,0.9099999666213989,0.3,1
3,1.0,0.0,1.0,0.0,0,0.0,-1.0,0.5999999642372131,1.0,2
3,0.9783256,0.09753472357988358,0.902465283870697,0.021674383,0,0.0,-0.876456081867218,0.8524653315544128,0.2,1
3,1.0,0.0,1.0,0.0,0,0.0,-1.0010837316513062,0.875,0.5,3
3,1.0,0.0,1.0,0.0,0,0.0,-1.0,0.875,0.5,2
3,1.0,0.0,1.0,0.0,0,0.0,-1.0,0.940000057220459,0.2,0
3,1.0,0.0,1.0,0.0,0,0.0,-1.0,0.9500000476837158,0.2,2
3,1.0,0.0,1.0,0.0,0,0.0,-1.0,0.9099999666213989,0.3,2
3,1.0,0.0,1.0,0.0,0,0.0,-1.0,0.940000057220459,0.2,1
3,1.0,0.0,1.0,0.0,0,0.0,-1.0,0.925000011920929,0.3,2
3,1.0,0.0,1.0,0.0,0,0.0,-1.0,0.7749999761581421,0.5,1
3,1.0,1.0,0.0,0.0,0,0.0,1.0,0.0,0.0,0
3,1.0,1.0,0.0,0.0,0,0.0,1.0,0.0,0.0,0
3,1.0,0.0,1.0,0.0,0,0.0,-1.0,0.9099999666213989,0.3,2
3,1.0,1.0,0.0,0.0,0,0.0,1.0,0.0,0.0,0
3,1.0,1.0,0.0,0.0,0,0.0,1.0,0.0,0.0,0
3,1.0,0.0,1.0,0.0,0,0.0,-1.0,0.9500000476837158,0.2,3
3,1.0,1.0,0.0,0.0,0,0.0,1.0,0.0,0.0,0
3,1.0,1.0,0.0,0.0,0,0.0,1.0,0.0,0.0,0
3,1.0,0.0,1.0,0.0,0,0.0,-1.0,0.9099999666213989,0.3,0
3,1.0,1.0,0.0,0.0,0,0.0,1.0,0.0,0.0,0
3,1.0,0.0,1.0,0.0,0,0.0,-1.0,0.8500000238418579,0.5,1
3,1.0,0.0,1.0,0.0,0,0.0,-1.0,0.925000011920929,0.3,0
3,1.0,1.0,0.0,0.0,0,0.0,1.0,0.0,0.0,0
3,1.0,1.0,0.0,0.0,0,0.0,1.0,0.0,0.0,0
3,1.0,0.0,1.0,0.0,0,0.0,-1.0,0.75,1.0,0
3,0.9938679,0.02759445831179619,0.9724054932594299,0.006132102,0,0.0,-0.9650469422340393,0.8824055194854736,0.2,3
3,1.0,0.0,1.0,0.0,0,0.0,-1.0003066062927246,0.800000011920929,0.8,2
3,0.943185,0.25566771626472473,0.7443323135375977,0.056815054,1,0.0,-5.676154136657715,0.6943323612213135,0.2,2
3,1.0,0.0,1.0,0.0,0,0.0,-1.0028407573699951,0.6800000071525574,0.8,1
3,1.0,0.0,1.0,0.0,0,0.0,-1.0,0.7749999761581421,0.5,2
3,1.0,0.0,1.0,0.0,0,0.0,-1.0,0.875,0.5,2
3,1.0,0.0,1.0,0.0,0,0.0,-1.0,0.9099999666213989,0.3,0
3,1.0,0.0,1.0,0.0,0,0.0,-1.0,0.7749999761581421,0.5,1
3,1.0,1.0,0.0,0.0,0,0.0,1.0,0.0,0.0,0
3,1.0,1.0,0.0,0.0,0,0.0,1.0,0.0,0.0,0
3,1.0,1.0,0.0,0.0,0,0.0,1.0,0.0,0.0,0
3,1.0,0.0,1.0,0.0,0,0.0,-1.0,0.9500000476837158,0.2,1
3,1.0,1.0,0.0,0.0,0,0.0,1.0,0.0,0.0,0
3,1.0,0.0,1.0,0.0,0,0.0,-1.0,0.7999999523162842,0.5,3
3,1.0,1.0,0.0,0.0,0,0.0,1.0,0.0,0.0,0
3,1.0,1.0,0.0,0.0,0,0.0,1.0,0.0,0.0,0
3,1.0,0.0,1.0,0.0,0,0.0,-1.0,0.9099999666213989,0.3,1
3,1.0,0.0,1.0,0.0,0,0.0,-1.0,0.75,1.0,2
3,1.0,0.0,1.0,0.0,0,0.0,-1.0,0.6399999856948853,0.8,3
3,1.0,1.0,0.0,0.0,0,0.0,1.0,0.0,0.0,0
3,1.0,0.0,1.0,0.0,0,0.0,-1.0,0.7000000476837158,1.0,0
3,1.0,0.0,1.0,0.0,0,0.0,-1.0,0.7599999904632568,0.8,0
3,1.0,0.0,1.0,0.0,0,0.0,-1.0,0.925000011920929,0.3,1
3,1.0,0.0,1.0,0.0,0,0.0,-1.0,0.5999999642372131,1.0,0
3,0.96102375,0.17539307475090027,0.8246069550514221,0.03897624,0,0.0,-0.7778355479240417,0.734606921672821,0.3,2
3,1.0,0.0,1.0,0.0,0,0.0,-1.0019488334655762,0.9099999666213989,0.3,3
3,1.0,1.0,0.0,0.0,0,0.0,1.0,0.0,0.0,0
3,1.0,0.0,1.0,0.0,0,0.0,-1.0,0.925000011920929,0.3,1
3,1.0,0.0,1.0,0.0,0,0.0,-1.0,0.8500000238418579,0.5,0
3,1.0,0.0,1.0,0.0,0,0.0,-1.0,0.75,1.0,3
3,1.0,1.0,0.0,0.0,0,0.0,1.0,0.0,0.0,0
3,1.0,0.0,1.0,0.0,0,0.0,-1.0,0.9200000166893005,0.2,3
3,1.0,0.0,1.0,0.0,0,0.0,-1.0,0.800000011920929,0.8,2
3,1.0,1.0,0.0,0.0,0,0.0,1.0,0.0,0.0,0
3,1.0,0.0,1.0,0.0,0,0.0,-1.0,0.5999999642372131,1.0,0
3,1.0,1.0,0.0,0.0,0,0.0,1.0,0.0,0.0,0
3,1.0,0.0,1.0,0.0,0,0.0,-1.0,0.875,0.5,3
3,1.0,1.0,0.0,0.0,0,0.0,1.0,0.0,0.0,0
3,1.0,0.0,1.0,0.0,0,0.0,-1.0,0.7999999523162842,0.5,0
3,1.0,0.0,1.0,0.0,0,0.0,-1.0,0.9500000476837158,0.2,0
3,1.0,0.0,1.0,0.0,0,0.0,-1.0,0.925000011920929,0.3,2
3,1.0,0.0,1.0,0.0,0,0.0,-1.0,0.925000011920929,0.3,2
3,1.0,1.0,0.0,0.0,0,0.0,1.0,0.0,0.0,0
3,1.0,0.0,1.0,0.0,0,0.0,-1.0,0.9500000476837158,0.2,3
3,1.0,0.0,1.0,0.0,0,0.0,-1.0,0.800000011920929,0.8,1
3,1.0,0.0,1.0,0.0,0,0.0,-1.0,0.800000011920929,0.8,1
3,1.0,0.0,1.0,0.0,0,0.0,-1.0,0.925000011920929,0.3,0
3,1.0,0.0,1.0,0.0,0,0.0,-1.0,0.9500000476837158,0.2,1
3,1.0,1.0,0.0,0.0,0,0.0,1.0,0.0,0.0,0
3,1.0,0.0,1.0,0.0,0,0.0,-1.0,0.9200000166893005,0.2,3
3,1.0,0.0,1.0,0.0,0,0.0,-1.0,0.7999999523162842,0.5,0
3,1.0,0.0,1.0,0.0,0,0.0,-1.0,0.75,1.0,2
3,1.0,1.0,0.0,0.0,0,0.0,1.0,0.0,0.0,0
3,1.0,1.0,0.0,0.0,0,0.0,1.0,0.0,0.0,0
3,1.0,0.0,1.0,0.0,0,0.0,-1.0,0.7749999761581421,0.5,2
3,1.0,1.0,0.0,0.0,0,0.0,1.0,0.0,0.0,0
3,1.0,0.0,1.0,0.0,0,0.0,-1.0,0.7749999761581421,0.5,3
3,1.0,1.0,0.0,0.0,0,0.0,1.0,0.0,0.0,0
3,1.0,0.0,1.0,0.0,0,0.0,-1.0,0.5999999642372131,1.0,0
3,1.0,1.0,0.0,0.0,0,0.0,1.0,0.0,0.0,0
3,1.0,1.0,0.0,0.0,0,0.0,1.0,0.0,0.0,0
3,1.0,1.0,0.0,0.0,0,0.0,1.0,0.0,0.0,0
3,1.0,0.0,1.0,0.0,0,0.0,-1.0,0.6800000071525574,0.8,2
3,1.0,1.0,0.0,0.0,0,0.0,1.0,0.0,0.0,0
3,1.0,1.0,0.0,0.0,0,0.0,1.0,0.0,0.0,0
3,1.0,1.0,0.0,0.0,0,0.0,1.0,0.0,0.0,0
3,1.0,0.0,1.0,0.0,0,0.0,-1.0,0.9500000476837158,0.2,2
3,1.0,0.0,1.0,0.0,0,0.0,-1.0,0.9200000166893005,0.2,0
3,1.0,0.0,1.0,0.0,0,0.0,-1.0,0.875,0.5,2
3,1.0,1.0,0.0,0.0,0,0.0,1.0,0.0,0.0,0
3,1.0,0.0,1.0,0.0,0,0.0,-1.0,0.6399999856948853,0.8,2
3,1.0,0.0,1.0,0.0,0,0.0,-1.0,0.925000011920929,0.3,3
3,1.0,1.0,0.0,0.0,0,0.0,1.0,0.0,0.0,0
3,1.0,0.0,1.0,0.0,0,0.0,-1.0,0.8500000238418579,0.5,3
3,1.0,1.0,0.0,0.0,0,0.0,1.0,0.0,0.0,0
3,1.0,0.0,1.0,0.0,0,0.0,-1.0,0.9099999666213989,0.3,3
3,1.0,0.0,1.0,0.0,0,0.0,-1.0,0.6800000071525574,0.8,2
3,1.0,0.0,1.0,0.0,0,0.0,-1.0,0.7000000476837158,1.0,1
3,1.0,0.0,1.0,0.0,0,0.0,-1.0,0.9500000476837158,0.2,1
3,1.0,0.0,1.0,0.0,0,0.0,-1.0,0.7999999523162842,0.5,2
3,0.96,1.0,0.0,0.040000003,0,1.0,0.8740000128746033,0.0,0.0,0
3,1.0,1.0,0.0,0.0,0,0.0,0.9990000128746033,0.0,0.0,0
3,1.0,0.0,1.0,0.0,0,0.0,-1.0,0.9099999666213989,0.3,0
3,1.0,0.0,1.0,0.0,0,0.0,-1.0,0.875,0.5,0
3,1.0,0.0,1.0,0.0,0,0.0,-1.0,0.8500000238418579,0.5,0
3,1.0,0.0,1.0,0.0,0,0.0,-1.0,0.925000011920929,0.3,0
3,1.0,0.0,1.0,0.0,0,0.0,-1.0,0.75,1.0,0
3,1.0,0.0,1.0,0.0,0,0.0,-1.0,0.9500000476837158,0.2,0
3,1.0,1.0,0.0,0.0,0,0.0,1.0,0.0,0.0,0
3,1.0,0.0,1.0,0.0,0,0.0,-1.0,0.9099999666213989,0.3,3
3,1.0,0.0,1.0,0.0,0,0.0,-1.0,0.925000011920929,0.3,2
3,1.0,1.0,0.0,0.0,0,0.0,1.0,0.0,0.0,0
3,1.0,1.0,0.0,0.0,0,0.0,1.0,0.0,0.0,0
3,1.0,1.0,0.0,0.0,0,0.0,1.0,0.0,0.0,0
3,1.0,0.0,1.0,0.0,0,0.0,-1.0,0.925000011920929,0.3,3
3,1.0,1.0,0.0,0.0,0,0.0,1.0,0.0,0.0,0
3,1.0,0.0,1.0,0.0,0,0.0,-1.0,0.7749999761581421,0.5,2
3,1.0,0.0,1.0,0.0,0,0.0,-1.0,0.925000011920929,0.3,0
3,1.0,1.0,0.0,0.0,0,0.0,1.0,0.0,0.0,0
3,1.0,0.0,1.0,0.0,0,0.0,-1.0,0.9099999666213989,0.3,0
3,1.0,0.0,1.0,0.0,0,0.0,-1.0,0.925000011920929,0.3,1
3,1.0,0.0,1.0,0.0,0,0.0,-1.0,0.7599999904632568,0.8,3
3,1.0,0.0,1.0,0.0,0,0.0,-1.0,0.800000011920929,0.8,2
3,1.0,0.0,1.0,0.0,0,0.0,-1.0,0.800000011920929,0.8,3
3,1.0,0.0,1.0,0.0,0,0.0,-1.0,0.800000011920929,0.8,3
3,1.0,1.0,0.0,0.0,0,0.0,1.0,0.0,0.0,0
3,1.0,1.0,0.0,0.0,0,0.0,1.0,0.0,0.0,0
3,1.0,0.0,1.0,0.0,0,0.0,-1.0,0.940000057220459,0.2,3
3,1.0,1.0,0.0,0.0,0,0.0,1.0,0.0,0.0,0
3,1.0,1.0,0.0,0.0,0,0.0,1.0,0.0,0.0,0
3,1.0,0.0,1.0,0.0,0,0.0,-1.0,0.925000011920929,0.3,3
3,0.99333286,0.030002117156982422,0.9699978828430176,0.006667137,0,0.0,-0.9619973301887512,0.8449978828430176,0.5,0
3,1.0,0.0,1.0,0.0,0,0.0,-1.000333309173584,0.925000011920929,0.3,1
3,1.0,1.0,0.0,0.0,0,0.0,1.0,0.0,0.0,0
3,1.0,1.0,0.0,0.0,0,0.0,1.0,0.0,0.0,0
3,1.0,1.0,0.0,0.0,0,0.0,1.0,0.0,0.0,0
3,1.0,0.0,1.0,0.0,0,0.0,-1.0,0.7599999904632568,0.8,1
3,1.0,0.0,1.0,0.0,0,0.0,-1.0,0.75,1.0,0
3,1.0,1.0,0.0,0.0,0,0.0,1.0,0.0,0.0,0
3,1.0,0.0,1.0,0.0,0,0.0,-1.0,0.800000011920929,0.8,3
3,1.0,0.0,1.0,0.0,0,0.0,-1.0,0.925000011920929,0.3,3
3,1.0,0.0,1.0,0.0,0,0.0,-1.0,0.9100000262260437,0.2,0
3,1.0,0.0,1.0,0.0,0,0.0,-1.0,0.800000011920929,0.8,3
3,1.0,0.0,1.0,0.0,0,0.0,-1.0,0.800000011920929,0.8,3
3,1.0,0.0,1.0,0.0,0,0.0,-1.0,0.925000011920929,0.3,0
3,1.0,1.0,0.0,0.0,0,0.0,1.0,0.0,0.0,0
3,1.0,0.0,1.0,0.0,0,0.0,-1.0,0.75,1.0,2
3,1.0,0.0,1.0,0.0,0,0.0,-1.0,0.9500000476837158,0.2,1
3,1.0,1.0,0.0,0.0,0,0.0,1.0,0.0,0.0,0
3,1.0,1.0,0.0,0.0,0,0.0,1.0,0.0,0.0,0
3,1.0,1.0,0.0,0.0,0,0.0,1.0,0.0,0.0,0
3,1.0,0.0,1.0,0.0,0,0.0,-1.0,0.925000011920929,0.3,3
3,1.0,0.0,1.0,0.0,0,0.0,-1.0,0.7749999761581421,0.5,1
3,1.0,1.0,0.0,0.0,0,0.0,1.0,0.0,0.0,0
3,1.0,1.0,0.0,0.0,0,0.0,1.0,0.0,0.0,0
3,1.0,0.0,1.0,0.0,0,0.0,-1.0,0.75,1.0,3
3,1.0,0.0,1.0,0.0,0,0.0,-1.0,0.6800000071525574,0.8,3
3,1.0,1.0,0.0,0.0,0,0.0,1.0,0.0,0.0,0
3,1.0,0.0,1.0,0.0,0,0.0,-1.0,0.800000011920929,0.8,1
3,1.0,1.0,0.0,0.0,0,0.0,1.0,0.0,0.0,0
3,1.0,0.0,1.0,0.0,0,0.0,-1.0,0.7599999904632568,0.8,2
3,1.0,1.0,0.0,0.0,0,0.0,1.0,0.0,0.0,0
3,1.0,0.0,1.0,0.0,0,0.0,-1.0,0.9500000476837158,0.2,1
3,1.0,1.0,0.0,0.0,0,0.0,1.0,0.0,0.0,0
3,1.0,1.0,0.0,0.0,0,0.0,1.0,0.0,0.0,0
3,1.0,0.0,1.0,0.0,0,0.0,-1.0,0.9500000476837158,0.2,1
3,1.0,0.0,1.0,0.0,0,0.0,-1.0,0.940000057220459,0.2,0
3,1.0,1.0,0.0,0.0,0,0.0,1.0,0.0,0.0,0
3,1.0,1.0,0.0,0.0,0,0.0,1.0,0.0,0.0,0
3,1.0,0.0,1.0,0.0,0,0.0,-1.0,0.75,1.0,0
3,1.0,0.0,1.0,0.0,0,0.0,-1.0,0.7999999523162842,0.5,2
3,1.0,0.0,1.0,0.0,0,0.0,-1.0,0.925000011920929,0.3,0
3,1.0,1.0,0.0,0.0,0,0.0,1.0,0.0,0.0,0
3,1.0,1.0,0.0,0.0,0,0.0,1.0,0.0,0.0,0
3,1.0,1.0,0.0,0.0,0,0.0,1.0,0.0,0.0,0
3,1.0,0.0,1.0,0.0,0,0.0,-1.0,0.75,1.0,0
3,0.96,1.0,0.0,0.040000003,0,1.0,0.8740000128746033,0.0,0.0,0
3,1.0,0.0,1.0,0.0,0,0.0,-1.0010000467300415,0.9099999666213989,0.3,1
3,1.0,0.0,1.0,0.0,0,0.0,-1.0,0.940000057220459,0.2,1
3,1.0,1.0,0.0,0.0,0,0.0,1.0,0.0,0.0,0
3,1.0,0.0,1.0,0.0,0,0.0,-1.0,0.9500000476837158,0.2,2
3,1.0,0.0,1.0,0.0,0,0.0,-1.0,0.8500000238418579,0.5,1
3,1.0,0.0,1.0,0.0,0,0.0,-1.0,0.875,0.5,1
3,1.0,1.0,0.0,0.0,0,0.0,1.0,0.0,0.0,0
3,1.0,0.0,1.0,0.0,0,0.0,-1.0,0.7000000476837158,1.0,0
3,1.0,1.0,0.0,0.0,0,0.0,1.0,0.0,0.0,0
3,1.0,0.0,1.0,0.0,0,0.0,-1.0,0.7599999904632568,0.8,2
3,0.96430695,0.1606188267469406,0.839381217956543,0.035693076,0,0.0,-0.7965496182441711,0.7893812656402588,0.2,1
3,1.0,1.0,0.0,0.0,0,0.0,0.9982153177261353,0.0,0.0,0
3,1.0,0.0,1.0,0.0,0,0.0,-1.0,0.6399999856948853,0.8,3
3,1.0,1.0,0.0,0.0,0,0.0,1.0,0.0,0.0,0
3,1.0,1.0,0.0,0.0,0,0.0,1.0,0.0,0.0,0
3,1.0,0.0,1.0,0.0,0,0.0,-1.0,0.925000011920929,0.3,1
3,1.0,0.0,1.0,0.0,0,0.0,-1.0,0.9500000476837158,0.2,3
3,1.0,0.0,1.0,0.0,0,0.0,-1.0,0.9100000262260437,0.2,2
3,1.0,0.0,1.0,0.0,0,0.0,-1.0,0.7000000476837158,1.0,2
3,1.0,0.0,1.0,0.0,0,0.0,-1.0,0.940000057220459,0.2,0
3,1.0,0.0,1.0,0.0,0,0.0,-1.0,0.875,0.5,2
3,0.9909273,0.0408271886408329,0.9591728448867798,0.009072709,0,0.0,-0.948285698890686,0.7591728568077087,0.8,2
3,1.0,0.0,1.0,0.0,0,0.0,-1.0004535913467407,0.9099999666213989,0.3,2
3,1.0,0.0,1.0,0.0,0,0.0,-1.0,0.9500000476837158,0.2,2
3,1.0,0.0,1.0,0.0,0,0.0,-1.0,0.9099999666213989,0.3,0
3,1.0,0.0,1.0,0.0,0,0.0,-1.0,0.875,0.5,3
3,1.0,0.0,1.0,0.0,0,0.0,-1.0,0.875,0.5,0
3,1.0,0.0,1.0,0.0,0,0.0,-1.0,0.8500000238418579,0.5,3
3,1.0,1.0,0.0,0.0,0,0.0,1.0,0.0,0.0,0
3,1.0,0.0,1.0,0.0,0,0.0,-1.0,0.7599999904632568,0.8,2
3,1.0,0.0,1.0,0.0,0,0.0,-1.0,0.9500000476837158,0.2,0
3,1.0,1.0,0.0,0.0,0,0.0,1.0,0.0,0.0,0
3,1.0,0.0,1.0,0.0,0,0.0,-1.0,0.6800000071525574,0.8,0
3,1.0,1.0,0.0,0.0,0,0.0,1.0,0.0,0.0,0
3,1.0,1.0,0.0,0.0,0,0.0,1.0,0.0,0.0,0
3,1.0,1.0,0.0,0.0,0,0.0,1.0,0.0,0.0,0
3,1.0,1.0,0.0,0.0,0,0.0,1.0,0.0,0.0,0
3,1.0,1.0,0.0,0.0,0,0.0,1.0,0.0,0.0,0
3,1.0,0.0,1.0,0.0,0,0.0,-1.0,0.925000011920929,0.3,2
3,1.0,0.0,1.0,0.0,0,0.0,-1.0,0.925000011920929,0.3,2
3,1.0,0.0,1.0,0.0,0,0.0,-1.0,0.9200000166893005,0.2,2
3,1.0,0.0,1.0,0.0,0,0.0,-1.0,0.925000011920929,0.3,2
3,1.0,1.0,0.0,0.0,0,0.0,1.0,0.0,0.0,0
3,1.0,1.0,0.0,0.0,0,0.0,1.0,0.0,0.0,0
3,1.0,0.0,1.0,0.0,0,0.0,-1.0,0.9099999666213989,0.3,0
3,1.0,0.0,1.0,0.0,0,0.0,-1.0,0.925000011920929,0.3,2
3,1.0,0.0,1.0,0.0,0,0.0,-1.0,0.9099999666213989,0.3,1
3,1.0,0.0,1.0,0.0,0,0.0,-1.0,0.8500000238418579,0.5,2
3,1.0,1.0,0.0,0.0,0,0.0,1.0,0.0,0.0,0
3,1.0,1.0,0.0,0.0,0,0.0,1.0,0.0,0.0,0
3,1.0,0.0,1.0,0.0,0,0.0,-1.0,0.925000011920929,0.3,2
3,1.0,0.0,1.0,0.0,0,0.0,-1.0,0.9099999666213989,0.3,2
3,1.0,1.0,0.0,0.0,0,0.0,1.0,0.0,0.0,0
3,1.0,0.0,1.0,0.0,0,0.0,-1.0,0.875,0.5,1
3,1.0,0.0,1.0,0.0,0,0.0,-1.0,0.7749999761581421,0.5,2
3,1.0,0.0,1.0,0.0,0,0.0,-1.0,0.9100000262260437,0.2,2
3,1.0,0.0,1.0,0.0,0,0.0,-1.0,0.9500000476837158,0.2,2
3,1.0,0.0,1.0,0.0,0,0.0,-1.0,0.5999999642372131,1.0,2
3,1.0,0.0,1.0,0.0,0,0.0,-1.0,0.7599999904632568,0.8,2
3,0.91983753,0.3607311546802521,0.6392688751220703,0.08016248,1,0.0,-5.543074131011963,0.43926888704299927,0.8,1
3,1.0,0.0,1.0,0.0,0,0.0,-1.004008173942566,0.9500000476837158,0.2,2
3,1.0,0.0,1.0,0.0,0,0.0,-1.0,0.5999999642372131,1.0,1
3,1.0,1.0,0.0,0.0,0,0.0,1.0,0.0,0.0,0
3,1.0,0.0,1.0,0.0,0,0.0,-1.0,0.7749999761581421,0.5,1
3,1.0,0.0,1.0,0.0,0,0.0,-1.0,0.875,0.5,0
3,1.0,0.0,1.0,0.0,0,0.0,-1.0,0.925000011920929,0.3,2
3,1.0,0.0,1.0,0.0,0,0.0,-1.0,0.800000011920929,0.8,0
3,1.0,0.0,1.0,0.0,0,0.0,-1.0,0.7599999904632568,0.8,2
3,1.0,0.0,1.0,0.0,0,0.0,-1.0,0.875,0.5,2
3,1.0,0.0,1.0,0.0,0,0.0,-1.0,0.550000011920929,1.0,0
3,1.0,0.0,1.0,0.0,0,0.0,-1.0,0.940000057220459,0.2,3
3,1.0,0.0,1.0,0.0,0,0.0,-1.0,0.8500000238418579,0.5,1
3,1.0,0.0,1.0,0.0,0,0.0,-1.0,0.75,1.0,3
3,1.0,0.0,1.0,0.0,0,0.0,-1.0,0.7999999523162842,0.5,3
3,1.0,0.0,1.0,0.0,0,0.0,-1.0,0.925000011920929,0.3,3
3,1.0,1.0,0.0,0.0,0,0.0,1.0,0.0,0.0,0
3,1.0,1.0,0.0,0.0,0,0.0,1.0,0.0,0.0,0
3,1.0,0.0,1.0,0.0,0,0.0,-1.0,0.9099999666213989,0.3,1
3,1.0,0.0,1.0,0.0,0,0.0,-1.0,0.6399999856948853,0.8,1
3,1.0,0.0,1.0,0.0,0,0.0,-1.0,0.940000057220459,0.2,2
3,0.96,1.0,0.0,0.040000003,0,1.0,0.8740000128746033,0.0,0.0,0
3,1.0,0.0,1.0,0.0,0,0.0,-1.0010000467300415,0.9500000476837158,0.2,0
3,1.0,0.0,1.0,0.0,0,0.0,-1.0,0.7000000476837158,1.0,3
3,1.0,0.0,1.0,0.0,0,0.0,-1.0,0.9500000476837158,0.2,3
3,1.0,0.0,1.0,0.0,0,0.0,-1.0,0.925000011920929,0.3,0
3,0.89696234,0.46366947889328003,0.53633052110672,0.10303767,1,0.0,-5.412684917449951,0.23633050918579102,1.0,2
3,1.0,1.0,0.0,0.0,0,0.0,0.9948481321334839,0.0,0.0,0
3,1.0,1.0,0.0,0.0,0,0.0,1.0,0.0,0.0,0
3,1.0,1.0,0.0,0.0,0,0.0,1.0,0.0,0.0,0
3,1.0,0.0,1.0,0.0,0,0.0,-1.0,0.75,1.0,2
3,0.83902097,0.7244055271148682,0.27559447288513184,0.16097902,1,0.0,-5.0824198722839355,0.2005944699048996,0.3,3
3,1.0,1.0,0.0,0.0,0,0.0,0.991951048374176,0.0,0.0,0
3,1.0,0.0,1.0,0.0,0,0.0,-1.0,0.5999999642372131,1.0,0
3,1.0,0.0,1.0,0.0,0,0.0,-1.0,0.6800000071525574,0.8,3
3,1.0,0.0,1.0,0.0,0,0.0,-1.0,0.6399999856948853,0.8,3
3,1.0,0.0,1.0,0.0,0,0.0,-1.0,0.940000057220459,0.2,3
3,1.0,1.0,0.0,0.0,0,0.0,1.0,0.0,0.0,0
3,1.0,0.0,1.0,0.0,0,0.0,-1.0,0.7999999523162842,0.5,3
3,1.0,0.0,1.0,0.0,0,0.0,-1.0,0.875,0.5,1
3,1.0,0.0,1.0,0.0,0,0.0,-1.0,0.875,0.5,0
3,0.99,0.044999998062849045,0.9549999833106995,0.010000001,0,1.0,-0.9429999589920044,0.9050000309944153,0.2,3
3,1.0,0.0,1.0,0.0,0,0.0,-1.000499963760376,0.800000011920929,0.8,0
3,1.0,0.0,1.0,0.0,0,0.0,-1.0,0.925000011920929,0.3,3
3,1.0,0.0,1.0,0.0,0,0.0,-1.0,0.75,1.0,2
3,1.0,0.0,1.0,0.0,0,0.0,-1.0,0.75,1.0,3
3,1.0,1.0,0.0,0.0,0,0.0,1.0,0.0,0.0,0
3,1.0,0.0,1.0,0.0,0,0.0,-1.0,0.7999999523162842,0.5,0
3,1.0,1.0,0.0,0.0,0,0.0,1.0,0.0,0.0,0
3,1.0,1.0,0.0,0.0,0,0.0,1.0,0.0,0.0,0
3,1.0,0.0,1.0,0.0,0,0.0,-1.0,0.940000057220459,0.2,0
3,1.0,0.0,1.0,0.0,0,0.0,-1.0,0.5999999642372131,1.0,0
3,1.0,0.0,1.0,0.0,0,0.0,-1.0,0.940000057220459,0.2,1
3,1.0,1.0,0.0,0.0,0,0.0,1.0,0.0,0.0,0
3,1.0,0.0,1.0,0.0,0,0.0,-1.0,0.800000011920929,0.8,3
3,1.0,0.0,1.0,0.0,0,0.0,-1.0,0.75,1.0,3
3,1.0,1.0,0.0,0.0,0,0.0,1.0,0.0,0.0,0
3,1.0,0.0,1.0,0.0,0,0.0,-1.0,0.875,0.5,3
3,1.0,0.0,1.0,0.0,0,0.0,-1.0,0.9099999666213989,0.3,3
3,1.0,0.0,1.0,0.0,0,0.0,-1.0,0.75,1.0,0
3,1.0,0.0,1.0,0.0,0,0.0,-1.0,0.940000057220459,0.2,0
3,1.0,0.0,1.0,0.0,0,0.0,-1.0,0.925000011920929,0.3,3
3,1.0,0.0,1.0,0.0,0,0.0,-1.0,0.800000011920929,0.8,2
3,1.0,0.0,1.0,0.0,0,0.0,-1.0,0.9500000476837158,0.2,1
3,1.0,0.0,1.0,0.0,0,0.0,-1.0,0.6800000071525574,0.8,0
3,1.0,1.0,0.0,0.0,0,0.0,1.0,0.0,0.0,0
3,1.0,0.0,1.0,0.0,0,0.0,-1.0,0.75,1.0,3
3,1.0,0.0,1.0,0.0,0,0.0,-1.0,0.75,1.0,0
3,1.0,1.0,0.0,0.0,0,0.0,1.0,0.0,0.0,0
3,1.0,1.0,0.0,0.0,0,0.0,1.0,0.0,0.0,0
3,1.0,1.0,0.0,0.0,0,0.0,1.0,0.0,0.0,0
3,1.0,1.0,0.0,0.0,0,0.0,1.0,0.0,0.0,0
3,1.0,0.0,1.0,0.0,0,0.0,-1.0,0.7999999523162842,0.5,0
3,1.0,0.0,1.0,0.0,0,0.0,-1.0,0.7999999523162842,0.5,2
3,0.96,1.0,0.0,0.040000003,0,1.0,0.8740000128746033,0.0,0.0,0
3,1.0,0.0,1.0,0.0,0,0.0,-1.0010000467300415,0.5999999642372131,1.0,3
3,1.0,0.0,1.0,0.0,0,0.0,-1.0,0.800000011920929,0.8,0
3,1.0,0.0,1.0,0.0,0,0.0,-1.0,0.9099999666213989,0.3,0
3,1.0,0.0,1.0,0.0,0,0.0,-1.0,0.925000011920929,0.3,0
3,1.0,1.0,0.0,0.0,0,0.0,1.0,0.0,0.0,0
3,1.0,0.0,1.0,0.0,0,0.0,-1.0,0.875,0.5,3
3,1.0,0.0,1.0,0.0,0,0.0,-1.0,0.940000057220459,0.2,0
3,1.0,0.0,1.0,0.0,0,0.0,-1.0,0.7749999761581421,0.5,0
3,1.0,0.0,1.0,0.0,0,0.0,-1.0,0.75,1.0,3
3,1.0,0.0,1.0,0.0,0,0.0,-1.0,0.940000057220459,0.2,2
3,1.0,0.0,1.0,0.0,0,0.0,-1.0,0.9100000262260437,0.2,0
3,1.0,0.0,1.0,0.0,0,0.0,-1.0,0.925000011920929,0.3,0
3,1.0,1.0,0.0,0.0,0,0.0,1.0,0.0,0.0,0
3,1.0,0.0,1.0,0.0,0,0.0,-1.0,0.800000011920929,0.8,3
3,1.0,1.0,0.0,0.0,0,0.0,1.0,0.0,0.0,0
3,1.0,0.0,1.0,0.0,0,0.0,-1.0,0.875,0.5,0
3,1.0,0.0,1.0,0.0,0,0.0,-1.0,0.925000011920929,0.3,0
3,1.0,1.0,0.0,0.0,0,0.0,1.0,0.0,0.0,0
3,1.0,0.0,1.0,0.0,0,0.0,-1.0,0.875,0.5,2
3,1.0,0.0,1.0,0.0,0,0.0,-1.0,0.75,1.0,0
3,1.0,0.0,1.0,0.0,0,0.0,-1.0,0.9500000476837158,0.2,2
3,0.96,1.0,0.0,0.040000003,0,1.0,0.8740000128746033,0.0,0.0,0
3,1.0,0.0,1.0,0.0,0,0.0,-1.0010000467300415,0.6800000071525574,0.8,0
3,1.0,0.0,1.0,0.0,0,0.0,-1.0,0.9100000262260437,0.2,1
3,1.0,0.0,1.0,0.0,0,0.0,-1.0,0.9200000166893005,0.2,3
3,1.0,0.0,1.0,0.0,0,0.0,-1.0,0.75,1.0,3
3,1.0,0.0,1.0,0.0,0,0.0,-1.0,0.925000011920929,0.3,0
3,1.0,1.0,0.0,0.0,0,0.0,1.0,0.0,0.0,0
3,1.0,1.0,0.0,0.0,0,0.0,1.0,0.0,0.0,0
3,1.0,1.0,0.0,0.0,0,0.0,1.0,0.0,0.0,0
3,1.0,0.0,1.0,0.0,0,0.0,-1.0,0.9099999666213989,0.3,0
3,1.0,0.0,1.0,0.0,0,0.0,-1.0,0.5999999642372131,1.0,1
3,1.0,0.0,1.0,0.0,0,0.0,-1.0,0.6800000071525574,0.8,0
3,1.0,0.0,1.0,0.0,0,0.0,-1.0,0.925000011920929,0.3,1
3,1.0,0.0,1.0,0.0,0,0.0,-1.0,0.9500000476837158,0.2,1
3,1.0,0.0,1.0,0.0,0,0.0,-1.0,0.9099999666213989,0.3,3
3,1.0,0.0,1.0,0.0,0,0.0,-1.0,0.8500000238418579,0.5,0
3,1.0,0.0,1.0,0.0,0,0.0,-1.0,0.7599999904632568,0.8,2
3,1.0,1.0,0.0,0.0,0,0.0,1.0,0.0,0.0,0
3,1.0,0.0,1.0,0.0,0,0.0,-1.0,0.7000000476837158,1.0,3
3,1.0,1.0,0.0,0.0,0,0.0,1.0,0.0,0.0,0
3,1.0,0.0,1.0,0.0,0,0.0,-1.0,0.940000057220459,0.2,0
3,1.0,0.0,1.0,0.0,0,0.0,-1.0,0.7999999523162842,0.5,2
3,1.0,0.0,1.0,0.0,0,0.0,-1.0,0.9500000476837158,0.2,2
3,1.0,0.0,1.0,0.0,0,0.0,-1.0,0.5999999642372131,1.0,2
3,1.0,1.0,0.0,0.0,0,0.0,1.0,0.0,0.0,0
3,1.0,0.0,1.0,0.0,0,0.0,-1.0,0.9500000476837158,0.2,1
3,1.0,0.0,1.0,0.0,0,0.0,-1.0,0.925000011920929,0.3,1
3,1.0,1.0,0.0,0.0,0,0.0,1.0,0.0,0.0,0
3,1.0,0.0,1.0,0.0,0,0.0,-1.0,0.925000011920929,0.3,0
3,1.0,0.0,1.0,0.0,0,0.0,-1.0,0.9099999666213989,0.3,1
3,1.0,0.0,1.0,0.0,0,0.0,-1.0,0.875,0.5,2
3,1.0,1.0,0.0,0.0,0,0.0,1.0,0.0,0.0,0
3,1.0,0.0,1.0,0.0,0,0.0,-1.0,0.925000011920929,0.3,0
3,1.0,1.0,0.0,0.0,0,0.0,1.0,0.0,0.0,0
3,1.0,0.0,1.0,0.0,0,0.0,-1.0,0.800000011920929,0.8,1
3,1.0,0.0,1.0,0.0,0,0.0,-1.0,0.940000057220459,0.2,0
3,1.0,1.0,0.0,0.0,0,0.0,1.0,0.0,0.0,0
3,1.0,0.0,1.0,0.0,0,0.0,-1.0,0.7000000476837158,1.0,2
3,1.0,0.0,1.0,0.0,0,0.0,-1.0,0.75,1.0,2
3,1.0,0.0,1.0,0.0,0,0.0,-1.0,0.800000011920929,0.8,1
3,1.0,0.0,1.0,0.0,0,0.0,-1.0,0.9100000262260437,0.2,3
3,1.0,0.0,1.0,0.0,0,0.0,-1.0,0.875,0.5,1
3,1.0,0.0,1.0,0.0,0,0.0,-1.0,0.7749999761581421,0.5,0
3,1.0,0.0,1.0,0.0,0,0.0,-1.0,0.875,0.5,3
3,1.0,1.0,0.0,0.0,0,0.0,1.0,0.0,0.0,0
3,1.0,0.0,1.0,0.0,0,0.0,-1.0,0.940000057220459,0.2,0
3,1.0,0.0,1.0,0.0,0,0.0,-1.0,0.925000011920929,0.3,2
3,1.0,0.0,1.0,0.0,0,0.0,-1.0,0.925000011920929,0.3,3
3,1.0,0.0,1.0,0.0,0,0.0,-1.0,0.7999999523162842,0.5,2
3,1.0,0.0,1.0,0.0,0,0.0,-1.0,0.925000011920929,0.3,1
3,1.0,0.0,1.0,0.0,0,0.0,-1.0,0.940000057220459,0.2,1
3,1.0,0.0,1.0,0.0,0,0.0,-1.0,0.9500000476837158,0.2,1
3,1.0,0.0,1.0,0.0,0,0.0,-1.0,0.925000011920929,0.3,1
3,1.0,1.0,0.0,0.0,0,0.0,1.0,0.0,0.0,0
3,1.0,0.0,1.0,0.0,0,0.0,-1.0,0.75,1.0,2
3,1.0,1.0,0.0,0.0,0,0.0,1.0,0.0,0.0,0
3,1.0,1.0,0.0,0.0,0,0.0,1.0,0.0,0.0,0
3,1.0,0.0,1.0,0.0,0,0.0,-1.0,0.5999999642372131,1.0,1
3,1.0,1.0,0.0,0.0,0,0.0,1.0,0.0,0.0,0
3,1.0,1.0,0.0,0.0,0,0.0,1.0,0.0,0.0,0
3,1.0,0.0,1.0,0.0,0,0.0,-1.0,0.940000057220459,0.2,2
3,1.0,0.0,1.0,0.0,0,0.0,-1.0,0.925000011920929,0.3,1
3,1.0,1.0,0.0,0.0,0,0.0,1.0,0.0,0.0,0
4,1.0,0.0,1.0,0.0,0,0.0,-1.0,0.940000057220459,0.2,3
4,1.0,0.0,1.0,0.0,0,0.0,-1.0,0.875,0.5,1
4,1.0,0.0,1.0,0.0,0,0.0,-1.0,0.8500000238418579,0.5,2
4,1.0,0.0,1.0,0.0,0,0.0,-1.0,0.75,1.0,0
4,1.0,0.0,1.0,0.0,0,0.0,-1.0,0.5999999642372131,1.0,0
4,1.0,1.0,0.0,0.0,0,0.0,1.0,0.0,0.0,0
4,1.0,0.0,1.0,0.0,0,0.0,-1.0,0.9500000476837158,0.2,0
4,1.0,0.0,1.0,0.0,0,0.0,-1.0,0.940000057220459,0.2,3
4,1.0,0.0,1.0,0.0,0,0.0,-1.0,0.5999999642372131,1.0,0
4,1.0,0.0,1.0,0.0,0,0.0,-1.0,0.75,1.0,1
4,1.0,0.0,1.0,0.0,0,0.0,-1.0,0.9500000476837158,0.2,3
4,1.0,0.0,1.0,0.0,0,0.0,-1.0,0.8500000238418579,0.5,0
4,1.0,1.0,0.0,0.0,0,0.0,1.0,0.0,0.0,0
4,1.0,1.0,0.0,0.0,0,0.0,1.0,0.0,0.0,0
4,1.0,1.0,0.0,0.0,0,0.0,1.0,0.0,0.0,0
4,1.0,0.0,1.0,0.0,0,0.0,-1.0,0.9500000476837158,0.2,3
4,1.0,1.0,0.0,0.0,0,0.0,1.0,0.0,0.0,0
4,1.0,0.0,1.0,0.0,0,0.0,-1.0,0.925000011920929,0.3,3
4,1.0,0.0,1.0,0.0,0,0.0,-1.0,0.9500000476837158,0.2,0
4,1.0,0.0,1.0,0.0,0,0.0,-1.0,0.925000011920929,0.3,1
4,1.0,1.0,0.0,0.0,0,0.0,1.0,0.0,0.0,0
4,1.0,0.0,1.0,0.0,0,0.0,-1.0,0.800000011920929,0.8,0
4,1.0,1.0,0.0,0.0,0,0.0,1.0,0.0,0.0,0
4,1.0,0.0,1.0,0.0,0,0.0,-1.0,0.75,1.0,1
4,0.98931736,0.048071835190057755,0.9519281387329102,0.01068263,0,0.0,-0.9391089677810669,0.7019281387329102,1.0,0
4,1.0,0.0,1.0,0.0,0,0.0,-1.000534176826477,0.800000011920929,0.8,0
4,1.0,1.0,0.0,0.0,0,0.0,1.0,0.0,0.0,0
4,1.0,1.0,0.0,0.0,0,0.0,1.0,0.0,0.0,0
4,1.0,0.0,1.0,0.0,0,0.0,-1.0,0.75,1.0,0
4,1.0,0.0,1.0,0.0,0,0.0,-1.0,0.800000011920929,0.8,1
4,1.0,0.0,1.0,0.0,0,0.0,-1.0,0.7999999523162842,0.5,1
4,1.0,1.0,0.0,0.0,0,0.0,1.0,0.0,0.0,0
4,1.0,1.0,0.0,0.0,0,0.0,1.0,0.0,0.0,0
4,1.0,1.0,0.0,0.0,0,0.0,1.0,0.0,0.0,0
4,1.0,0.0,1.0,0.0,0,0.0,-1.0,0.925000011920929,0.3,1
4,1.0,0.0,1.0,0.0,0,0.0,-1.0,0.925000011920929,0.3,1
4,1.0,0.0,1.0,0.0,0,0.0,-1.0,0.9099999666213989,0.3,0
4,1.0,1.0,0.0,0.0,0,0.0,1.0,0.0,0.0,0
4,1.0,0.0,1.0,0.0,0,0.0,-1.0,0.75,1.0,2
4,1.0,0.0,1.0,0.0,0,0.0,-1.0,0.9099999666213989,0.3,0
4,1.0,1.0,0.0,0.0,0,0.0,1.0,0.0,0.0,0
4,1.0,0.0,1.0,0.0,0,0.0,-1.0,0.940000057220459,0.2,2
4,1.0,0.0,1.0,0.0,0,0.0,-1.0,0.9100000262260437,0.2,2
4,1.0,0.0,1.0,0.0,0,0.0,-1.0,0.5999999642372131,1.0,2
4,1.0,0.0,1.0,0.0,0,0.0,-1.0,0.925000011920929,0.3,3
4,1.0,0.0,1.0,0.0,0,0.0,-1.0,0.800000011920929,0.8,2
4,1.0,1.0,0.0,0.0,0,0.0,1.0,0.0,0.0,0
4,1.0,0.0,1.0,0.0,0,0.0,-1.0,0.875,0.5,0
4,1.0,0.0,1.0,0.0,0,0.0,-1.0,0.800000011920929,0.8,0
4,1.0,1.0,0.0,0.0,0,0.0,1.0,0.0,0.0,0
4,1.0,1.0,0.0,0.0,0,0.0,1.0,0.0,0.0,0
4,1.0,0.0,1.0,0.0,0,0.0,-1.0,0.940000057220459,0.2,2
4,1.0,0.0,1.0,0.0,0,0.0,-1.0,0.9200000166893005,0.2,3
4,1.0,0.0,1.0,0.0,0,0.0,-1.0,0.8500000238418579,0.5,0
4,1.0,0.0,1.0,0.0,0,0.0,-1.0,0.940000057220459,0.2,1
4,1.0,0.0,1.0,0.0,0,0.0,-1.0,0.8500000238418579,0.5,1
4,1.0,1.0,0.0,0.0,0,0.0,1.0,0.0,0.0,0
4,1.0,0.0,1.0,0.0,0,0.0,-1.0,0.925000011920929,0.3,1
4,1.0,1.0,0.0,0.0,0,0.0,1.0,0.0,0.0,0
4,1.0,1.0,0.0,0.0,0,0.0,1.0,0.0,0.0,0
4,1.0,0.0,1.0,0.0,0,0.0,-1.0,0.7599999904632568,0.8,2
4,1.0,0.0,1.0,0.0,0,0.0,-1.0,0.7599999904632568,0.8,1
4,1.0,0.0,1.0,0.0,0,0.0,-1.0,0.9200000166893005,0.2,1
4,1.0,0.0,1.0,0.0,0,0.0,-1.0,0.925000011920929,0.3,1
4,0.8757719,0.5590265393257141,0.4409734606742859,0.12422812,1,0.0,-5.291899681091309,0.3509734570980072,0.2,2
4,1.0,1.0,0.0,0.0,0,0.0,0.9937885999679565,0.0,0.0,0
4,1.0,1.0,0.0,0.0,0,0.0,1.0,0.0,0.0,0
4,1.0,1.0,0.0,0.0,0,0.0,1.0,0.0,0.0,0
4,1.0,0.0,1.0,0.0,0,0.0,-1.0,0.6399999856948853,0.8,0
4,1.0,0.0,1.0,0.0,0,0.0,-1.0,0.7999999523162842,0.5,3
4,1.0,0.0,1.0,0.0,0,0.0,-1.0,0.9099999666213989,0.3,1
4,1.0,1.0,0.0,0.0,0,0.0,1.0,0.0,0.0,0
4,1.0,0.0,1.0,0.0,0,0.0,-1.0,0.75,1.0,2
4,1.0,0.0,1.0,0.0,0,0.0,-1.0,0.925000011920929,0.3,1
4,1.0,0.0,1.0,0.0,0,0.0,-1.0,0.7749999761581421,0.5,2
4,1.0,0.0,1.0,0.0,0,0.0,-1.0,0.7999999523162842,0.5,3
4,1.0,1.0,0.0,0.0,0,0.0,1.0,0.0,0.0,0
4,1.0,0.0,1.0,0.0,0,0.0,-1.0,0.925000011920929,0.3,1
4,0.967381,1.0,0.0,0.032619,0,0.0,0.8972501754760742,0.0,0.0,0
4,1.0,0.0,1.0,0.0,0,0.0,-1.000815510749817,0.925000011920929,0.3,1
4,1.0,0.0,1.0,0.0,0,0.0,-1.0,0.9500000476837158,0.2,1
4,1.0,0.0,1.0,0.0,0,0.0,-1.0,0.5999999642372131,1.0,1
4,1.0,0.0,1.0,0.0,0,0.0,-1.0,0.6800000071525574,0.8,1
4,1.0,1.0,0.0,0.0,0,0.0,1.0,0.0,0.0,0
4,1.0,0.0,1.0,0.0,0,0.0,-1.0,0.5999999642372131,1.0,1
4,1.0,0.0,1.0,0.0,0,0.0,-1.0,0.5999999642372131,1.0,3
4,1.0,0.0,1.0,0.0,0,0.0,-1.0,0.800000011920929,0.8,0
4,1.0,1.0,0.0,0.0,0,0.0,1.0,0.0,0.0,0
4,1.0,0.0,1.0,0.0,0,0.0,-1.0,0.8500000238418579,0.5,3
4,1.0,0.0,1.0,0.0,0,0.0,-1.0,0.7999999523162842,0.5,2
4,1.0,0.0,1.0,0.0,0,0.0,-1.0,0.9099999666213989,0.3,0
4,1.0,0.0,1.0,0.0,0,0.0,-1.0,0.7599999904632568,0.8,3
4,1.0,0.0,1.0,0.0,0,0.0,-1.0,0.925000011920929,0.3,1
4,1.0,0.0,1.0,0.0,0,0.0,-1.0,0.925000011920929,0.3,2
4,1.0,1.0,0.0,0.0,0,0.0,1.0,0.0,0.0,0
4,1.0,0.0,1.0,0.0,0,0.0,-1.0,0.9500000476837158,0.2,2
4,1.0,0.0,1.0,0.0,0,0.0,-1.0,0.550000011920929,1.0,1
4,1.0,1.0,0.0,0.0,0,0.0,1.0,0.0,0.0,0
4,1.0,0.0,1.0,0.0,0,0.0,-1.0,0.9099999666213989,0.3,3
4,1.0,0.0,1.0,0.0,0,0.0,-1.0,0.7599999904632568,0.8,3
4,1.0,0.0,1.0,0.0,0,0.0,-1.0,0.7599999904632568,0.8,3
4,1.0,0.0,1.0,0.0,0,0.0,-1.0,0.9200000166893005,0.2,0
4,1.0,0.0,1.0,0.0,0,0.0,-1.0,0.875,0.5,2
4,1.0,0.0,1.0,0.0,0,0.0,-1.0,0.875,0.5,3
4,1.0,0.0,1.0,0.0,0,0.0,-1.0,0.8500000238418579,0.5,0
4,1.0,0.0,1.0,0.0,0,0.0,-1.0,0.5999999642372131,1.0,2
4,1.0,0.0,1.0,0.0,0,0.0,-1.0,0.875,0.5,2
4,1.0,1.0,0.0,0.0,0,0.0,1.0,0.0,0.0,0
4,1.0,0.0,1.0,0.0,0,0.0,-1.0,0.800000011920929,0.8,0
4,1.0,0.0,1.0,0.0,0,0.0,-1.0,0.875,0.5,1
4,1.0,1.0,0.0,0.0,0,0.0,1.0,0.0,0.0,0
4,1.0,0.0,1.0,0.0,0,0.0,-1.0,0.940000057220459,0.2,2
4,1.0,1.0,0.0,0.0,0,0.0,1.0,0.0,0.0,0
4,1.0,0.0,1.0,0.0,0,0.0,-1.0,0.7999999523162842,0.5,2
4,1.0,1.0,0.0,0.0,0,0.0,1.0,0.0,0.0,0
4,1.0,1.0,0.0,0.0,0,0.0,1.0,0.0,0.0,0
4,1.0,0.0,1.0,0.0,0,0.0,-1.0,0.5999999642372131,1.0,3
4,1.0,0.0,1.0,0.0,0,0.0,-1.0,0.7999999523162842,0.5,2
4,1.0,1.0,0.0,0.0,0,0.0,1.0,0.0,0.0,0
4,1.0,0.0,1.0,0.0,0,0.0,-1.0,0.800000011920929,0.8,2
4,1.0,1.0,0.0,0.0,0,0.0,1.0,0.0,0.0,0
4,1.0,0.0,1.0,0.0,0,0.0,-1.0,0.6800000071525574,0.8,2
4,1.0,0.0,1.0,0.0,0,0.0,-1.0,0.925000011920929,0.3,1
4,1.0,1.0,0.0,0.0,0,0.0,1.0,0.0,0.0,0
4,1.0,0.0,1.0,0.0,0,0.0,-1.0,0.940000057220459,0.2,2
4,1.0,0.0,1.0,0.0,0,0.0,-1.0,0.9100000262260437,0.2,2
4,0.9521592,0.21528342366218567,0.7847166061401367,0.047840763,0,0.0,-0.7273077964782715,0.7247166633605957,0.2,2
4,1.0,0.0,1.0,0.0,0,0.0,-1.002392053604126,0.9099999666213989,0.3,3
4,1.0,1.0,0.0,0.0,0,0.0,1.0,0.0,0.0,0
4,1.0,0.0,1.0,0.0,0,0.0,-1.0,0.875,0.5,0
4,1.0,0.0,1.0,0.0,0,0.0,-1.0,0.925000011920929,0.3,3
4,1.0,1.0,0.0,0.0,0,0.0,1.0,0.0,0.0,0
4,1.0,0.0,1.0,0.0,0,0.0,-1.0,0.925000011920929,0.3,2
4,1.0,1.0,0.0,0.0,0,0.0,1.0,0.0,0.0,0
4,1.0,0.0,1.0,0.0,0,0.0,-1.0,0.7999999523162842,0.5,1
4,1.0,0.0,1.0,0.0,0,0.0,-1.0,0.925000011920929,0.3,2
4,1.0,0.0,1.0,0.0,0,0.0,-1.0,0.9500000476837158,0.2,2
4,1.0,1.0,0.0,0.0,0,0.0,1.0,0.0,0.0,0
4,1.0,0.0,1.0,0.0,0,0.0,-1.0,0.9500000476837158,0.2,1
4,1.0,0.0,1.0,0.0,0,0.0,-1.0,0.6800000071525574,0.8,2
4,1.0,1.0,0.0,0.0,0,0.0,1.0,0.0,0.0,0
4,1.0,0.0,1.0,0.0,0,0.0,-1.0,0.7999999523162842,0.5,0
4,1.0,1.0,0.0,0.0,0,0.0,1.0,0.0,0.0,0
4,1.0,0.0,1.0,0.0,0,0.0,-1.0,0.800000011920929,0.8,3
4,1.0,0.0,1.0,0.0,0,0.0,-1.0,0.7999999523162842,0.5,3
4,1.0,0.0,1.0,0.0,0,0.0,-1.0,0.925000011920929,0.3,2
4,0.960896,0.1759679764509201,0.8240320086479187,0.039103996,0,0.0,-0.7771071791648865,0.5990320444107056,0.5,0
4,1.0,0.0,1.0,0.0,0,0.0,-1.0019551515579224,0.925000011920929,0.3,1
4,1.0,0.0,1.0,0.0,0,0.0,-1.0,0.940000057220459,0.2,2
4,1.0,0.0,1.0,0.0,0,0.0,-1.0,0.800000011920929,0.8,0
4,1.0,0.0,1.0,0.0,0,0.0,-1.0,0.875,0.5,1
4,1.0,0.0,1.0,0.0,0,0.0,-1.0,0.75,1.0,0
4,1.0,0.0,1.0,0.0,0,0.0,-1.0,0.7000000476837158,1.0,2
4,0.9040562,0.4317472279071808,0.5682528018951416,0.09594383,1,0.0,-5.453120231628418,0.4432528018951416,0.5,3
4,1.0,0.0,1.0,0.0,0,0.0,-1.0047972202301025,0.9200000166893005,0.2,3
4,1.0,0.0,1.0,0.0,0,0.0,-1.0,0.9099999666213989,0.3,0
4,1.0,0.0,1.0,0.0,0,0.0,-1.0,0.6800000071525574,0.8,3
4,1.0,1.0,0.0,0.0,0,0.0,1.0,0.0,0.0,0
4,1.0,0.0,1.0,0.0,0,0.0,-1.0,0.9099999666213989,0.3,3
4,1.0,0.0,1.0,0.0,0,0.0,-1.0,0.800000011920929,0.8,2
4,1.0,0.0,1.0,0.0,0,0.0,-1.0,0.6399999856948853,0.8,3
4,1.0,0.0,1.0,0.0,0,0.0,-1.0,0.800000011920929,0.8,3
4,1.0,0.0,1.0,0.0,0,0.0,-1.0,0.925000011920929,0.3,3
4,1.0,0.0,1.0,0.0,0,0.0,-1.0,0.5999999642372131,1.0,1
4,1.0,0.0,1.0,0.0,0,0.0,-1.0,0.800000011920929,0.8,1
4,1.0,0.0,1.0,0.0,0,0.0,-1.0,0.6800000071525574,0.8,0
4,1.0,0.0,1.0,0.0,0,0.0,-1.0,0.7749999761581421,0.5,2
4,1.0,0.0,1.0,0.0,0,0.0,-1.0,0.7000000476837158,1.0,3
4,1.0,0.0,1.0,0.0,0,0.0,-1.0,0.75,1.0,2
4,1.0,0.0,1.0,0.0,0,0.0,-1.0,0.7999999523162842,0.5,1
4,1.0,0.0,1.0,0.0,0,0.0,-1.0,0.9099999666213989,0.3,3
4,1.0,0.0,1.0,0.0,0,0.0,-1.0,0.925000011920929,0.3,1
4,1.0,1.0,0.0,0.0,0,0.0,1.0,0.0,0.0,0
4,1.0,1.0,0.0,0.0,0,0.0,1.0,0.0,0.0,0
4,1.0,1.0,0.0,0.0,0,0.0,1.0,0.0,0.0,0
4,1.0,0.0,1.0,0.0,0,0.0,-1.0,0.940000057220459,0.2,1
4,1.0,0.0,1.0,0.0,0,0.0,-1.0,0.7599999904632568,0.8,2
4,1.0,0.0,1.0,0.0,0,0.0,-1.0,0.9500000476837158,0.2,3
4,1.0,0.0,1.0,0.0,0,0.0,-1.0,0.875,0.5,1
4,1.0,0.0,1.0,0.0,0,0.0,-1.0,0.925000011920929,0.3,0
4,1.0,0.0,1.0,0.0,0,0.0,-1.0,0.9500000476837158,0.2,3
4,1.0,0.0,1.0,0.0,0,0.0,-1.0,0.9099999666213989,0.3,1
4,1.0,1.0,0.0,0.0,0,0.0,1.0,0.0,0.0,0
4,1.0,0.0,1.0,0.0,0,0.0,-1.0,0.5999999642372131,1.0,1
4,1.0,1.0,0.0,0.0,0,0.0,1.0,0.0,0.0,0
4,1.0,0.0,1.0,0.0,0,0.0,-1.0,0.9100000262260437,0.2,2
4,1.0,0.0,1.0,0.0,0,0.0,-1.0,0.6800000071525574,0.8,3
4,1.0,0.0,1.0,0.0,0,0.0,-1.0,0.800000011920929,0.8,2
4,1.0,0.0,1.0,0.0,0,0.0,-1.0,0.7999999523162842,0.5,1
4,1.0,0.0,1.0,0.0,0,0.0,-1.0,0.75,1.0,2
4,1.0,0.0,1.0,0.0,0,0.0,-1.0,0.550000011920929,1.0,3
4,1.0,0.0,1.0,0.0,0,0.0,-1.0,0.925000011920929,0.3,1
4,1.0,0.0,1.0,0.0,0,0.0,-1.0,0.7000000476837158,1.0,0
4,1.0,0.0,1.0,0.0,0,0.0,-1.0,0.800000011920929,0.8,3
4,1.0,0.0,1.0,0.0,0,0.0,-1.0,0.7999999523162842,0.5,2
4,1.0,0.0,1.0,0.0,0,0.0,-1.0,0.550000011920929,1.0,0
4,1.0,0.0,1.0,0.0,0,0.0,-1.0,0.8500000238418579,0.5,3
4,1.0,0.0,1.0,0.0,0,0.0,-1.0,0.9500000476837158,0.2,2
4,1.0,0.0,1.0,0.0,0,0.0,-1.0,0.9500000476837158,0.2,3
4,1.0,0.0,1.0,0.0,0,0.0,-1.0,0.800000011920929,0.8,3
4,1.0,0.0,1.0,0.0,0,0.0,-1.0,0.75,1.0,1
4,1.0,0.0,1.0,0.0,0,0.0,-1.0,0.9500000476837158,0.2,3
4,1.0,0.0,1.0,0.0,0,0.0,-1.0,0.7999999523162842,0.5,0
4,1.0,0.0,1.0,0.0,0,0.0,-1.0,0.9500000476837158,0.2,2
4,1.0,0.0,1.0,0.0,0,0.0,-1.0,0.9099999666213989,0.3,1
4,1.0,0.0,1.0,0.0,0,0.0,-1.0,0.875,0.5,0
4,0.927644,0.3256020247936249,0.6743979454040527,0.07235601,1,0.0,-5.587570667266846,0.5943979620933533,0.2,0
4,1.0,1.0,0.0,0.0,0,0.0,0.9963821768760681,0.0,0.0,0
4,1.0,0.0,1.0,0.0,0,0.0,-1.0,0.7599999904632568,0.8,1
4,1.0,0.0,1.0,0.0,0,0.0,-1.0,0.7599999904632568,0.8,0
4,1.0,0.0,1.0,0.0,0,0.0,-1.0,0.9099999666213989,0.3,3
4,1.0,0.0,1.0,0.0,0,0.0,-1.0,0.6800000071525574,0.8,0
4,1.0,0.0,1.0,0.0,0,0.0,-1.0,0.7599999904632568,0.8,2
4,1.0,1.0,0.0,0.0,0,0.0,1.0,0.0,0.0,0
4,1.0,1.0,0.0,0.0,0,0.0,1.0,0.0,0.0,0
4,1.0,0.0,1.0,0.0,0,0.0,-1.0,0.6399999856948853,0.8,0
4,1.0,0.0,1.0,0.0,0,0.0,-1.0,0.5999999642372131,1.0,0
4,1.0,1.0,0.0,0.0,0,0.0,1.0,0.0,0.0,0
4,1.0,0.0,1.0,0.0,0,0.0,-1.0,0.7749999761581421,0.5,3
4,1.0,0.0,1.0,0.0,0,0.0,-1.0,0.925000011920929,0.3,1
4,1.0,0.0,1.0,0.0,0,0.0,-1.0,0.6800000071525574,0.8,0
4,1.0,1.0,0.0,0.0,0,0.0,1.0,0.0,0.0,0
4,1.0,0.0,1.0,0.0,0,0.0,-1.0,0.7749999761581421,0.5,0
4,1.0,0.0,1.0,0.0,0,0.0,-1.0,0.875,0.5,3
4,1.0,0.0,1.0,0.0,0,0.0,-1.0,0.800000011920929,0.8,0
4,1.0,1.0,0.0,0.0,0,0.0,1.0,0.0,0.0,0
4,1.0,0.0,1.0,0.0,0,0.0,-1.0,0.800000011920929,0.8,0
4,1.0,0.0,1.0,0.0,0,0.0,-1.0,0.875,0.5,3
4,1.0,1.0,0.0,0.0,0,0.0,1.0,0.0,0.0,0
4,1.0,0.0,1.0,0.0,0,0.0,-1.0,0.940000057220459,0.2,1
4,1.0,0.0,1.0,0.0,0,0.0,-1.0,0.9200000166893005,0.2,0
4,1.0,1.0,0.0,0.0,0,0.0,1.0,0.0,0.0,0
4,1.0,0.0,1.0,0.0,0,0.0,-1.0,0.7000000476837158,1.0,2
4,1.0,0.0,1.0,0.0,0,0.0,-1.0,0.940000057220459,0.2,3
4,1.0,0.0,1.0,0.0,0,0.0,-1.0,0.9099999666213989,0.3,0
4,1.0,0.0,1.0,0.0,0,0.0,-1.0,0.7000000476837158,1.0,2
4,1.0,1.0,0.0,0.0,0,0.0,1.0,0.0,0.0,0
4,1.0,0.0,1.0,0.0,0,0.0,-1.0,0.7999999523162842,0.5,3
4,1.0,0.0,1.0,0.0,0,0.0,-1.0,0.9099999666213989,0.3,0
4,1.0,0.0,1.0,0.0,0,0.0,-1.0,0.6800000071525574,0.8,3
4,0.9489698,0.22963592410087585,0.7703640460968018,0.051030207,1,0.0,-5.709127902984619,0.6803640127182007,0.3,0
4,1.0,0.0,1.0,0.0,0,0.0,-1.002551555633545,0.800000011920929,0.8,0
4,1.0,0.0,1.0,0.0,0,0.0,-1.0,0.5999999642372131,1.0,0
4,1.0,0.0,1.0,0.0,0,0.0,-1.0,0.75,1.0,2
4,0.9840299,0.07186538726091385,0.928134560585022,0.015970087,0,0.0,-0.9089704155921936,0.8531345725059509,0.3,0
4,1.0,0.0,1.0,0.0,0,0.0,-1.0007984638214111,0.9099999666213989,0.3,0
4,1.0,0.0,1.0,0.0,0,0.0,-1.0,0.7000000476837158,1.0,0
4,1.0,1.0,0.0,0.0,0,0.0,1.0,0.0,0.0,0
4,1.0,0.0,1.0,0.0,0,0.0,-1.0,0.9200000166893005,0.2,2
4,1.0,0.0,1.0,0.0,0,0.0,-1.0,0.550000011920929,1.0,3
4,1.0,0.0,1.0,0.0,0,0.0,-1.0,0.9500000476837158,0.2,0
4,1.0,0.0,1.0,0.0,0,0.0,-1.0,0.9099999666213989,0.3,2
4,1.0,0.0,1.0,0.0,0,0.0,-1.0,0.9500000476837158,0.2,1
4,1.0,1.0,0.0,0.0,0,0.0,1.0,0.0,0.0,0
4,1.0,0.0,1.0,0.0,0,0.0,-1.0,0.75,1.0,2
4,1.0,1.0,0.0,0.0,0,0.0,1.0,0.0,0.0,0
4,1.0,1.0,0.0,0.0,0,0.0,1.0,0.0,0.0,0
4,1.0,0.0,1.0,0.0,0,0.0,-1.0,0.6399999856948853,0.8,2
4,1.0,0.0,1.0,0.0,0,0.0,-1.0,0.75,1.0,2
4,1.0,0.0,1.0,0.0,0,0.0,-1.0,0.9099999666213989,0.3,2
4,1.0,0.0,1.0,0.0,0,0.0,-1.0,0.9500000476837158,0.2,0
4,0.8664082,0.6011630892753601,0.3988369107246399,0.1335918,1,0.0,-5.238526821136475,-0.05116310715675354,1.0,1
4,1.0,0.0,1.0,0.0,0,0.0,-1.0066795349121094,0.6800000071525574,0.8,3
4,1.0,0.0,1.0,0.0,0,0.0,-1.0,0.925000011920929,0.3,1
4,1.0,0.0,1.0,0.0,0,0.0,-1.0,0.925000011920929,0.3,1
4,1.0,0.0,1.0,0.0,0,0.0,-1.0,0.9500000476837158,0.2,0
4,1.0,0.0,1.0,0.0,0,0.0,-1.0,0.7000000476837158,1.0,0
4,1.0,0.0,1.0,0.0,0,0.0,-1.0,0.6399999856948853,0.8,2
4,1.0,0.0,1.0,0.0,0,0.0,-1.0,0.9099999666213989,0.3,0
4,1.0,1.0,0.0,0.0,0,0.0,1.0,0.0,0.0,0
4,1.0,1.0,0.0,0.0,0,0.0,1.0,0.0,0.0,0
4,1.0,0.0,1.0,0.0,0,0.0,-1.0,0.9500000476837158,0.2,3
4,1.0,0.0,1.0,0.0,0,0.0,-1.0,0.75,1.0,1
4,1.0,0.0,1.0,0.0,0,0.0,-1.0,0.5999999642372131,1.0,0
4,1.0,1.0,0.0,0.0,0,0.0,1.0,0.0,0.0,0
4,1.0,0.0,1.0,0.0,0,0.0,-1.0,0.7000000476837158,1.0,1
4,1.0,0.0,1.0,0.0,0,0.0,-1.0,0.9500000476837158,0.2,2
4,1.0,0.0,1.0,0.0,0,0.0,-1.0,0.800000011920929,0.8,2
4,1.0,1.0,0.0,0.0,0,0.0,1.0,0.0,0.0,0
4,1.0,1.0,0.0,0.0,0,0.0,1.0,0.0,0.0,0
4,1.0,0.0,1.0,0.0,0,0.0,-1.0,0.9500000476837158,0.2,2
4,1.0,0.0,1.0,0.0,0,0.0,-1.0,0.925000011920929,0.3,0
4,1.0,1.0,0.0,0.0,0,0.0,1.0,0.0,0.0,0
4,1.0,1.0,0.0,0.0,0,0.0,1.0,0.0,0.0,0
4,1.0,0.0,1.0,0.0,0,0.0,-1.0,0.9200000166893005,0.2,0
4,1.0,0.0,1.0,0.0,0,0.0,-1.0,0.75,1.0,3
4,1.0,0.0,1.0,0.0,0,0.0,-1.0,0.9200000166893005,0.2,2
4,1.0,0.0,1.0,0.0,0,0.0,-1.0,0.940000057220459,0.2,3
4,1.0,0.0,1.0,0.0,0,0.0,-1.0,0.75,1.0,3
4,1.0,0.0,1.0,0.0,0,0.0,-1.0,0.9200000166893005,0.2,0
4,1.0,0.0,1.0,0.0,0,0.0,-1.0,0.9099999666213989,0.3,2
4,1.0,1.0,0.0,0.0,0,0.0,1.0,0.0,0.0,0
4,1.0,0.0,1.0,0.0,0,0.0,-1.0,0.550000011920929,1.0,0
4,1.0,1.0,0.0,0.0,0,0.0,1.0,0.0,0.0,0
4,1.0,1.0,0.0,0.0,0,0.0,1.0,0.0,0.0,0
4,1.0,0.0,1.0,0.0,0,0.0,-1.0,0.940000057220459,0.2,0
4,1.0,0.0,1.0,0.0,0,0.0,-1.0,0.7599999904632568,0.8,1
4,1.0,0.0,1.0,0.0,0,0.0,-1.0,0.75,1.0,0
4,1.0,0.0,1.0,0.0,0,0.0,-1.0,0.925000011920929,0.3,1
4,1.0,0.0,1.0,0.0,0,0.0,-1.0,0.875,0.5,3
4,1.0,0.0,1.0,0.0,0,0.0,-1.0,0.9200000166893005,0.2,3
4,1.0,0.0,1.0,0.0,0,0.0,-1.0,0.9500000476837158,0.2,2
4,1.0,0.0,1.0,0.0,0,0.0,-1.0,0.800000011920929,0.8,2
4,1.0,0.0,1.0,0.0,0,0.0,-1.0,0.6800000071525574,0.8,0
4,1.0,0.0,1.0,0.0,0,0.0,-1.0,0.5999999642372131,1.0,1
4,1.0,0.0,1.0,0.0,0,0.0,-1.0,0.9500000476837158,0.2,2
4,1.0,0.0,1.0,0.0,0,0.0,-1.0,0.925000011920929,0.3,1
4,1.0,1.0,0.0,0.0,0,0.0,1.0,0.0,0.0,0
4,1.0,0.0,1.0,0.0,0,0.0,-1.0,0.9099999666213989,0.3,2
4,1.0,0.0,1.0,0.0,0,0.0,-1.0,0.800000011920929,0.8,2
4,1.0,0.0,1.0,0.0,0,0.0,-1.0,0.940000057220459,0.2,3
4,1.0,0.0,1.0,0.0,0,0.0,-1.0,0.7000000476837158,1.0,3
4,1.0,1.0,0.0,0.0,0,0.0,1.0,0.0,0.0,0
4,1.0,0.0,1.0,0.0,0,0.0,-1.0,0.75,1.0,2
4,1.0,1.0,0.0,0.0,0,0.0,1.0,0.0,0.0,0
4,1.0,0.0,1.0,0.0,0,0.0,-1.0,0.7000000476837158,1.0,0
4,1.0,1.0,0.0,0.0,0,0.0,1.0,0.0,0.0,0
4,1.0,0.0,1.0,0.0,0,0.0,-1.0,0.800000011920929,0.8,3
4,1.0,0.0,1.0,0.0,0,0.0,-1.0,0.925000011920929,0.3,0
4,1.0,0.0,1.0,0.0,0,0.0,-1.0,0.7749999761581421,0.5,2
4,1.0,1.0,0.0,0.0,0,0.0,1.0,0.0,0.0,0
4,1.0,0.0,1.0,0.0,0,0.0,-1.0,0.8500000238418579,0.5,2
4,1.0,0.0,1.0,0.0,0,0.0,-1.0,0.9099999666213989,0.3,3
4,1.0,0.0,1.0,0.0,0,0.0,-1.0,0.925000011920929,0.3,2
4,0.98162854,0.08267158269882202,0.917328417301178,0.018371463,0,0.0,-0.8952826857566833,0.6673283576965332,1.0,1
4,1.0,0.0,1.0,0.0,0,0.0,-1.0009186267852783,0.6399999856948853,0.8,0
4,1.0,0.0,1.0,0.0,0,0.0,-1.0,0.9500000476837158,0.2,3
4,1.0,0.0,1.0,0.0,0,0.0,-1.0,0.5999999642372131,1.0,1
4,1.0,0.0,1.0,0.0,0,0.0,-1.0,0.9500000476837158,0.2,2
4,1.0,0.0,1.0,0.0,0,0.0,-1.0,0.75,1.0,2
4,1.0,1.0,0.0,0.0,0,0.0,1.0,0.0,0.0,0
4,1.0,1.0,0.0,0.0,0,0.0,1.0,0.0,0.0,0
4,1.0,1.0,0.0,0.0,0,0.0,1.0,0.0,0.0,0
4,1.0,1.0,0.0,0.0,0,0.0,1.0,0.0,0.0,0
4,1.0,0.0,1.0,0.0,0,0.0,-1.0,0.800000011920929,0.8,1
4,1.0,0.0,1.0,0.0,0,0.0,-1.0,0.8500000238418579,0.5,0
4,1.0,1.0,0.0,0.0,0,0.0,1.0,0.0,0.0,0
4,1.0,0.0,1.0,0.0,0,0.0,-1.0,0.9099999666213989,0.3,2
4,1.0,1.0,0.0,0.0,0,0.0,1.0,0.0,0.0,0
4,1.0,0.0,1.0,0.0,0,0.0,-1.0,0.5999999642372131,1.0,2
4,1.0,0.0,1.0,0.0,0,0.0,-1.0,0.9500000476837158,0.2,3
4,1.0,0.0,1.0,0.0,0,0.0,-1.0,0.800000011920929,0.8,3
4,1.0,0.0,1.0,0.0,0,0.0,-1.0,0.5999999642372131,1.0,2
4,1.0,0.0,1.0,0.0,0,0.0,-1.0,0.9200000166893005,0.2,0
4,1.0,0.0,1.0,0.0,0,0.0,-1.0,0.5999999642372131,1.0,0
4,1.0,0.0,1.0,0.0,0,0.0,-1.0,0.7599999904632568,0.8,2
4,1.0,0.0,1.0,0.0,0,0.0,-1.0,0.925000011920929,0.3,0
4,1.0,0.0,1.0,0.0,0,0.0,-1.0,0.800000011920929,0.8,2
4,1.0,0.0,1.0,0.0,0,0.0,-1.0,0.7999999523162842,0.5,1
4,1.0,0.0,1.0,0.0,0,0.0,-1.0,0.75,1.0,0
4,1.0,0.0,1.0,0.0,0,0.0,-1.0,0.7599999904632568,0.8,2
4,1.0,0.0,1.0,0.0,0,0.0,-1.0,0.8500000238418579,0.5,1
4,1.0,0.0,1.0,0.0,0,0.0,-1.0,0.800000011920929,0.8,3
4,1.0,0.0,1.0,0.0,0,0.0,-1.0,0.875,0.5,3
4,1.0,0.0,1.0,0.0,0,0.0,-1.0,0.7999999523162842,0.5,3
4,1.0,1.0,0.0,0.0,0,0.0,1.0,0.0,0.0,0
4,1.0,0.0,1.0,0.0,0,0.0,-1.0,0.6399999856948853,0.8,3
4,1.0,1.0,0.0,0.0,0,0.0,1.0,0.0,0.0,0
4,1.0,0.0,1.0,0.0,0,0.0,-1.0,0.925000011920929,0.3,3
4,1.0,1.0,0.0,0.0,0,0.0,1.0,0.0,0.0,0
4,1.0,0.0,1.0,0.0,0,0.0,-1.0,0.9099999666213989,0.3,3
4,1.0,0.0,1.0,0.0,0,0.0,-1.0,0.7000000476837158,1.0,2
4,1.0,0.0,1.0,0.0,0,0.0,-1.0,0.9500000476837158,0.2,2
4,1.0,0.0,1.0,0.0,0,0.0,-1.0,0.875,0.5,0
4,1.0,0.0,1.0,0.0,0,0.0,-1.0,0.8500000238418579,0.5,3
4,1.0,0.0,1.0,0.0,0,0.0,-1.0,0.9099999666213989,0.3,3
4,1.0,0.0,1.0,0.0,0,0.0,-1.0,0.9200000166893005,0.2,3
4,1.0,0.0,1.0,0.0,0,0.0,-1.0,0.9100000262260437,0.2,3
4,1.0,0.0,1.0,0.0,0,0.0,-1.0,0.875,0.5,2
4,1.0,0.0,1.0,0.0,0,0.0,-1.0,0.875,0.5,0
4,1.0,0.0,1.0,0.0,0,0.0,-1.0,0.940000057220459,0.2,3
4,1.0,1.0,0.0,0.0,0,0.0,1.0,0.0,0.0,0
4,1.0,0.0,1.0,0.0,0,0.0,-1.0,0.800000011920929,0.8,2
4,1.0,0.0,1.0,0.0,0,0.0,-1.0,0.9099999666213989,0.3,3
4,1.0,1.0,0.0,0.0,0,0.0,1.0,0.0,0.0,0
4,1.0,0.0,1.0,0.0,0,0.0,-1.0,0.9099999666213989,0.3,2
4,1.0,0.0,1.0,0.0,0,0.0,-1.0,0.7999999523162842,0.5,3
4,1.0,1.0,0.0,0.0,0,0.0,1.0,0.0,0.0,0
4,1.0,0.0,1.0,0.0,0,0.0,-1.0,0.9500000476837158,0.2,0
4,1.0,0.0,1.0,0.0,0,0.0,-1.0,0.925000011920929,0.3,3
4,1.0,0.0,1.0,0.0,0,0.0,-1.0,0.5999999642372131,1.0,1
4,0.9386389,0.2761247158050537,0.7238752841949463,0.061361052,1,0.0,-5.650242328643799,0.40387529134750366,0.8,3
4,1.0,0.0,1.0,0.0,0,0.0,-1.0030680894851685,0.940000057220459,0.2,2
4,1.0,0.0,1.0,0.0,0,0.0,-1.0,0.9099999666213989,0.3,1
4,1.0,0.0,1.0,0.0,0,0.0,-1.0,0.9500000476837158,0.2,3
4,0.9742415,0.11591316014528275,0.8840868473052979,0.02575848,0,0.0,-0.8531767129898071,0.8240869045257568,0.2,1
4,1.0,0.0,1.0,0.0,0,0.0,-1.0012879371643066,0.75,1.0,2
4,1.0,0.0,1.0,0.0,0,0.0,-1.0,0.6399999856948853,0.8,0
4,1.0,0.0,1.0,0.0,0,0.0,-1.0,0.75,1.0,3
4,1.0,1.0,0.0,0.0,0,0.0,1.0,0.0,0.0,0
4,1.0,1.0,0.0,0.0,0,0.0,1.0,0.0,0.0,0
4,1.0,1.0,0.0,0.0,0,0.0,1.0,0.0,0.0,0
4,1.0,0.0,1.0,0.0,0,0.0,-1.0,0.9099999666213989,0.3,2
4,1.0,1.0,0.0,0.0,0,0.0,1.0,0.0,0.0,0
4,1.0,1.0,0.0,0.0,0,0.0,1.0,0.0,0.0,0
4,1.0,1.0,0.0,0.0,0,0.0,1.0,0.0,0.0,0
4,1.0,0.0,1.0,0.0,0,0.0,-1.0,0.75,1.0,2
4,1.0,0.0,1.0,0.0,0,0.0,-1.0,0.6399999856948853,0.8,0
4,1.0,0.0,1.0,0.0,0,0.0,-1.0,0.5999999642372131,1.0,3
4,1.0,1.0,0.0,0.0,0,0.0,1.0,0.0,0.0,0
4,1.0,0.0,1.0,0.0,0,0.0,-1.0,0.800000011920929,0.8,2
4,1.0,0.0,1.0,0.0,0,0.0,-1.0,0.7599999904632568,0.8,3
4,1.0,0.0,1.0,0.0,0,0.0,-1.0,0.875,0.5,1
4,1.0,0.0,1.0,0.0,0,0.0,-1.0,0.875,0.5,3
4,1.0,0.0,1.0,0.0,0,0.0,-1.0,0.75,1.0,2
4,1.0,0.0,1.0,0.0,0,0.0,-1.0,0.7999999523162842,0.5,3
4,1.0,0.0,1.0,0.0,0,0.0,-1.0,0.9200000166893005,0.2,0
4,0.9592023,0.18358980119228363,0.8164101839065552,0.040797736,0,0.0,-0.7674528956413269,0.516410231590271,1.0,0
4,1.0,0.0,1.0,0.0,0,0.0,-1.002039909362793,0.7000000476837158,1.0,2
4,1.0,1.0,0.0,0.0,0,0.0,1.0,0.0,0.0,0
4,1.0,0.0,1.0,0.0,0,0.0,-1.0,0.9500000476837158,0.2,1
4,1.0,1.0,0.0,0.0,0,0.0,1.0,0.0,0.0,0
4,1.0,0.0,1.0,0.0,0,0.0,-1.0,0.5999999642372131,1.0,3
4,1.0,0.0,1.0,0.0,0,0.0,-1.0,0.8500000238418579,0.5,0
4,1.0,1.0,0.0,0.0,0,0.0,1.0,0.0,0.0,0
4,1.0,0.0,1.0,0.0,0,0.0,-1.0,0.940000057220459,0.2,0
4,1.0,0.0,1.0,0.0,0,0.0,-1.0,0.9200000166893005,0.2,0
4,1.0,1.0,0.0,0.0,0,0.0,1.0,0.0,0.0,0
4,1.0,1.0,0.0,0.0,0,0.0,1.0,0.0,0.0,0
4,1.0,1.0,0.0,0.0,0,0.0,1.0,0.0,0.0,0
4,1.0,0.0,1.0,0.0,0,0.0,-1.0,0.7999999523162842,0.5,0
4,1.0,1.0,0.0,0.0,0,0.0,1.0,0.0,0.0,0
4,1.0,0.0,1.0,0.0,0,0.0,-1.0,0.5999999642372131,1.0,1
4,1.0,0.0,1.0,0.0,0,0.0,-1.0,0.940000057220459,0.2,1
4,1.0,0.0,1.0,0.0,0,0.0,-1.0,0.940000057220459,0.2,0
4,1.0,0.0,1.0,0.0,0,0.0,-1.0,0.9500000476837158,0.2,3
4,1.0,0.0,1.0,0.0,0,0.0,-1.0,0.925000011920929,0.3,3
4,1.0,0.0,1.0,0.0,0,0.0,-1.0,0.5999999642372131,1.0,0
4,1.0,0.0,1.0,0.0,0,0.0,-1.0,0.7000000476837158,1.0,3
4,1.0,0.0,1.0,0.0,0,0.0,-1.0,0.7999999523162842,0.5,2
4,1.0,1.0,0.0,0.0,0,0.0,1.0,0.0,0.0,0
4,1.0,1.0,0.0,0.0,0,0.0,1.0,0.0,0.0,0
4,1.0,0.0,1.0,0.0,0,0.0,-1.0,0.940000057220459,0.2,0
4,1.0,1.0,0.0,0.0,0,0.0,1.0,0.0,0.0,0
4,1.0,1.0,0.0,0.0,0,0.0,1.0,0.0,0.0,0
4,1.0,0.0,1.0,0.0,0,0.0,-1.0,0.925000011920929,0.3,0
4,1.0,1.0,0.0,0.0,0,0.0,1.0,0.0,0.0,0
4,1.0,0.0,1.0,0.0,0,0.0,-1.0,0.8500000238418579,0.5,3
4,1.0,0.0,1.0,0.0,0,0.0,-1.0,0.8500000238418579,0.5,0
4,1.0,0.0,1.0,0.0,0,0.0,-1.0,0.550000011920929,1.0,2
4,1.0,0.0,1.0,0.0,0,0.0,-1.0,0.9500000476837158,0.2,1
4,1.0,0.0,1.0,0.0,0,0.0,-1.0,0.7999999523162842,0.5,3
4,1.0,0.0,1.0,0.0,0,0.0,-1.0,0.800000011920929,0.8,0
4,1.0,0.0,1.0,0.0,0,0.0,-1.0,0.940000057220459,0.2,0
4,1.0,1.0,0.0,0.0,0,0.0,1.0,0.0,0.0,0
4,1.0,0.0,1.0,0.0,0,0.0,-1.0,0.9200000166893005,0.2,1
4,1.0,0.0,1.0,0.0,0,0.0,-1.0,0.550000011920929,1.0,2
4,1.0,0.0,1.0,0.0,0,0.0,-1.0,0.875,0.5,3
4,1.0,0.0,1.0,0.0,0,0.0,-1.0,0.75,1.0,3
4,1.0,0.0,1.0,0.0,0,0.0,-1.0,0.75,1.0,1
4,1.0,0.0,1.0,0.0,0,0.0,-1.0,0.925000011920929,0.3,1
4,1.0,0.0,1.0,0.0,0,0.0,-1.0,0.75,1.0,2
4,1.0,0.0,1.0,0.0,0,0.0,-1.0,0.940000057220459,0.2,3
4,1.0,0.0,1.0,0.0,0,0.0,-1.0,0.7749999761581421,0.5,1
4,1.0,1.0,0.0,0.0,0,0.0,1.0,0.0,0.0,0
4,1.0,0.0,1.0,0.0,0,0.0,-1.0,0.6800000071525574,0.8,0
4,1.0,0.0,1.0,0.0,0,0.0,-1.0,0.940000057220459,0.2,0
4,1.0,0.0,1.0,0.0,0,0.0,-1.0,0.925000011920929,0.3,3
4,1.0,0.0,1.0,0.0,0,0.0,-1.0,0.925000011920929,0.3,3
4,1.0,0.0,1.0,0.0,0,0.0,-1.0,0.8500000238418579,0.5,1
4,1.0,0.0,1.0,0.0,0,0.0,-1.0,0.8500000238418579,0.5,3
4,1.0,0.0,1.0,0.0,0,0.0,-1.0,0.875,0.5,1
4,1.0,0.0,1.0,0.0,0,0.0,-1.0,0.925000011920929,0.3,0
4,1.0,1.0,0.0,0.0,0,0.0,1.0,0.0,0.0,0
4,1.0,0.0,1.0,0.0,0,0.0,-1.0,0.7999999523162842,0.5,1
4,1.0,0.0,1.0,0.0,0,0.0,-1.0,0.7999999523162842,0.5,0
4,1.0,0.0,1.0,0.0,0,0.0,-1.0,0.8500000238418579,0.5,0
4,1.0,0.0,1.0,0.0,0,0.0,-1.0,0.925000011920929,0.3,0
4,1.0,0.0,1.0,0.0,0,0.0,-1.0,0.925000011920929,0.3,3
4,1.0,1.0,0.0,0.0,0,0.0,1.0,0.0,0.0,0
4,1.0,1.0,0.0,0.0,0,0.0,1.0,0.0,0.0,0
4,1.0,1.0,0.0,0.0,0,0.0,1.0,0.0,0.0,0
4,1.0,1.0,0.0,0.0,0,0.0,1.0,0.0,0.0,0
4,1.0,1.0,0.0,0.0,0,0.0,1.0,0.0,0.0,0
4,1.0,0.0,1.0,0.0,0,0.0,-1.0,0.9500000476837158,0.2,2
4,1.0,0.0,1.0,0.0,0,0.0,-1.0,0.7000000476837158,1.0,1
4,1.0,1.0,0.0,0.0,0,0.0,1.0,0.0,0.0,0
4,1.0,0.0,1.0,0.0,0,0.0,-1.0,0.800000011920929,0.8,1
4,1.0,0.0,1.0,0.0,0,0.0,-1.0,0.550000011920929,1.0,1
4,1.0,0.0,1.0,0.0,0,0.0,-1.0,0.7599999904632568,0.8,1
4,1.0,0.0,1.0,0.0,0,0.0,-1.0,0.9500000476837158,0.2,2
4,1.0,0.0,1.0,0.0,0,0.0,-1.0,0.9500000476837158,0.2,0
4,1.0,1.0,0.0,0.0,0,0.0,1.0,0.0,0.0,0
4,1.0,0.0,1.0,0.0,0,0.0,-1.0,0.9500000476837158,0.2,0
4,1.0,0.0,1.0,0.0,0,0.0,-1.0,0.875,0.5,0
4,1.0,0.0,1.0,0.0,0,0.0,-1.0,0.9500000476837158,0.2,2
4,1.0,0.0,1.0,0.0,0,0.0,-1.0,0.9099999666213989,0.3,0
4,1.0,0.0,1.0,0.0,0,0.0,-1.0,0.800000011920929,0.8,1
4,1.0,0.0,1.0,0.0,0,0.0,-1.0,0.875,0.5,1
4,1.0,0.0,1.0,0.0,0,0.0,-1.0,0.6800000071525574,0.8,1
4,1.0,1.0,0.0,0.0,0,0.0,1.0,0.0,0.0,0
4,1.0,0.0,1.0,0.0,0,0.0,-1.0,0.7999999523162842,0.5,2
4,1.0,0.0,1.0,0.0,0,0.0,-1.0,0.6399999856948853,0.8,1
4,1.0,1.0,0.0,0.0,0,0.0,1.0,0.0,0.0,0
4,1.0,1.0,0.0,0.0,0,0.0,1.0,0.0,0.0,0
4,1.0,0.0,1.0,0.0,0,0.0,-1.0,0.925000011920929,0.3,0
4,1.0,0.0,1.0,0.0,0,0.0,-1.0,0.9500000476837158,0.2,3
4,1.0,1.0,0.0,0.0,0,0.0,1.0,0.0,0.0,0
4,1.0,0.0,1.0,0.0,0,0.0,-1.0,0.925000011920929,0.3,1
4,1.0,1.0,0.0,0.0,0,0.0,1.0,0.0,0.0,0
